RK,Name,POS,GP,AB,R,H,AVG,2B,3B,HR,RBI,TB,BB,K,SB,OBP,SLG,OPS,WAR,Year
1,Brian McCannATL,C,4,14,2,6,0.429,1,0,1,3,10,1,4,0,0.438,0.714,1.152,-,2010
2,Jason BartlettTB,LF,5,15,0,6,0.4,1,0,0,0,7,1,1,0,0.471,0.467,0.937,-,2010
3,Curtis GrandersonNYY,LF,9,28,3,10,0.357,2,1,1,6,17,8,5,1,0.514,0.607,1.121,-,2010
4,Mitch MorelandTEX,DH,15,46,5,16,0.348,4,0,1,7,23,4,9,0,0.4,0.5,0.9,-,2010
5,Robinson CanoNYY,2B,9,35,8,12,0.343,1,1,4,6,27,1,3,0,0.361,0.771,1.133,-,2010
6,Orlando HudsonMIN,3B,3,12,2,4,0.333,0,0,1,2,7,0,2,0,0.333,0.583,0.917,-,2010
6,Brandon PhillipsCIN,2B,3,12,2,4,0.333,1,0,1,1,8,0,1,0,0.333,0.667,1.0,-,2010
6,Delmon YoungMIN,RF,3,12,1,4,0.333,0,1,0,0,6,1,1,0,0.385,0.5,0.885,-,2010
9,Nelson CruzTEX,DH,16,60,13,19,0.317,7,0,6,11,44,3,17,1,0.349,0.733,1.083,-,2010
10,Denard SpanMIN,LF,3,13,0,4,0.308,0,0,0,0,4,0,0,0,0.308,0.308,0.615,-,2010
11,Ryan HowardPHI,1B,9,33,1,10,0.303,4,0,0,0,14,5,17,0,0.395,0.424,0.819,-,2010
12,Ben ZobristTB,RF,5,20,2,6,0.3,2,0,1,2,11,2,6,0,0.364,0.55,0.914,-,2010
13,Ian KinslerTEX,2B,16,54,7,16,0.296,2,1,3,9,29,8,7,3,0.381,0.537,0.918,-,2010
14,Cody RossSF,RF,15,51,11,15,0.294,5,0,5,10,35,7,11,0,0.39,0.686,1.076,-,2010
14,Elvis AndrusTEX,SS,16,68,8,20,0.294,3,0,0,4,23,5,8,8,0.338,0.338,0.676,-,2010
16,Buster PoseySF,C,15,59,6,17,0.288,3,0,1,5,23,6,18,1,0.354,0.39,0.744,-,2010
17,Carlos PenaTB,1B,4,14,4,4,0.286,1,1,1,4,10,3,7,0,0.412,0.714,1.126,-,2010
18,Andres TorresSF,LF,15,58,6,16,0.276,4,0,1,3,23,3,18,2,0.323,0.397,0.719,-,2010
19,Aubrey HuffSF,1B,15,56,7,15,0.268,2,0,1,8,20,5,10,0,0.339,0.357,0.696,-,2010
20,Jorge PosadaNYY,DH,9,30,3,8,0.267,2,0,0,3,10,2,12,0,0.313,0.333,0.646,-,2010
21,Freddy SanchezSF,2B,15,63,5,16,0.254,4,0,0,3,20,1,8,0,0.277,0.317,0.594,-,2010
22,Michael YoungTEX,3B,16,67,4,17,0.254,3,0,1,7,23,2,15,0,0.275,0.343,0.619,-,2010
23,Derek JeterNYY,SS,9,40,2,10,0.25,3,1,0,2,15,2,10,1,0.286,0.375,0.661,-,2010
23,Joe MauerMIN,1B,3,12,0,3,0.25,0,0,0,0,3,1,3,0,0.308,0.25,0.558,-,2010
23,Jay BruceCIN,LF,3,8,1,2,0.25,0,0,1,1,5,2,0,0,0.4,0.625,1.025,-,2010
26,Raul IbanezPHI,RF,8,31,1,7,0.226,2,0,0,0,9,2,8,0,0.273,0.29,0.563,-,2010
27,Omar InfanteATL,2B,4,18,1,4,0.222,1,0,0,0,5,1,5,0,0.263,0.278,0.541,-,2010
27,Danny ValenciaMIN,3B,3,9,1,2,0.222,1,0,0,2,3,1,3,0,0.273,0.333,0.606,-,2010
29,Vladimir GuerreroTEX,RF,15,59,4,13,0.22,3,0,0,6,16,2,16,0,0.242,0.271,0.513,-,2010
30,Alex RodriguezNYY,DH,9,32,5,7,0.219,2,0,0,3,9,4,6,2,0.316,0.281,0.597,-,2010
31,Shane VictorinoPHI,RF,9,37,5,8,0.216,2,0,0,5,10,3,6,2,0.293,0.27,0.563,-,2010
32,Chase UtleyPHI,2B,9,33,8,7,0.212,1,0,1,5,11,4,4,4,0.325,0.333,0.658,-,2010
33,Placido PolancoPHI,3B,8,29,4,6,0.207,2,0,0,5,8,3,1,1,0.294,0.276,0.57,-,2010
34,Jimmy RollinsPHI,SS,9,34,1,7,0.206,1,0,0,4,8,4,7,2,0.289,0.235,0.525,-,2010
35,Alex GonzalezATL,SS,4,15,1,3,0.2,1,0,0,2,4,0,5,0,0.2,0.267,0.467,-,2010
35,Jayson WerthPHI,LF,9,30,5,6,0.2,1,0,2,6,13,5,12,1,0.324,0.433,0.758,-,2010
35,Evan LongoriaTB,3B,5,20,2,4,0.2,2,0,1,2,9,1,4,0,0.238,0.45,0.688,-,2010
38,Carlos RuizPHI,C,9,26,3,5,0.192,1,0,1,2,9,4,7,0,0.382,0.346,0.729,-,2010
39,B.J. UptonTB,CF,5,21,0,4,0.19,2,0,0,2,6,0,7,2,0.19,0.286,0.476,-,2010
40,Josh HamiltonTEX,LF,16,58,9,11,0.19,1,0,5,9,27,11,13,4,0.319,0.466,0.784,-,2010
41,Brett GardnerNYY,CF,9,27,2,5,0.185,0,0,0,2,5,3,8,2,0.258,0.185,0.443,-,2010
42,Michael CuddyerMIN,LF,3,11,1,2,0.182,1,0,1,2,6,0,4,0,0.182,0.545,0.727,-,2010
43,Nick SwisherNYY,LF,9,34,6,6,0.176,3,0,2,2,15,4,8,0,0.263,0.441,0.704,-,2010
44,Rick AnkielATL,CF,4,12,1,2,0.167,0,0,1,1,5,2,4,0,0.286,0.417,0.702,-,2010
45,Juan UribeSF,3B,14,47,4,7,0.149,0,0,2,9,13,2,14,0,0.196,0.277,0.473,-,2010
46,Mark TeixeiraNYY,1B,7,27,3,4,0.148,1,0,1,3,8,4,6,0,0.258,0.296,0.554,-,2010
47,Pat BurrellSF,LF,14,42,5,6,0.143,3,0,1,4,12,7,22,0,0.265,0.286,0.551,-,2010
47,Carl Demonte CrawfordTB,LF,5,21,1,3,0.143,0,0,1,1,6,0,4,1,0.143,0.286,0.429,-,2010
49,Derrek LeeATL,1B,4,16,2,2,0.125,0,0,0,0,2,1,6,0,0.176,0.125,0.301,-,2010
49,Jason HeywardATL,CF,4,16,0,2,0.125,0,0,0,0,2,1,8,0,0.176,0.125,0.301,-,2010
1,Jimmy RollinsPHI,SS,5,20,6,9,0.45,4,0,0,0,13,1,1,2,0.476,0.65,1.126,-,2011
2,Chase UtleyPHI,2B,5,16,5,7,0.438,2,1,0,1,11,3,3,0,0.571,0.688,1.259,-,2011
2,Paul GoldschmidtARI,1B,4,16,4,7,0.438,0,0,2,6,13,2,5,1,0.526,0.813,1.339,-,2011
4,Jorge PosadaNYY,DH,5,14,4,6,0.429,0,1,0,0,8,4,6,0,0.579,0.571,1.15,-,2011
5,Brett GardnerNYY,CF,5,17,3,7,0.412,1,0,0,5,8,1,4,0,0.444,0.471,0.915,-,2011
6,Ryan BraunMIL,RF,11,42,7,17,0.405,7,0,2,10,30,4,9,1,0.468,0.714,1.182,-,2011
7,David FreeseSTL,1B,18,63,12,25,0.397,8,1,5,21,50,7,14,0,0.465,0.794,1.258,-,2011
8,Chris YoungARI,CF,5,18,5,7,0.389,1,0,3,4,17,2,5,2,0.45,0.944,1.394,-,2011
9,Jerry Hairston Jr.MIL,3B,11,39,8,15,0.385,6,0,0,4,21,4,4,0,0.422,0.538,0.961,-,2011
10,Albert PujolsSTL,DH,18,68,15,24,0.353,8,0,5,16,47,12,11,1,0.463,0.691,1.155,-,2011
11,Ryan RobertsARI,3B,5,20,2,7,0.35,1,0,2,6,14,0,4,0,0.35,0.7,1.05,-,2011
12,Desmond JenningsTB,LF,4,15,3,5,0.333,1,0,2,2,12,3,1,0,0.444,0.8,1.244,-,2011
13,Mike Anthony NapoliTEX,1B,17,58,11,19,0.328,1,0,3,15,29,10,13,1,0.414,0.5,0.914,-,2011
14,Willie BloomquistARI,SS,5,22,3,7,0.318,0,0,0,1,7,1,3,3,0.348,0.318,0.666,-,2011
14,Robinson CanoNYY,2B,5,22,2,7,0.318,2,0,2,9,15,2,4,0,0.375,0.682,1.057,-,2011
16,Shane VictorinoPHI,RF,5,19,2,6,0.316,1,0,0,2,7,0,0,0,0.316,0.368,0.684,-,2011
17,Miguel CabreraDET,DH,11,35,7,11,0.314,4,0,4,10,27,12,11,2,0.489,0.771,1.261,-,2011
18,Lance BerkmanSTL,DH,18,64,17,20,0.313,2,0,2,11,28,9,12,2,0.413,0.438,0.851,-,2011
19,Yuniesky BetancourtMIL,1B,11,42,7,13,0.31,3,1,1,6,21,1,4,0,0.326,0.5,0.826,-,2011
20,Ian KinslerTEX,2B,17,65,10,20,0.308,5,0,1,11,28,14,9,3,0.438,0.431,0.868,-,2011
21,Miguel MonteroARI,C,5,20,3,6,0.3,2,0,0,2,8,2,6,0,0.364,0.4,0.764,-,2011
22,Yadier MolinaSTL,C,18,67,7,20,0.299,5,0,0,12,25,7,11,1,0.36,0.373,0.733,-,2011
23,Matt HollidaySTL,OF,16,51,13,15,0.294,3,0,1,5,21,10,14,0,0.419,0.412,0.831,-,2011
24,Ramon SantiagoDET,SS,10,38,1,11,0.289,2,0,0,2,13,0,7,0,0.289,0.342,0.632,-,2011
25,B.J. UptonTB,CF,4,14,3,4,0.286,3,0,0,0,7,4,6,1,0.444,0.5,0.944,-,2011
26,Aaron HillARI,2B,5,18,3,5,0.278,0,0,1,1,8,5,3,0,0.435,0.444,0.879,-,2011
27,Josh HamiltonTEX,LF,17,70,9,19,0.271,7,0,1,13,29,3,8,0,0.289,0.414,0.704,-,2011
28,Adrian BeltreTEX,3B,17,72,14,19,0.264,5,0,5,9,39,2,19,0,0.303,0.542,0.844,-,2011
29,Derek JeterNYY,SS,5,24,6,6,0.25,1,0,0,2,7,1,8,1,0.28,0.292,0.572,-,2011
29,Victor MartinezDET,DH,11,40,4,10,0.25,0,1,2,5,18,5,6,0,0.348,0.45,0.798,-,2011
29,Casey KotchmanTB,1B,4,16,1,4,0.25,1,0,0,2,5,0,1,0,0.25,0.313,0.563,-,2011
29,Curtis GrandersonNYY,LF,5,20,4,5,0.25,1,1,1,3,11,4,7,0,0.375,0.55,0.925,-,2011
33,Corey HartMIL,1B,10,41,6,10,0.244,0,0,2,5,16,2,8,0,0.273,0.39,0.663,-,2011
34,Prince FielderMIL,DH,11,38,6,9,0.237,4,0,3,6,22,6,9,0,0.37,0.579,0.949,-,2011
35,Johnny DamonTB,LF,4,17,3,4,0.235,0,0,1,3,7,0,4,0,0.235,0.412,0.647,-,2011
35,Delmon YoungDET,RF,9,34,6,8,0.235,0,0,5,6,23,2,7,0,0.278,0.676,0.954,-,2011
35,Ben ZobristTB,RF,4,17,2,4,0.235,0,0,0,0,4,0,4,0,0.278,0.235,0.513,-,2011
35,Elvis AndrusTEX,SS,17,68,10,16,0.235,1,0,0,1,17,7,12,1,0.316,0.25,0.566,-,2011
39,Michael YoungTEX,3B,17,70,7,16,0.229,7,0,2,12,29,3,15,0,0.257,0.414,0.671,-,2011
40,Nelson CruzTEX,DH,17,62,13,14,0.226,2,0,8,16,40,7,14,0,0.314,0.645,0.959,-,2011
41,Jhonny PeraltaDET,3B,11,41,2,9,0.22,3,0,2,3,18,2,8,0,0.273,0.439,0.712,-,2011
42,Nick SwisherNYY,LF,5,19,1,4,0.211,0,0,1,1,7,1,5,0,0.25,0.368,0.618,-,2011
42,Hunter PencePHI,RF,5,19,3,4,0.211,0,0,0,4,4,2,2,0,0.286,0.211,0.496,-,2011
44,Justin UptonARI,DH,5,20,3,4,0.2,0,0,2,3,10,3,6,0,0.304,0.5,0.804,-,2011
44,Matt JoyceTB,RF,4,15,1,3,0.2,1,0,1,4,7,1,5,0,0.25,0.467,0.717,-,2011
46,Austin JacksonDET,CF,11,41,6,8,0.195,2,0,1,4,13,7,19,1,0.327,0.317,0.644,-,2011
47,Rafael FurcalSTL,2B,18,77,8,15,0.195,3,2,1,3,25,4,9,1,0.244,0.325,0.569,-,2011
48,Evan LongoriaTB,3B,4,16,2,3,0.188,0,0,1,3,6,2,8,0,0.278,0.375,0.653,-,2011
49,Jon JaySTL,RF,18,55,8,10,0.182,2,0,0,3,12,6,6,1,0.262,0.218,0.48,-,2011
50,Russell MartinNYY,C,5,17,3,3,0.176,1,0,0,0,4,2,4,0,0.333,0.235,0.569,-,2011
1,David RossATL,C,1,4,1,3,0.75,0,0,1,2,6,0,0,0,0.75,1.5,2.25,-,2012
1,Freddie FreemanATL,1B,1,4,0,3,0.75,1,0,0,0,4,1,1,0,0.8,1.0,1.8,-,2012
3,Ian KinslerTEX,2B,1,3,1,2,0.667,0,0,0,0,2,1,0,0,0.75,0.667,1.417,-,2012
4,Michael YoungTEX,3B,1,4,0,2,0.5,0,0,0,0,2,0,0,0,0.5,0.5,1.0,-,2012
4,Nelson CruzTEX,DH,1,4,0,2,0.5,0,0,0,0,2,0,0,0,0.5,0.5,1.0,-,2012
4,Elvis AndrusTEX,SS,1,4,0,2,0.5,0,0,0,0,2,0,0,0,0.5,0.5,1.0,-,2012
7,Joey VottoCIN,1B,5,18,3,7,0.389,0,0,0,0,7,4,5,0,0.5,0.389,0.889,-,2012
8,Ryan ZimmermanWSH,1B,5,21,3,8,0.381,1,0,2,4,15,0,6,0,0.364,0.714,1.078,-,2012
9,Brandon PhillipsCIN,2B,5,24,1,9,0.375,3,0,1,7,15,0,4,1,0.36,0.625,0.985,-,2012
10,Ian DesmondWSH,CF,5,19,2,7,0.368,1,0,0,0,8,0,3,0,0.368,0.421,0.789,-,2012
11,Pablo SandovalSF,3B,16,66,9,24,0.364,5,0,6,13,47,3,8,0,0.386,0.712,1.098,-,2012
12,Carlos Ivan BeltranSTL,OF,12,42,8,15,0.357,6,0,3,6,30,7,5,3,0.44,0.714,1.154,-,2012
13,Derek JeterNYY,SS,6,27,4,9,0.333,1,1,0,2,12,2,10,0,0.379,0.444,0.824,-,2012
13,Ryan LudwickCIN,LF,5,18,4,6,0.333,0,0,3,4,15,4,5,0,0.455,0.833,1.288,-,2012
15,Marco ScutaroSF,2B,16,64,11,21,0.328,4,0,0,8,25,5,3,0,0.377,0.391,0.767,-,2012
16,Yoenis CespedesOAK,LF,5,19,1,6,0.316,1,0,0,2,7,2,2,2,0.381,0.368,0.749,-,2012
17,Delmon YoungDET,RF,13,48,5,15,0.313,2,0,3,9,26,3,11,0,0.365,0.542,0.907,-,2012
18,Nate McLouthBAL,LF,6,26,3,8,0.308,1,0,1,5,12,1,3,3,0.321,0.462,0.783,-,2012
19,Omar InfanteDET,2B,13,50,9,15,0.3,1,0,0,0,16,2,13,2,0.34,0.32,0.66,-,2012
20,Josh DonaldsonOAK,3B,5,17,1,5,0.294,1,0,0,0,6,1,4,0,0.333,0.353,0.686,-,2012
21,Cliff PenningtonOAK,SS,5,14,1,4,0.286,0,0,0,1,4,3,4,0,0.412,0.286,0.697,-,2012
22,Mark TeixeiraNYY,1B,9,32,2,9,0.281,1,0,0,1,10,8,3,1,0.425,0.313,0.738,-,2012
23,Austin JacksonDET,CF,13,50,9,14,0.28,4,1,1,4,23,7,16,0,0.368,0.46,0.828,-,2012
24,David FreeseSTL,1B,13,47,5,13,0.277,5,0,1,4,21,4,13,0,0.327,0.447,0.774,-,2012
25,Ichiro SuzukiNYY,RF,9,40,3,11,0.275,2,0,1,5,16,2,5,1,0.31,0.4,0.71,-,2012
26,Miguel CabreraDET,DH,13,49,5,13,0.265,3,0,2,8,22,7,7,0,0.368,0.449,0.817,-,2012
26,Yadier MolinaSTL,C,13,49,5,13,0.265,1,0,0,4,14,5,2,0,0.345,0.286,0.631,-,2012
28,Michael MorseWSH,1B,5,19,2,5,0.263,0,0,1,2,8,0,4,0,0.263,0.421,0.684,-,2012
28,Jay BruceCIN,LF,5,19,2,5,0.263,2,0,1,4,10,2,2,0,0.364,0.526,0.89,-,2012
30,Jhonny PeraltaDET,3B,13,50,5,13,0.26,1,0,3,5,23,2,9,1,0.288,0.46,0.748,-,2012
31,Scott RolenCIN,3B,4,16,1,4,0.25,0,0,0,1,4,1,4,0,0.294,0.25,0.544,-,2012
31,Andrelton SimmonsATL,SS,1,4,0,1,0.25,0,0,0,0,1,0,0,0,0.25,0.25,0.5,-,2012
33,Jayson WerthWSH,LF,5,21,3,5,0.238,1,0,1,1,9,3,6,0,0.333,0.429,0.762,-,2012
33,Zack CozartCIN,3B,5,21,2,5,0.238,0,0,0,0,5,2,5,0,0.333,0.238,0.571,-,2012
35,Gregor BlancoSF,LF,16,51,10,12,0.235,2,2,1,5,21,7,14,0,0.339,0.412,0.751,-,2012
35,Kurt SuzukiWSH,C,5,17,0,4,0.235,0,0,0,2,4,2,4,0,0.316,0.235,0.551,-,2012
37,Allen CraigSTL,1B,13,47,4,11,0.234,4,0,1,6,18,5,12,0,0.315,0.383,0.698,-,2012
37,Daniel DescalsoSTL,2B,13,47,9,11,0.234,2,0,2,6,19,2,12,2,0.26,0.404,0.664,-,2012
39,Andy DirksDET,LF,13,44,0,10,0.227,2,0,0,1,12,2,7,1,0.261,0.273,0.534,-,2012
40,Matt HollidaySTL,OF,12,49,5,11,0.224,1,0,1,7,15,2,10,1,0.296,0.306,0.602,-,2012
41,Brandon CrawfordSF,SS,16,46,3,10,0.217,1,1,0,7,13,7,12,1,0.321,0.283,0.603,-,2012
42,Pete KozmaSTL,SS,13,42,8,9,0.214,2,0,1,7,14,8,14,1,0.353,0.333,0.686,-,2012
43,Stephen DrewOAK,SS,5,19,0,4,0.211,2,0,0,1,6,2,7,0,0.286,0.316,0.602,-,2012
43,Drew StubbsCIN,CF,5,19,4,4,0.211,1,1,0,1,7,0,3,0,0.211,0.368,0.579,-,2012
45,Hunter PenceSF,RF,16,62,7,13,0.21,2,0,1,4,18,2,17,2,0.231,0.29,0.521,-,2012
46,Chris DavisBAL,1B,6,24,1,5,0.208,0,0,0,2,5,1,9,0,0.269,0.208,0.478,-,2012
47,Chipper JonesATL,3B,1,5,0,1,0.2,0,0,0,0,1,0,1,0,0.2,0.2,0.4,-,2012
47,Martin PradoATL,1B,1,5,0,1,0.2,0,0,0,0,1,0,1,0,0.2,0.2,0.4,-,2012
47,Michael BournATL,CF,1,5,0,1,0.2,0,0,0,1,1,0,2,0,0.2,0.2,0.4,-,2012
47,Ryan Michael HaniganCIN,C,4,15,3,3,0.2,0,0,0,3,3,0,3,0,0.25,0.2,0.45,-,2012
1,Ryan LudwickCIN,LF,1,4,0,3,0.75,2,0,0,0,5,0,0,0,0.75,1.25,2.0,-,2013
1,Lonnie ChisenhallCLE,RF,1,4,0,3,0.75,0,0,0,0,3,0,1,0,0.75,0.75,1.5,-,2013
3,Carlos SantanaCLE,1B,1,4,0,2,0.5,1,0,0,0,3,0,1,0,0.5,0.75,1.25,-,2013
3,Yan GomesCLE,C,1,4,0,2,0.5,1,0,0,0,3,0,0,0,0.5,0.75,1.25,-,2013
5,Chris JohnsonATL,3B,4,16,1,7,0.438,0,0,0,5,7,0,5,0,0.438,0.438,0.875,-,2013
6,Yunel EscobarTB,3B,5,19,3,8,0.421,2,0,0,2,10,0,1,0,0.421,0.526,0.947,-,2013
7,Victor MartinezDET,DH,11,42,9,17,0.405,4,0,1,5,24,1,3,0,0.432,0.571,1.003,-,2013
8,Coco CrispOAK,LF,5,18,4,7,0.389,2,1,0,2,11,3,2,1,0.455,0.611,1.066,-,2013
9,Yoenis CespedesOAK,LF,5,21,3,8,0.381,1,1,1,4,14,0,4,0,0.409,0.667,1.076,-,2013
10,James LoneyTB,1B,5,16,1,6,0.375,2,0,0,2,8,2,3,0,0.474,0.5,0.974,-,2013
11,Marlon ByrdPIT,RF,6,22,4,8,0.364,2,0,1,5,13,1,6,0,0.391,0.591,0.982,-,2013
12,Evan GattisATL,C,4,14,3,5,0.357,0,0,0,1,5,2,3,0,0.438,0.357,0.795,-,2013
13,David OrtizBOS,DH,16,51,12,18,0.353,3,0,5,13,36,16,7,0,0.5,0.706,1.206,-,2013
14,Jacoby EllsburyBOS,CF,16,64,14,22,0.344,4,1,0,6,28,7,14,6,0.408,0.438,0.846,-,2013
15,Ryan RaburnCLE,LF,1,3,0,1,0.333,1,0,0,0,2,1,2,0,0.5,0.667,1.167,-,2013
15,Shin-Soo ChooCIN,LF,1,3,2,1,0.333,0,0,1,1,4,0,1,0,0.5,1.333,1.833,-,2013
15,Andrew McCutchenPIT,DH,6,21,3,7,0.333,1,0,0,0,8,5,3,0,0.462,0.381,0.842,-,2013
15,Yasiel PuigLAD,RF,10,39,6,13,0.333,1,1,0,4,16,1,14,0,0.366,0.41,0.776,-,2013
19,Hanley RamirezLAD,SS,9,31,5,10,0.323,4,1,1,7,19,5,7,1,0.432,0.613,1.045,-,2013
19,A.J. EllisLAD,C,10,31,3,10,0.323,4,1,1,3,19,3,6,0,0.4,0.613,1.013,-,2013
21,Adrian GonzalezLAD,1B,10,38,7,12,0.316,2,0,3,7,23,3,7,0,0.366,0.605,0.971,-,2013
22,Seth SmithOAK,RF,4,16,1,5,0.313,0,0,1,2,8,1,5,0,0.353,0.5,0.853,-,2013
22,Freddie FreemanATL,1B,4,16,4,5,0.313,1,0,0,0,6,1,4,0,0.353,0.375,0.728,-,2013
22,Desmond JenningsTB,LF,5,16,1,5,0.313,1,0,0,2,6,2,3,1,0.389,0.375,0.764,-,2013
25,Carl Demonte CrawfordLAD,LF,10,42,8,13,0.31,1,0,4,6,26,3,9,1,0.356,0.619,0.975,-,2013
26,Pedro AlvarezPIT,1B,6,20,4,6,0.3,1,0,3,7,16,2,7,0,0.348,0.8,1.148,-,2013
27,Russell MartinPIT,C,6,17,2,5,0.294,0,0,2,6,11,3,5,0,0.364,0.647,1.011,-,2013
28,Justin MorneauPIT,DH,6,24,4,7,0.292,1,0,0,0,8,1,2,0,0.32,0.333,0.653,-,2013
29,Yadier MolinaSTL,C,17,62,4,17,0.274,2,0,1,4,22,7,10,0,0.348,0.355,0.703,-,2013
30,Carlos Ivan BeltranSTL,OF,17,56,6,15,0.268,3,1,2,15,26,10,6,0,0.388,0.464,0.852,-,2013
31,Miguel CabreraDET,DH,11,42,4,11,0.262,0,0,2,7,17,3,9,1,0.311,0.405,0.716,-,2013
32,Mark EllisLAD,2B,10,40,5,10,0.25,3,1,0,1,15,3,9,1,0.302,0.375,0.677,-,2013
32,Jay BruceCIN,LF,1,4,0,1,0.25,0,0,0,1,1,0,2,0,0.25,0.25,0.5,-,2013
32,Todd FrazierCIN,3B,1,4,0,1,0.25,1,0,0,0,2,0,1,0,0.25,0.5,0.75,-,2013
32,Michael BrantleyCLE,DH,1,4,0,1,0.25,0,0,0,0,1,0,0,0,0.25,0.25,0.5,-,2013
32,Andrelton SimmonsATL,SS,4,12,0,3,0.25,1,0,0,2,4,2,3,0,0.357,0.333,0.69,-,2013
37,Matt HollidaySTL,OF,17,69,10,17,0.246,4,1,4,10,35,2,11,0,0.268,0.507,0.775,-,2013
38,Dustin PedroiaBOS,2B,16,63,8,15,0.238,4,0,0,7,19,5,13,1,0.286,0.302,0.587,-,2013
39,Josh ReddickOAK,RF,5,17,1,4,0.235,1,0,1,1,8,2,5,0,0.316,0.471,0.786,-,2013
40,Juan UribeLAD,3B,10,39,4,9,0.231,1,0,2,7,16,0,11,0,0.231,0.41,0.641,-,2013
40,David DeJesusTB,LF,5,13,2,3,0.231,1,0,0,1,4,1,6,0,0.375,0.308,0.683,-,2013
42,Prince FielderDET,DH,11,40,3,9,0.225,1,0,0,0,10,3,7,0,0.311,0.25,0.561,-,2013
43,Matt AdamsSTL,1B,17,63,5,14,0.222,3,0,1,4,20,3,19,0,0.269,0.317,0.586,-,2013
44,Mike Anthony NapoliBOS,1B,15,46,5,10,0.217,4,0,2,7,20,6,21,0,0.308,0.435,0.742,-,2013
44,Matt CarpenterSTL,3B,17,69,8,15,0.217,3,1,0,4,20,4,17,1,0.263,0.29,0.553,-,2013
46,Shane VictorinoBOS,RF,14,51,6,11,0.216,2,0,1,12,16,2,14,2,0.333,0.314,0.647,-,2013
47,Austin JacksonDET,CF,11,42,3,9,0.214,1,0,0,3,10,5,18,1,0.298,0.238,0.536,-,2013
48,Omar InfanteDET,2B,11,39,1,8,0.205,2,0,0,3,10,3,6,0,0.262,0.256,0.518,-,2013
49,Torii HunterDET,RF,11,45,5,9,0.2,2,0,0,2,11,2,11,0,0.25,0.244,0.494,-,2013
50,Jon JaySTL,RF,17,52,6,10,0.192,0,0,0,3,10,7,9,2,0.283,0.192,0.476,-,2013
1,A.J. EllisLAD,C,4,13,4,7,0.538,1,0,1,2,11,4,1,0,0.647,0.846,1.493,-,2014
2,Josh ReddickOAK,RF,1,4,2,2,0.5,0,0,0,0,2,2,0,0,0.667,0.5,1.167,-,2014
2,Josh HarrisonPIT,2B,1,4,0,2,0.5,0,0,0,0,2,0,1,0,0.5,0.5,1.0,-,2014
4,Jon JaySTL,RF,9,29,3,14,0.483,1,0,0,2,15,3,3,0,0.571,0.517,1.089,-,2014
5,Erick AybarLAA,SS,3,11,0,5,0.455,1,0,0,0,6,0,1,1,0.455,0.545,1.0,-,2014
6,Hanley RamirezLAD,SS,4,14,2,6,0.429,1,0,0,2,7,1,0,1,0.5,0.5,1.0,-,2014
7,Brandon MossOAK,RF,1,5,2,2,0.4,0,0,2,5,8,1,2,0,0.5,1.6,2.1,-,2014
7,Sam FuldOAK,LF,1,5,1,2,0.4,0,0,0,0,2,1,1,0,0.5,0.4,0.9,-,2014
7,Josh DonaldsonOAK,3B,1,5,1,2,0.4,0,0,0,0,2,1,2,0,0.5,0.4,0.9,-,2014
10,Anthony RendonWSH,3B,4,19,0,7,0.368,0,0,0,1,7,1,2,1,0.4,0.368,0.768,-,2014
11,Pablo SandovalSF,3B,17,71,12,26,0.366,7,0,0,5,33,5,11,0,0.423,0.465,0.888,-,2014
12,Miguel CabreraDET,DH,3,11,2,4,0.364,1,0,1,1,8,1,2,0,0.417,0.727,1.144,-,2014
13,Nelson CruzBAL,DH,7,28,5,10,0.357,1,0,2,7,17,2,5,0,0.4,0.607,1.007,-,2014
14,Matt KempLAD,LF,4,17,1,6,0.353,0,0,1,2,9,0,3,0,0.353,0.529,0.882,-,2014
15,Eric HosmerKC,1B,15,57,8,20,0.351,3,1,2,12,31,9,16,0,0.439,0.544,0.983,-,2014
16,Victor MartinezDET,DH,3,12,3,4,0.333,2,0,1,3,9,0,4,0,0.333,0.75,1.083,-,2014
16,Coco CrispOAK,LF,1,6,1,2,0.333,0,0,0,1,2,0,3,0,0.333,0.333,0.667,-,2014
16,Hunter PenceSF,RF,17,66,12,22,0.333,6,0,1,8,31,8,9,2,0.405,0.47,0.875,-,2014
16,Alejandro De AzaBAL,CF,6,21,4,7,0.333,3,0,0,3,10,1,1,0,0.391,0.476,0.867,-,2014
16,Lorenzo CainKC,CF,15,60,13,20,0.333,5,0,0,8,25,5,9,2,0.388,0.417,0.805,-,2014
16,Kole CalhounLAA,RF,3,15,1,5,0.333,0,0,0,0,5,0,1,0,0.333,0.333,0.667,-,2014
22,Brandon BeltSF,1B,17,61,6,18,0.295,1,0,1,8,22,11,17,0,0.397,0.361,0.758,-,2014
23,Carl Demonte CrawfordLAD,LF,4,17,2,5,0.294,1,0,0,1,6,0,7,0,0.294,0.353,0.647,-,2014
23,Bryce HarperWSH,DH,4,17,4,5,0.294,1,0,3,4,15,2,3,0,0.368,0.882,1.251,-,2014
25,Alcides EscobarKC,SS,15,65,8,19,0.292,5,0,1,5,27,1,11,1,0.303,0.415,0.718,-,2014
26,Ryan FlahertyBAL,2B,7,21,4,6,0.286,0,0,1,4,9,4,7,0,0.4,0.429,0.829,-,2014
27,Matt CarpenterSTL,3B,9,36,6,10,0.278,4,0,4,8,26,3,12,0,0.333,0.722,1.056,-,2014
28,Billy ButlerKC,DH,13,42,3,11,0.262,3,0,0,8,14,5,5,1,0.327,0.333,0.66,-,2014
29,Nick MarkakisBAL,LF,7,31,4,8,0.258,1,0,1,3,12,1,3,1,0.281,0.387,0.668,-,2014
30,Omar InfanteKC,2B,15,51,5,13,0.255,3,0,1,6,19,5,15,0,0.31,0.373,0.683,-,2014
31,Russell MartinPIT,C,1,4,0,1,0.25,0,0,0,0,1,0,0,0,0.25,0.25,0.5,-,2014
31,Eric SogardOAK,3B,1,4,0,1,0.25,0,0,0,0,1,0,2,0,0.25,0.25,0.5,-,2014
31,Starling MartePIT,RF,1,4,0,1,0.25,0,0,0,0,1,0,1,0,0.25,0.25,0.5,-,2014
31,J.D. MartinezDET,DH,3,12,2,3,0.25,1,0,2,5,10,0,4,0,0.25,0.833,1.083,-,2014
31,Yasiel PuigLAD,RF,4,12,4,3,0.25,0,1,0,1,5,1,8,0,0.357,0.417,0.774,-,2014
36,Buster PoseySF,C,17,69,5,17,0.246,0,0,0,7,17,6,7,0,0.312,0.246,0.558,-,2014
37,Brandon CrawfordSF,SS,17,61,7,15,0.246,2,0,1,9,20,7,15,0,0.314,0.328,0.642,-,2014
38,Matt HollidaySTL,OF,9,37,5,9,0.243,1,0,1,3,13,1,6,0,0.263,0.351,0.615,-,2014
39,Kolten WongSTL,2B,8,29,4,7,0.241,3,1,3,6,21,1,5,1,0.267,0.724,0.991,-,2014
40,J.J. HardyBAL,SS,7,25,3,6,0.24,1,0,1,3,10,3,5,0,0.321,0.4,0.721,-,2014
41,Matt AdamsSTL,1B,9,30,5,7,0.233,0,0,3,7,16,5,5,0,0.343,0.533,0.876,-,2014
42,Joe PanikSF,2B,17,73,7,17,0.233,2,2,1,8,26,4,6,0,0.273,0.356,0.629,-,2014
43,Mike MoustakasKC,DH,15,52,9,12,0.231,2,0,5,7,29,2,9,0,0.259,0.558,0.817,-,2014
44,Adam JonesBAL,RF,7,27,6,6,0.222,0,0,1,3,9,3,8,1,0.323,0.333,0.656,-,2014
45,Salvador PerezKC,C,15,58,4,12,0.207,1,0,1,6,16,1,10,0,0.233,0.276,0.509,-,2014
46,Alex GordonKC,LF,15,54,7,11,0.204,6,0,1,11,20,6,16,4,0.317,0.37,0.688,-,2014
47,Torii HunterDET,RF,3,10,2,2,0.2,0,0,0,0,2,2,2,0,0.333,0.2,0.533,-,2014
47,Asdrubal CabreraWSH,3B,4,15,2,3,0.2,1,0,1,2,7,0,5,0,0.2,0.467,0.667,-,2014
47,Derek NorrisOAK,C,1,5,1,1,0.2,0,0,0,1,1,0,2,0,0.2,0.2,0.4,-,2014
50,Norichika AokiKC,RF,14,41,7,8,0.195,0,0,0,3,8,5,3,1,0.292,0.195,0.487,-,2014
1,Justin TurnerLAD,3B,5,19,2,10,0.526,6,0,0,4,16,1,3,1,0.55,0.842,1.392,-,2015
2,Andrew McCutchenPIT,DH,1,4,0,2,0.5,0,0,0,0,2,0,0,0,0.5,0.5,1.0,-,2015
3,Colby RasmusHOU,LF,6,17,4,7,0.412,1,0,4,6,20,7,7,1,0.583,1.176,1.76,-,2015
4,Stephen PiscottySTL,RF,4,16,5,6,0.375,1,0,3,6,16,2,8,0,0.444,1.0,1.444,-,2015
5,Jason HeywardSTL,CF,4,14,2,5,0.357,1,0,1,2,9,2,2,0,0.438,0.643,1.08,-,2015
6,Francisco CervelliPIT,C,1,3,0,1,0.333,0,0,0,0,1,0,0,0,0.5,0.333,0.833,-,2015
6,Kyle SchwarberCHC,LF,9,27,6,9,0.333,0,0,5,8,24,4,8,0,0.419,0.889,1.308,-,2015
8,Alcides EscobarKC,SS,16,70,13,23,0.329,4,3,1,9,36,0,10,1,0.347,0.514,0.861,-,2015
9,Daniel MurphyNYM,1B,14,58,13,19,0.328,2,0,7,11,42,6,13,1,0.391,0.724,1.115,-,2015
10,Adrian GonzalezLAD,1B,5,19,4,6,0.316,1,0,1,5,10,2,9,0,0.381,0.526,0.907,-,2015
11,Ben ZobristKC,RF,16,66,15,20,0.303,8,0,2,6,34,7,6,1,0.365,0.515,0.88,-,2015
12,Chris CarterHOU,1B,6,17,3,5,0.294,1,0,1,1,9,3,7,0,0.4,0.529,0.929,-,2015
13,Jose BautistaTOR,RF,11,41,7,12,0.293,3,0,4,11,27,8,7,0,0.408,0.659,1.067,-,2015
14,Delino DeShieldsTEX,CF,5,24,4,7,0.292,3,0,0,2,10,0,2,1,0.292,0.417,0.708,-,2015
14,Carlos CorreaHOU,SS,6,24,2,7,0.292,1,0,2,4,14,0,6,0,0.32,0.583,0.903,-,2015
16,Kevin PillarTOR,LF,11,42,6,12,0.286,5,0,1,6,20,3,8,2,0.333,0.476,0.81,-,2015
17,Curtis GrandersonNYM,LF,14,53,10,15,0.283,2,0,3,12,26,9,7,4,0.375,0.491,0.866,-,2015
18,Chris ColabelloTOR,1B,10,39,5,11,0.282,3,0,2,3,20,2,9,0,0.317,0.513,0.83,-,2015
19,Dexter FowlerCHC,RF,9,36,6,10,0.278,2,0,2,3,18,2,6,1,0.316,0.5,0.816,-,2015
19,Rougned OdorTEX,2B,5,18,7,5,0.278,1,0,1,2,9,1,4,0,0.381,0.5,0.881,-,2015
21,Edwin EncarnacionTOR,DH,11,40,5,11,0.275,2,0,1,5,16,7,8,0,0.383,0.4,0.783,-,2015
22,Howie KendrickLAD,DH,5,22,4,6,0.273,1,0,1,4,10,0,2,0,0.273,0.455,0.727,-,2015
23,Alex RiosKC,RF,16,48,6,13,0.271,2,0,1,6,18,3,10,1,0.314,0.375,0.689,-,2015
24,Salvador PerezKC,C,16,58,10,15,0.259,3,0,4,8,30,4,9,0,0.328,0.517,0.845,-,2015
25,Lorenzo CainKC,CF,16,62,11,16,0.258,2,0,1,11,21,11,14,6,0.365,0.339,0.704,-,2015
26,Ben RevereTOR,LF,11,47,7,12,0.255,1,0,0,1,13,4,7,2,0.314,0.277,0.59,-,2015
27,Kendrys MoralesKC,DH,16,51,5,13,0.255,0,0,4,10,25,4,12,0,0.304,0.49,0.794,-,2015
28,Carlos Ivan BeltranNYY,OF,1,4,0,1,0.25,0,0,0,0,1,0,2,0,0.25,0.25,0.5,-,2015
28,Andre EthierLAD,RF,5,16,1,4,0.25,1,0,0,2,5,2,4,0,0.333,0.313,0.646,-,2015
30,Josh DonaldsonTOR,3B,11,41,9,10,0.244,3,0,3,8,22,6,10,1,0.354,0.537,0.891,-,2015
31,Alex GordonKC,LF,16,54,10,13,0.241,4,0,2,6,23,8,14,0,0.349,0.426,0.775,-,2015
32,Shin-Soo ChooTEX,LF,5,21,4,5,0.238,0,0,1,2,8,1,6,0,0.273,0.381,0.654,-,2015
33,Matt CarpenterSTL,3B,4,17,3,4,0.235,0,0,1,1,7,1,5,0,0.278,0.412,0.69,-,2015
34,Lucas DudaNYM,1B,14,47,3,11,0.234,2,0,1,8,16,5,20,0,0.302,0.34,0.642,-,2015
35,Yoenis CespedesNYM,LF,14,54,7,12,0.222,1,0,2,8,19,1,17,1,0.232,0.352,0.584,-,2015
36,George SpringerHOU,CF,6,23,5,5,0.217,2,0,1,3,10,3,11,0,0.308,0.435,0.742,-,2015
37,Mike MoustakasKC,DH,16,65,5,14,0.215,1,0,1,8,18,3,8,0,0.257,0.277,0.534,-,2015
38,Eric HosmerKC,1B,16,66,10,14,0.212,2,0,1,17,19,3,17,1,0.236,0.288,0.524,-,2015
39,Troy TulowitzkiTOR,SS,11,44,5,9,0.205,2,0,2,11,17,2,14,0,0.239,0.386,0.625,-,2015
40,Wilmer FloresNYM,2B,13,41,4,8,0.195,2,1,0,0,12,5,9,1,0.298,0.293,0.591,-,2015
41,Anthony RizzoCHC,1B,9,32,4,6,0.188,0,0,2,2,12,2,8,0,0.257,0.375,0.632,-,2015
41,Corey SeagerLAD,SS,5,16,2,3,0.188,1,0,0,0,4,1,8,0,0.235,0.25,0.485,-,2015
43,David WrightNYM,3B,14,54,7,10,0.185,2,0,1,7,15,10,20,1,0.313,0.278,0.59,-,2015
44,Elvis AndrusTEX,SS,5,22,1,4,0.182,0,0,0,1,4,0,4,0,0.182,0.182,0.364,-,2015
44,Travis d'ArnaudNYM,C,14,55,5,10,0.182,1,0,3,7,20,0,17,0,0.193,0.364,0.557,-,2015
46,Luis ValbuenaHOU,3B,6,17,2,3,0.176,0,0,1,2,6,4,8,0,0.333,0.353,0.686,-,2015
46,Starlin CastroCHC,3B,9,34,2,6,0.176,1,0,1,2,10,1,1,0,0.2,0.294,0.494,-,2015
46,Kris BryantCHC,LF,9,34,2,6,0.176,1,1,2,5,15,3,12,0,0.243,0.441,0.684,-,2015
49,Evan GattisHOU,C,6,23,1,4,0.174,0,0,0,1,4,0,6,0,0.174,0.174,0.348,-,2015
50,Josh HamiltonTEX,LF,5,18,0,3,0.167,1,0,0,0,4,1,5,0,0.211,0.222,0.433,-,2015
1,Joe PanikSF,2B,4,13,3,6,0.462,2,0,0,2,8,3,4,0,0.529,0.615,1.145,-,2016
2,Daniel MurphyWSH,1B,5,16,3,7,0.438,0,0,0,6,7,5,1,2,0.545,0.438,0.983,-,2016
3,Conor GillaspieSF,3B,5,19,3,8,0.421,0,1,1,6,13,0,5,0,0.421,0.684,1.105,-,2016
4,Josh DonaldsonTOR,3B,9,36,6,15,0.417,6,0,1,5,24,3,7,0,0.462,0.667,1.128,-,2016
5,Brock HoltBOS,3B,3,10,1,4,0.4,1,0,1,1,8,0,2,0,0.4,0.8,1.2,-,2016
6,Jayson WerthWSH,LF,5,18,4,7,0.389,2,0,1,3,12,4,9,1,0.522,0.667,1.188,-,2016
7,Elvis AndrusTEX,SS,3,11,2,4,0.364,0,1,1,1,9,0,0,0,0.364,0.818,1.182,-,2016
8,Ryan ZimmermanWSH,1B,5,17,1,6,0.353,2,0,0,2,8,3,3,0,0.45,0.471,0.921,-,2016
9,Asdrubal CabreraNYM,3B,1,3,0,1,0.333,0,0,0,0,1,1,0,0,0.5,0.333,0.833,-,2016
10,Trea TurnerWSH,SS,5,22,5,7,0.318,0,0,0,1,7,1,11,2,0.333,0.318,0.652,-,2016
11,Francisco LindorCLE,SS,15,58,5,18,0.31,3,0,2,6,27,4,16,1,0.355,0.466,0.82,-,2016
12,Kris BryantCHC,LF,17,65,11,20,0.308,5,0,3,8,34,9,21,1,0.4,0.523,0.923,-,2016
13,Ezequiel CarreraTOR,LF,9,33,6,10,0.303,0,2,1,3,17,2,8,1,0.343,0.515,0.858,-,2016
14,Edwin EncarnacionTOR,DH,9,35,5,10,0.286,1,0,3,9,20,4,5,0,0.359,0.571,0.93,-,2016
14,Justin TurnerLAD,3B,11,35,6,10,0.286,0,1,2,8,18,7,5,1,0.457,0.514,0.971,-,2016
16,Buster PoseySF,C,5,18,1,5,0.278,1,0,0,2,6,3,1,0,0.364,0.333,0.697,-,2016
17,Anthony RizzoCHC,1B,17,65,11,18,0.277,5,0,3,10,32,8,13,2,0.373,0.492,0.866,-,2016
18,Jose RamirezCLE,3B,15,56,6,15,0.268,2,0,1,3,20,3,8,0,0.305,0.357,0.662,-,2016
19,Javier BaezCHC,SS,17,68,8,18,0.265,4,0,2,8,28,2,21,2,0.282,0.412,0.693,-,2016
20,Denard SpanSF,LF,4,19,3,5,0.263,2,1,0,1,9,1,4,1,0.3,0.474,0.774,-,2016
21,Hanley RamirezBOS,SS,3,12,0,3,0.25,2,0,0,2,5,0,4,0,0.25,0.417,0.667,-,2016
21,Michael BournBAL,CF,1,4,0,1,0.25,0,0,0,0,1,0,2,1,0.25,0.25,0.5,-,2016
21,Ben ZobristCHC,RF,17,64,9,16,0.25,5,1,0,5,23,7,11,0,0.319,0.359,0.679,-,2016
21,Dexter FowlerCHC,RF,17,72,11,18,0.25,5,0,3,6,32,2,17,1,0.28,0.444,0.724,-,2016
21,Mark TrumboBAL,DH,1,4,1,1,0.25,0,0,1,2,4,0,1,0,0.25,1.0,1.25,-,2016
21,Brandon CrawfordSF,SS,5,20,3,5,0.25,3,0,0,1,8,1,5,1,0.286,0.4,0.686,-,2016
21,Manny MachadoBAL,3B,1,4,0,1,0.25,0,0,0,0,1,0,0,0,0.25,0.25,0.5,-,2016
21,Joc PedersonLAD,LF,11,36,5,9,0.25,2,0,1,4,14,3,14,2,0.325,0.389,0.714,-,2016
21,Xander BogaertsBOS,SS,3,12,1,3,0.25,0,0,0,0,3,0,4,0,0.25,0.25,0.5,-,2016
21,T.J. RiveraNYM,1B,1,4,0,1,0.25,1,0,0,0,2,0,0,0,0.25,0.5,0.75,-,2016
31,Bryce HarperWSH,DH,5,17,4,4,0.235,1,0,0,1,5,6,6,3,0.458,0.294,0.752,-,2016
32,Jason KipnisCLE,2B,15,61,9,14,0.23,3,0,4,8,29,2,16,0,0.266,0.475,0.741,-,2016
33,Troy TulowitzkiTOR,SS,9,35,3,8,0.229,0,1,1,5,13,2,4,0,0.27,0.371,0.642,-,2016
34,Ian DesmondTEX,CF,3,14,0,3,0.214,1,0,0,2,4,0,3,0,0.214,0.286,0.5,-,2016
34,Lonnie ChisenhallCLE,RF,14,42,4,9,0.214,0,0,1,5,12,2,13,0,0.261,0.286,0.547,-,2016
36,Corey SeagerLAD,SS,11,44,3,9,0.205,1,0,2,4,16,2,13,0,0.255,0.364,0.619,-,2016
37,Addison RussellCHC,2B,17,64,7,13,0.203,2,0,3,13,24,2,13,0,0.235,0.375,0.61,-,2016
38,Adam JonesBAL,RF,1,5,1,1,0.2,0,0,0,0,1,0,1,0,0.2,0.2,0.4,-,2016
38,Rougned OdorTEX,2B,3,10,2,2,0.2,0,0,1,2,5,2,1,0,0.333,0.5,0.833,-,2016
38,Mookie BettsBOS,RF,3,10,1,2,0.2,1,0,0,0,3,2,1,0,0.333,0.3,0.633,-,2016
41,Adrian GonzalezLAD,1B,11,41,3,8,0.195,0,0,2,6,14,3,8,1,0.25,0.341,0.591,-,2016
42,Carlos SantanaCLE,1B,15,52,6,10,0.192,1,0,3,4,20,8,11,0,0.311,0.385,0.696,-,2016
43,Roberto PerezCLE,C,15,43,5,8,0.186,1,0,3,7,18,7,15,0,0.3,0.419,0.719,-,2016
44,Adrian BeltreTEX,3B,3,11,1,2,0.182,1,0,0,0,3,1,2,0,0.25,0.273,0.523,-,2016
44,Carlos Ivan BeltranTEX,OF,3,11,0,2,0.182,0,0,0,1,2,1,1,0,0.25,0.182,0.432,-,2016
44,Jose BautistaTOR,RF,9,33,5,6,0.182,1,0,2,5,13,6,12,0,0.308,0.394,0.702,-,2016
44,Hunter PenceSF,RF,5,22,1,4,0.182,0,0,0,0,4,0,5,0,0.182,0.182,0.364,-,2016
48,Mike Anthony NapoliCLE,1B,15,52,3,9,0.173,3,0,1,3,15,4,21,1,0.232,0.288,0.521,-,2016
49,Dustin PedroiaBOS,2B,3,12,2,2,0.167,1,0,0,0,3,2,5,0,0.286,0.25,0.536,-,2016
50,Carlos GomezTEX,RF,3,13,1,2,0.154,0,0,0,1,2,1,5,1,0.214,0.154,0.368,-,2016
1,Jonathan LucroyCOL,C,1,3,2,2,0.667,2,0,0,1,4,1,0,0,0.75,1.333,2.083,-,2017
2,Hanley RamirezBOS,SS,4,14,2,8,0.571,2,0,0,3,10,1,2,0,0.6,0.714,1.314,-,2017
3,Gerardo ParraCOL,CF,1,4,1,2,0.5,0,0,0,1,2,0,0,0,0.5,0.5,1.0,-,2017
3,Eduardo EscobarMIN,3B,1,4,0,2,0.5,0,0,0,0,2,0,0,0,0.5,0.5,1.0,-,2017
3,Brian DozierMIN,2B,1,4,1,2,0.5,0,0,1,1,5,1,2,0,0.6,1.25,1.85,-,2017
3,Trevor StoryCOL,2B,1,4,2,2,0.5,0,0,1,1,5,0,0,0,0.5,1.25,1.75,-,2017
7,Jake LambARI,LF,4,13,4,6,0.462,0,0,0,0,6,0,2,0,0.462,0.462,0.923,-,2017
8,Ketel MarteARI,2B,4,17,4,7,0.412,0,2,1,2,14,0,5,0,0.412,0.824,1.235,-,2017
9,Carlos GonzalezCOL,RF,1,5,0,2,0.4,0,0,0,1,2,0,1,0,0.4,0.4,0.8,-,2017
10,Mitch MorelandBOS,DH,4,13,4,5,0.385,2,0,0,0,7,2,2,0,0.467,0.538,1.005,-,2017
11,Rafael DeversBOS,3B,4,11,3,4,0.364,0,0,2,5,10,2,4,0,0.429,0.909,1.338,-,2017
12,Daniel DescalsoARI,2B,4,9,3,3,0.333,1,0,2,3,10,4,4,0,0.538,1.111,1.65,-,2017
12,Max KeplerMIN,RF,1,3,0,1,0.333,1,0,0,0,2,1,0,0,0.5,0.667,1.167,-,2017
12,Eddie RosarioMIN,LF,1,3,1,1,0.333,0,0,1,2,4,1,1,0,0.5,1.333,1.833,-,2017
12,Michael A. TaylorWSH,CF,5,15,3,5,0.333,0,0,2,8,11,3,4,0,0.444,0.733,1.178,-,2017
16,Mookie BettsBOS,RF,4,16,2,5,0.313,2,0,0,0,7,1,4,1,0.353,0.438,0.79,-,2017
17,Jose AltuveHOU,2B,18,71,14,22,0.31,2,0,7,14,45,9,14,2,0.388,0.634,1.021,-,2017
18,Yuli GurrielHOU,1B,18,69,5,21,0.304,7,1,2,8,36,4,10,0,0.342,0.522,0.864,-,2017
19,George SpringerHOU,CF,18,72,13,21,0.292,5,0,6,9,44,11,19,0,0.386,0.611,0.997,-,2017
20,Carlos CorreaHOU,SS,18,73,10,21,0.288,5,0,5,14,41,4,13,0,0.325,0.562,0.886,-,2017
21,Justin TurnerLAD,3B,15,56,8,16,0.286,2,0,4,14,30,10,9,1,0.42,0.536,0.956,-,2017
21,Yasiel PuigLAD,RF,15,56,8,16,0.286,2,1,3,10,29,6,8,0,0.365,0.518,0.883,-,2017
23,Jay BruceCLE,LF,5,18,5,5,0.278,1,0,2,4,12,2,8,0,0.333,0.667,1.0,-,2017
24,J.D. MartinezARI,DH,4,15,2,4,0.267,0,0,1,1,7,1,6,0,0.313,0.467,0.779,-,2017
25,Chris TaylorLAD,LF,15,59,12,15,0.254,4,1,3,7,30,11,10,0,0.38,0.508,0.889,-,2017
26,Didi GregoriusNYY,SS,13,48,6,12,0.25,1,1,3,7,24,7,12,0,0.345,0.5,0.845,-,2017
26,Jorge PolancoMIN,2B,1,4,2,1,0.25,0,0,0,0,1,1,2,0,0.4,0.25,0.65,-,2017
26,Andrew BenintendiBOS,LF,4,16,2,4,0.25,0,0,1,2,7,1,3,0,0.294,0.438,0.732,-,2017
29,Greg BirdNYY,1B,13,41,5,10,0.244,2,0,3,6,21,12,17,0,0.426,0.512,0.938,-,2017
30,Brett GardnerNYY,CF,13,52,7,12,0.231,2,0,1,4,17,3,12,1,0.281,0.327,0.608,-,2017
31,David PeraltaARI,LF,4,18,2,4,0.222,0,0,0,0,4,1,1,0,0.263,0.222,0.485,-,2017
32,Starlin CastroNYY,3B,13,50,5,11,0.22,3,0,0,1,14,2,14,0,0.264,0.28,0.544,-,2017
33,Willson ContrerasCHC,C,10,32,5,7,0.219,0,0,2,2,13,6,11,0,0.342,0.406,0.748,-,2017
33,Cody BellingerLAD,CF,15,64,10,14,0.219,4,1,3,9,29,3,29,1,0.254,0.453,0.707,-,2017
35,Austin BarnesLAD,C,15,46,8,10,0.217,2,0,1,5,15,4,10,1,0.288,0.326,0.615,-,2017
36,AJ PollockARI,LF,4,14,3,3,0.214,1,1,1,3,9,2,4,0,0.313,0.643,0.955,-,2017
37,Daniel MurphyWSH,1B,5,19,5,4,0.211,1,0,1,2,8,3,6,0,0.318,0.421,0.739,-,2017
37,Carlos SantanaCLE,1B,5,19,2,4,0.211,0,0,1,4,7,3,4,0,0.318,0.368,0.687,-,2017
37,Bryce HarperWSH,DH,5,19,2,4,0.211,1,0,1,3,8,3,6,1,0.304,0.421,0.725,-,2017
40,Alex BregmanHOU,3B,18,72,11,15,0.208,3,0,4,10,30,5,10,1,0.256,0.417,0.673,-,2017
41,Gary SanchezNYY,C,13,53,5,11,0.208,2,0,3,8,22,1,19,0,0.218,0.415,0.633,-,2017
42,Joe MauerMIN,1B,1,5,0,1,0.2,0,0,0,0,1,0,0,0,0.2,0.2,0.4,-,2017
42,Nolan ArenadoCOL,3B,1,5,2,1,0.2,0,0,1,1,4,0,1,0,0.2,0.8,1.0,-,2017
42,Jackie Bradley Jr.BOS,CF,4,15,1,3,0.2,0,0,1,5,6,0,6,0,0.2,0.4,0.6,-,2017
42,Kris BryantCHC,LF,10,40,4,8,0.2,2,0,1,3,13,1,14,0,0.22,0.325,0.545,-,2017
46,Aaron HicksNYY,CF,13,46,5,9,0.196,2,0,1,5,14,4,14,0,0.26,0.304,0.564,-,2017
47,Paul GoldschmidtARI,1B,4,16,2,3,0.188,0,0,2,5,9,1,4,0,0.235,0.563,0.798,-,2017
47,Aaron JudgeNYY,RF,13,48,9,9,0.188,3,0,4,11,24,9,27,0,0.316,0.5,0.816,-,2017
49,Todd FrazierNYY,3B,13,43,6,8,0.186,2,0,1,5,13,4,10,0,0.255,0.302,0.558,-,2017
50,Jason KipnisCLE,2B,5,22,0,4,0.182,0,1,0,1,6,0,8,0,0.182,0.273,0.455,-,2017
1,Aaron JudgeNYY,RF,5,19,6,8,0.421,1,0,3,4,18,3,3,0,0.5,0.947,1.447,-,2018
2,George SpringerHOU,CF,8,35,6,14,0.4,3,0,4,8,29,3,7,1,0.447,0.829,1.276,-,2018
2,Albert Almora Jr.CHC,RF,1,5,0,2,0.4,0,0,0,0,2,0,2,0,0.4,0.4,0.8,-,2018
4,Francisco LindorCLE,SS,3,11,3,4,0.364,0,0,2,2,10,0,2,0,0.364,0.909,1.273,-,2018
5,Marwin GonzalezHOU,SS,8,33,3,11,0.333,2,0,2,9,19,1,9,0,0.389,0.576,0.965,-,2018
5,Marcus SemienOAK,2B,1,3,0,1,0.333,0,0,0,0,1,1,1,0,0.5,0.333,0.833,-,2018
5,Orlando ArciaMIL,2B,10,33,7,11,0.333,0,0,3,4,20,1,4,0,0.353,0.606,0.959,-,2018
8,J.D. MartinezBOS,DH,14,50,6,15,0.3,2,0,3,14,26,10,11,0,0.403,0.52,0.923,-,2018
8,Yasiel PuigLAD,RF,16,50,4,15,0.3,3,0,2,8,24,6,10,2,0.375,0.48,0.855,-,2018
10,Justin TurnerLAD,3B,16,67,6,20,0.299,3,0,1,4,26,7,13,1,0.373,0.388,0.761,-,2018
11,Alex BregmanHOU,3B,8,24,8,7,0.292,2,0,2,5,15,11,4,0,0.553,0.625,1.178,-,2018
12,Steve PearceBOS,1B,13,38,12,11,0.289,2,0,4,11,25,9,8,0,0.426,0.658,1.083,-,2018
13,Ryan BraunMIL,RF,10,42,2,12,0.286,2,0,0,4,14,2,13,2,0.318,0.333,0.652,-,2018
14,Trevor StoryCOL,2B,4,18,1,5,0.278,2,0,0,0,7,0,7,0,0.278,0.389,0.667,-,2018
15,Josh ReddickHOU,RF,8,26,2,7,0.269,1,0,1,4,11,2,5,0,0.321,0.423,0.745,-,2018
16,Andrew BenintendiBOS,LF,14,56,15,15,0.268,4,0,0,5,19,4,13,2,0.328,0.339,0.667,-,2018
17,Travis ShawMIL,3B,10,30,2,8,0.267,2,1,1,2,15,4,10,1,0.353,0.5,0.853,-,2018
18,Jose AltuveHOU,2B,8,34,8,9,0.265,2,0,1,4,14,3,6,0,0.324,0.412,0.736,-,2018
19,Freddie FreemanATL,1B,4,16,1,4,0.25,0,0,1,1,7,1,3,0,0.294,0.438,0.732,-,2018
19,Jonathan LucroyOAK,C,1,4,0,1,0.25,0,0,0,0,1,0,2,0,0.25,0.25,0.5,-,2018
19,Anthony RizzoCHC,1B,1,4,0,1,0.25,0,0,0,0,1,0,0,0,0.25,0.25,0.5,-,2018
19,Khris DavisOAK,DH,1,4,1,1,0.25,0,0,1,2,4,0,2,0,0.25,1.0,1.25,-,2018
19,Gleyber TorresNYY,2B,5,16,1,4,0.25,0,0,0,0,4,2,3,0,0.333,0.25,0.583,-,2018
19,Nick MartiniOAK,RF,1,4,0,1,0.25,0,0,0,0,1,0,2,0,0.25,0.25,0.5,-,2018
25,Lorenzo CainMIL,CF,10,45,4,11,0.244,4,0,0,1,15,3,12,0,0.292,0.333,0.625,-,2018
26,Carlos CorreaHOU,SS,8,29,3,7,0.241,1,0,1,6,11,6,9,0,0.371,0.379,0.751,-,2018
27,Giancarlo StantonNYY,OF,5,21,4,5,0.238,0,0,1,1,8,1,7,1,0.273,0.381,0.654,-,2018
28,Didi GregoriusNYY,SS,5,17,1,4,0.235,1,0,0,3,5,0,4,0,0.222,0.294,0.516,-,2018
28,Luke VoitNYY,1B,5,17,2,4,0.235,0,1,0,4,6,4,6,0,0.381,0.353,0.734,-,2018
30,Ender InciarteATL,CF,4,13,0,3,0.231,0,0,0,0,3,0,4,0,0.231,0.231,0.462,-,2018
31,Manny MachadoLAD,3B,16,66,9,15,0.227,2,0,3,12,26,4,18,1,0.278,0.394,0.672,-,2018
32,Yuli GurrielHOU,1B,8,31,5,7,0.226,2,0,1,3,12,5,5,0,0.333,0.387,0.72,-,2018
33,Xander BogaertsBOS,SS,14,58,5,13,0.224,2,0,1,7,18,7,8,0,0.303,0.31,0.613,-,2018
34,Jesus AguilarMIL,DH,10,37,5,8,0.216,3,0,2,5,17,3,15,0,0.275,0.459,0.734,-,2018
35,Mookie BettsBOS,RF,14,62,13,13,0.21,4,0,1,4,20,7,12,1,0.3,0.323,0.623,-,2018
36,Mike MoustakasMIL,DH,10,40,3,8,0.2,2,0,0,3,10,4,13,0,0.273,0.25,0.523,-,2018
36,Michael BrantleyCLE,DH,3,10,0,2,0.2,0,0,0,1,2,1,1,0,0.25,0.2,0.45,-,2018
36,DJ LeMahieuCOL,3B,4,15,0,3,0.2,2,0,0,0,5,3,3,0,0.333,0.333,0.667,-,2018
36,Javier BaezCHC,SS,1,5,0,1,0.2,1,0,0,1,2,1,2,1,0.333,0.4,0.733,-,2018
36,Jackie Bradley Jr.BOS,CF,14,40,6,8,0.2,2,0,3,10,19,9,9,1,0.36,0.475,0.835,-,2018
36,Max MuncyLAD,3B,16,50,10,10,0.2,1,0,3,6,20,12,23,1,0.355,0.4,0.755,-,2018
36,Ozzie AlbiesATL,2B,4,15,1,3,0.2,0,0,0,0,3,0,1,0,0.2,0.2,0.4,-,2018
36,Matt ChapmanOAK,3B,1,5,0,1,0.2,0,0,0,0,1,0,0,0,0.2,0.2,0.4,-,2018
44,Christian YelichMIL,LF,10,36,7,7,0.194,1,0,2,3,14,11,7,2,0.383,0.389,0.772,-,2018
45,Nolan ArenadoCOL,3B,4,16,0,3,0.188,0,0,0,2,3,0,6,0,0.167,0.188,0.354,-,2018
45,Ronald Acuna Jr.ATL,RF,4,16,1,3,0.188,1,0,1,4,7,1,5,0,0.235,0.438,0.673,-,2018
47,Ben ZobristCHC,RF,1,6,0,1,0.167,0,0,0,0,1,0,1,0,0.167,0.167,0.333,-,2018
47,Carlos GonzalezCOL,RF,4,12,0,2,0.167,0,1,0,0,4,2,5,0,0.286,0.333,0.619,-,2018
47,Charlie CulbersonATL,3B,4,12,1,2,0.167,0,0,0,0,2,1,4,0,0.231,0.167,0.397,-,2018
47,Gary SanchezNYY,C,5,18,3,3,0.167,1,0,2,5,10,1,5,0,0.2,0.556,0.756,-,2018
1,Eric ThamesMIL,1B,1,4,1,2,0.5,1,0,1,1,6,0,1,0,0.5,1.5,2.0,-,2019
1,Jurickson ProfarOAK,LF,1,4,0,2,0.5,0,0,0,0,2,0,1,0,0.5,0.5,1.0,-,2019
1,Robbie GrossmanOAK,LF,1,4,0,2,0.5,0,0,0,0,2,0,1,0,0.5,0.5,1.0,-,2019
4,Luis ArraezMIN,1B,3,11,1,5,0.455,4,0,0,1,9,0,2,0,0.455,0.818,1.273,-,2019
5,Ronald Acuna Jr.ATL,RF,5,18,1,8,0.444,3,1,1,2,16,4,5,0,0.565,0.889,1.454,-,2019
6,Dansby SwansonATL,SS,5,18,3,7,0.389,3,0,0,2,10,1,6,0,0.421,0.556,0.977,-,2019
7,Tommy PhamTB,LF,6,25,2,9,0.36,0,0,2,3,15,1,4,1,0.385,0.6,0.985,-,2019
8,Yasmani GrandalMIL,C,1,3,1,1,0.333,0,0,1,2,4,1,1,0,0.5,1.333,1.833,-,2019
8,Matt OlsonOAK,1B,1,3,0,1,0.333,0,0,0,0,1,1,1,0,0.5,0.333,0.833,-,2019
8,Matt ChapmanOAK,3B,1,3,0,1,0.333,0,0,0,0,1,1,0,0,0.5,0.333,0.833,-,2019
8,Ramon LaureanoOAK,RF,1,3,0,1,0.333,0,0,0,1,1,0,1,0,0.25,0.333,0.583,-,2019
12,Jose AltuveHOU,2B,18,76,14,25,0.329,6,0,5,9,46,5,7,2,0.366,0.605,0.971,-,2019
13,Anthony RendonWSH,3B,17,61,11,20,0.328,7,0,3,15,36,11,10,0,0.413,0.59,1.003,-,2019
14,DJ LeMahieuNYY,3B,9,40,10,13,0.325,3,0,3,7,25,4,6,0,0.386,0.625,1.011,-,2019
15,Marcell OzunaSTL,DH,9,37,6,12,0.324,4,0,2,5,22,1,13,0,0.359,0.595,0.954,-,2019
15,Gleyber TorresNYY,2B,9,37,8,12,0.324,5,0,3,10,26,3,6,2,0.375,0.703,1.078,-,2019
17,Eddie RosarioMIN,LF,3,13,1,4,0.308,1,0,1,1,8,0,4,0,0.308,0.615,0.923,-,2019
18,Avisail GarciaTB,RF,5,20,4,6,0.3,0,0,1,3,9,0,5,0,0.3,0.45,0.75,-,2019
19,Willy AdamesTB,SS,6,17,3,5,0.294,1,0,2,2,12,3,5,0,0.4,0.706,1.106,-,2019
20,Howie KendrickWSH,DH,17,63,8,18,0.286,4,0,2,12,28,4,11,0,0.328,0.444,0.773,-,2019
20,Justin TurnerLAD,3B,5,21,3,6,0.286,2,0,2,5,14,1,2,1,0.333,0.667,1.0,-,2019
20,Michael BrantleyHOU,DH,18,70,7,20,0.286,0,0,1,4,23,9,12,1,0.367,0.329,0.696,-,2019
23,Juan SotoWSH,RF,17,65,12,18,0.277,3,0,5,14,36,9,21,1,0.373,0.554,0.927,-,2019
24,Marwin GonzalezMIN,SS,3,11,0,3,0.273,1,0,0,0,4,0,4,0,0.273,0.364,0.636,-,2019
24,Didi GregoriusNYY,SS,9,33,4,9,0.273,1,0,1,6,13,2,6,0,0.314,0.394,0.708,-,2019
24,Jorge PolancoMIN,2B,3,11,1,3,0.273,0,0,1,2,6,2,1,1,0.429,0.545,0.974,-,2019
27,Paul GoldschmidtSTL,1B,9,37,5,10,0.27,4,0,2,2,20,2,11,0,0.308,0.541,0.848,-,2019
28,Joc PedersonLAD,LF,5,15,3,4,0.267,2,0,1,1,9,2,5,0,0.353,0.6,0.953,-,2019
29,Aaron JudgeNYY,RF,9,34,6,9,0.265,0,0,1,2,12,7,11,2,0.39,0.353,0.743,-,2019
30,Max MuncyLAD,3B,5,19,4,5,0.263,0,0,3,7,14,4,2,1,0.391,0.737,1.128,-,2019
31,Ryan ZimmermanWSH,1B,16,55,5,14,0.255,3,0,2,7,23,5,17,0,0.317,0.418,0.735,-,2019
32,Ryan BraunMIL,RF,1,4,0,1,0.25,0,0,0,0,1,0,0,0,0.25,0.25,0.5,-,2019
32,Lorenzo CainMIL,CF,1,4,0,1,0.25,0,0,0,0,1,0,1,0,0.25,0.25,0.5,-,2019
32,Orlando ArciaMIL,2B,1,4,0,1,0.25,0,0,0,0,1,0,1,0,0.25,0.25,0.5,-,2019
32,Ozzie AlbiesATL,2B,5,20,3,5,0.25,0,0,1,3,8,2,3,0,0.304,0.4,0.704,-,2019
32,Yuli GurrielHOU,1B,18,72,5,18,0.25,3,0,2,13,27,4,5,1,0.286,0.375,0.661,-,2019
32,Keston HiuraMIL,1B,1,4,0,1,0.25,1,0,0,0,2,0,3,0,0.25,0.5,0.75,-,2019
38,Adam EatonWSH,RF,17,61,11,15,0.246,2,1,2,10,25,10,9,1,0.361,0.41,0.771,-,2019
39,Gio UrshelaNYY,3B,9,33,4,8,0.242,1,0,2,2,15,2,4,0,0.286,0.455,0.74,-,2019
40,Yordan AlvarezHOU,DH,18,58,5,14,0.241,3,0,1,3,20,7,21,0,0.323,0.345,0.668,-,2019
41,Alex BregmanHOU,3B,18,64,13,15,0.234,3,0,4,12,30,12,13,1,0.364,0.469,0.832,-,2019
42,Paul DeJongSTL,SS,9,30,3,7,0.233,1,0,0,2,8,3,14,0,0.303,0.267,0.57,-,2019
43,Trea TurnerWSH,SS,17,73,10,17,0.233,4,0,1,3,24,6,15,1,0.291,0.329,0.62,-,2019
44,Cody BellingerLAD,CF,5,19,2,4,0.211,1,0,0,0,5,2,7,3,0.286,0.263,0.549,-,2019
44,Brandon LoweTB,2B,5,19,1,4,0.211,1,0,1,1,8,1,10,0,0.25,0.421,0.671,-,2019
46,Kolten WongSTL,2B,9,34,4,7,0.206,3,0,0,4,10,4,6,2,0.289,0.294,0.584,-,2019
47,George SpringerHOU,CF,18,73,11,15,0.205,4,0,4,8,31,12,20,3,0.318,0.425,0.742,-,2019
48,Nelson CruzMIN,DH,3,10,2,2,0.2,0,0,1,1,5,4,3,0,0.429,0.5,0.929,-,2019
48,Freddie FreemanATL,1B,5,20,1,4,0.2,1,0,1,1,8,1,6,0,0.273,0.4,0.673,-,2019
48,Marcus SemienOAK,2B,1,5,1,1,0.2,0,0,0,0,1,0,2,0,0.2,0.2,0.4,-,2019
1,Josh NaylorCLE,1B,2,7,3,5,0.714,3,0,1,3,11,0,0,0,0.714,1.571,2.286,-,2020
2,Tim AndersonCHW,SS,3,14,2,9,0.643,2,0,0,0,11,0,0,0,0.643,0.786,1.429,-,2020
3,Avisail GarciaMIL,RF,2,8,0,4,0.5,0,0,0,0,4,0,3,0,0.5,0.5,1.0,-,2020
3,Ian HappCHC,LF,2,8,1,4,0.5,0,0,1,1,7,0,1,0,0.5,0.875,1.375,-,2020
5,Yadier MolinaSTL,C,3,13,2,6,0.462,2,0,0,2,8,1,1,0,0.5,0.615,1.115,-,2020
6,Gleyber TorresNYY,2B,7,23,5,10,0.435,0,0,2,5,16,7,6,2,0.567,0.696,1.262,-,2020
7,Jose RamirezCLE,3B,2,7,1,3,0.429,3,0,0,4,6,2,1,0,0.556,0.857,1.413,-,2020
8,Marcus SemienOAK,2B,7,27,6,11,0.407,1,0,2,4,18,4,1,0,0.484,0.667,1.151,-,2020
9,Jake CronenworthSD,2B,6,18,5,7,0.389,0,1,1,3,12,4,5,1,0.542,0.667,1.208,-,2020
10,Randy ArozarenaTB,LF,20,77,19,29,0.377,3,1,10,14,64,8,19,0,0.442,0.831,1.273,-,2020
11,Cesar HernandezCLE,2B,2,8,2,3,0.375,1,0,0,1,4,1,3,0,0.444,0.5,0.944,-,2020
11,Tommy PhamSD,LF,6,24,2,9,0.375,2,0,0,1,11,1,5,3,0.4,0.458,0.858,-,2020
11,Jose AltuveHOU,2B,13,48,11,18,0.375,2,0,5,11,35,11,8,0,0.5,0.729,1.229,-,2020
14,Brett GardnerNYY,CF,6,19,6,7,0.368,1,0,1,3,11,4,10,0,0.5,0.579,1.079,-,2020
15,Carlos CorreaHOU,SS,13,47,7,17,0.362,1,0,6,17,36,8,11,0,0.455,0.766,1.221,-,2020
16,Michael BrantleyHOU,DH,13,52,10,18,0.346,2,0,3,11,29,6,9,1,0.424,0.558,0.981,-,2020
17,Nelson CruzMIN,DH,2,6,0,2,0.333,2,0,0,2,4,2,1,0,0.5,0.667,1.167,-,2020
17,Roberto PerezCLE,C,2,6,0,2,0.333,0,0,0,1,2,0,2,0,0.429,0.333,0.762,-,2020
17,Dylan CarlsonSTL,CF,3,9,2,3,0.333,1,0,0,0,4,4,3,1,0.571,0.444,1.016,-,2020
20,Corey SeagerLAD,SS,18,67,20,22,0.328,4,0,8,20,50,11,12,2,0.425,0.746,1.171,-,2020
21,Chad PinderOAK,LF,7,22,2,7,0.318,1,0,2,7,14,3,6,0,0.385,0.636,1.021,-,2020
21,Fernando Tatis Jr.SD,SS,6,22,5,7,0.318,2,0,2,5,15,5,7,1,0.444,0.682,1.126,-,2020
23,Giancarlo StantonNYY,OF,7,26,7,8,0.308,1,0,6,13,27,4,10,0,0.387,1.038,1.426,-,2020
23,Aaron HicksNYY,CF,7,26,6,8,0.308,1,1,0,3,11,6,5,0,0.424,0.423,0.847,-,2020
23,Luis RobertCHW,CF,3,13,2,4,0.308,0,0,1,2,7,0,4,0,0.308,0.538,0.846,-,2020
26,Kyle TuckerHOU,RF,13,49,4,15,0.306,0,0,1,6,18,2,8,0,0.327,0.367,0.694,-,2020
27,Nick CastellanosCIN,RF,2,10,0,3,0.3,1,0,0,0,4,0,4,0,0.3,0.4,0.7,-,2020
28,Tommy La StellaOAK,DH,7,27,5,8,0.296,1,0,1,2,12,2,3,0,0.367,0.444,0.811,-,2020
29,Mookie BettsLAD,RF,18,71,15,21,0.296,8,0,2,8,35,10,16,6,0.378,0.493,0.871,-,2020
30,Dexter FowlerSTL,RF,3,14,1,4,0.286,1,0,0,2,5,0,4,0,0.286,0.357,0.643,-,2020
30,Jason HeywardCHC,CF,2,7,0,2,0.286,1,0,0,0,3,0,1,0,0.375,0.429,0.804,-,2020
30,Travis d'ArnaudATL,C,12,42,4,12,0.286,2,0,2,10,20,7,12,0,0.38,0.476,0.856,-,2020
30,Delino DeShieldsCLE,CF,2,7,2,2,0.286,0,0,0,0,2,1,2,0,0.375,0.286,0.661,-,2020
30,Jose AbreuCHW,1B,3,14,1,4,0.286,1,0,1,2,8,0,1,0,0.286,0.571,0.857,-,2020
30,Nick SenzelCIN,CF,2,7,0,2,0.286,0,0,0,0,2,0,2,0,0.286,0.286,0.571,-,2020
36,DJ LeMahieuNYY,3B,7,32,4,9,0.281,0,0,0,4,9,3,4,0,0.333,0.281,0.615,-,2020
37,Freddie FreemanATL,1B,12,43,9,12,0.279,3,0,2,7,21,8,6,0,0.415,0.488,0.903,-,2020
38,Ozzie AlbiesATL,2B,12,47,8,13,0.277,2,0,2,4,21,4,9,2,0.327,0.447,0.774,-,2020
39,Manuel MargotTB,RF,19,58,10,16,0.276,1,0,5,11,32,5,19,2,0.344,0.552,0.895,-,2020
40,Dansby SwansonATL,SS,12,45,6,12,0.267,2,1,3,9,25,5,17,2,0.333,0.556,0.889,-,2020
41,George SpringerHOU,CF,13,57,8,15,0.263,1,0,4,10,28,2,14,0,0.3,0.491,0.791,-,2020
42,Marcell OzunaATL,DH,12,51,8,13,0.255,3,0,3,11,25,2,14,0,0.283,0.49,0.773,-,2020
43,Justin TurnerLAD,3B,18,68,15,17,0.25,6,0,3,6,32,7,15,0,0.333,0.471,0.804,-,2020
43,Khris DavisOAK,DH,6,24,3,6,0.25,0,0,3,4,15,0,10,0,0.28,0.625,0.905,-,2020
43,Willson ContrerasCHC,C,2,4,0,1,0.25,1,0,0,0,2,1,0,0,0.625,0.5,1.125,-,2020
43,Max MuncyLAD,3B,18,60,12,15,0.25,4,0,3,14,28,20,21,0,0.438,0.467,0.904,-,2020
43,Adam EngelCHW,RF,3,12,1,3,0.25,1,0,1,1,7,0,5,0,0.25,0.583,0.833,-,2020
43,Lourdes Gurriel Jr.TOR,LF,2,8,0,2,0.25,1,0,0,0,3,0,1,0,0.25,0.375,0.625,-,2020
43,Nick MadrigalCHW,2B,3,12,1,3,0.25,0,0,0,0,3,0,0,0,0.25,0.25,0.5,-,2020
50,Paul GoldschmidtSTL,1B,3,13,2,3,0.231,1,0,2,3,10,1,2,0,0.286,0.769,1.055,-,2020
1,Giancarlo StantonNYY,OF,1,4,1,3,0.75,0,0,1,1,6,0,1,0,0.75,1.5,2.25,-,2021
2,Tommy EdmanSTL,2B,1,5,1,3,0.6,0,0,0,0,3,0,1,2,0.6,0.6,1.2,-,2021
3,Kris BryantSF,LF,5,17,1,8,0.471,0,0,1,2,11,1,3,0,0.5,0.647,1.147,-,2021
4,Luis RobertCHW,CF,4,15,4,7,0.467,0,0,0,1,7,2,2,0,0.556,0.467,1.022,-,2021
5,Enrique HernandezBOS,CF,11,49,9,20,0.408,4,1,5,9,41,1,6,0,0.423,0.837,1.26,-,2021
6,Eddie RosarioATL,LF,16,60,11,23,0.383,3,1,3,11,37,8,10,1,0.456,0.617,1.073,-,2021
7,Tim AndersonCHW,SS,4,19,4,7,0.368,0,0,0,1,7,0,5,0,0.368,0.368,0.737,-,2021
7,Wander FrancoTB,SS,4,19,5,7,0.368,2,0,2,4,15,0,3,0,0.368,0.789,1.158,-,2021
9,Jose AbreuCHW,1B,4,14,1,5,0.357,0,0,0,3,5,2,3,0,0.5,0.357,0.857,-,2021
10,Cody BellingerLAD,CF,12,34,5,12,0.353,1,0,1,7,16,5,11,5,0.436,0.471,0.906,-,2021
11,Chris TaylorLAD,LF,11,37,9,13,0.351,4,0,4,12,29,5,9,3,0.419,0.784,1.202,-,2021
12,J.D. MartinezBOS,DH,9,32,4,11,0.344,2,0,3,10,22,5,10,0,0.447,0.688,1.135,-,2021
13,Paul GoldschmidtSTL,1B,1,3,0,1,0.333,0,0,0,0,1,2,1,0,0.6,0.333,0.933,-,2021
13,Randy ArozarenaTB,LF,4,15,4,5,0.333,1,0,1,3,9,4,4,2,0.474,0.6,1.074,-,2021
15,Mookie BettsLAD,RF,12,47,6,15,0.319,1,0,1,5,19,5,5,6,0.377,0.404,0.782,-,2021
16,Michael BrantleyHOU,DH,16,69,4,22,0.319,4,0,0,9,26,3,14,1,0.347,0.377,0.724,-,2021
17,Yordan AlvarezHOU,DH,16,54,13,17,0.315,4,2,2,9,31,13,17,0,0.449,0.574,1.023,-,2021
18,Yuli GurrielHOU,1B,16,61,8,19,0.311,1,0,1,10,23,5,10,2,0.364,0.377,0.741,-,2021
19,Alex VerdugoBOS,LF,11,42,5,13,0.31,3,0,1,6,19,5,3,1,0.383,0.452,0.835,-,2021
20,Freddie FreemanATL,1B,16,56,8,17,0.304,3,0,5,11,35,12,17,1,0.42,0.625,1.045,-,2021
21,Buster PoseySF,C,5,20,1,6,0.3,2,0,1,2,11,0,6,0,0.3,0.55,0.85,-,2021
22,Rafael DeversBOS,3B,11,44,11,13,0.295,0,0,5,12,28,7,8,0,0.392,0.636,1.029,-,2021
23,Willy AdamesMIL,SS,4,17,0,5,0.294,1,0,0,0,6,0,9,0,0.294,0.353,0.647,-,2021
23,Eloy JimenezCHW,LF,4,17,0,5,0.294,0,0,0,3,5,0,5,0,0.294,0.294,0.588,-,2021
25,Carlos CorreaHOU,SS,16,60,10,17,0.283,4,0,1,9,24,6,13,0,0.368,0.4,0.768,-,2021
26,Kyle TuckerHOU,RF,16,61,13,17,0.279,4,0,4,15,33,5,12,5,0.333,0.541,0.874,-,2021
27,Austin RileyATL,3B,16,65,7,18,0.277,5,0,2,8,29,3,25,0,0.309,0.446,0.755,-,2021
28,Xander BogaertsBOS,SS,11,46,7,12,0.261,2,0,3,6,23,5,14,0,0.333,0.5,0.833,-,2021
29,Ozzie AlbiesATL,2B,16,63,12,16,0.254,3,0,0,2,19,6,14,3,0.319,0.302,0.62,-,2021
30,Brandon CrawfordSF,SS,5,20,2,5,0.25,1,0,1,2,9,0,4,0,0.25,0.45,0.7,-,2021
30,Anthony RizzoNYY,1B,1,4,1,1,0.25,0,0,1,1,4,0,2,0,0.25,1.0,1.25,-,2021
30,Aaron JudgeNYY,RF,1,4,0,1,0.25,0,0,0,0,1,0,0,0,0.25,0.25,0.5,-,2021
30,Yoan MoncadaCHW,3B,4,16,2,4,0.25,0,0,0,0,4,1,3,0,0.294,0.25,0.544,-,2021
30,Will SmithLAD,C,12,44,6,11,0.25,2,0,3,4,22,8,8,0,0.365,0.5,0.865,-,2021
30,Dylan CarlsonSTL,CF,1,4,0,1,0.25,0,0,0,0,1,0,1,0,0.25,0.25,0.5,-,2021
36,Christian ArroyoBOS,2B,11,38,4,9,0.237,1,1,1,3,15,0,7,0,0.237,0.395,0.632,-,2021
37,Travis d'ArnaudATL,C,16,55,7,13,0.236,1,0,2,3,20,6,23,0,0.311,0.364,0.675,-,2021
38,Lorenzo CainMIL,CF,4,13,0,3,0.231,0,0,0,1,3,1,2,1,0.286,0.231,0.516,-,2021
39,Dansby SwansonATL,SS,16,58,6,13,0.224,1,0,2,4,20,3,15,1,0.262,0.345,0.607,-,2021
40,Adam DuvallATL,CF,16,59,4,13,0.22,0,1,3,10,24,3,16,0,0.266,0.407,0.672,-,2021
41,Alex BregmanHOU,3B,16,60,9,13,0.217,2,0,1,7,18,7,15,0,0.304,0.3,0.604,-,2021
42,Trea TurnerLAD,SS,12,51,3,11,0.216,2,0,0,2,13,1,12,1,0.245,0.255,0.5,-,2021
43,Kevin KiermaierTB,CF,4,14,2,3,0.214,3,0,0,1,6,2,4,0,0.313,0.429,0.741,-,2021
44,Jose AltuveHOU,2B,16,67,21,14,0.209,3,0,5,9,32,8,17,2,0.299,0.478,0.776,-,2021
45,Kyle SchwarberBOS,LF,11,44,8,9,0.205,1,0,3,6,19,5,11,1,0.286,0.432,0.718,-,2021
46,Leury GarciaCHW,2B,4,15,3,3,0.2,1,0,1,4,7,1,7,0,0.25,0.467,0.717,-,2021
46,Christian YelichMIL,LF,4,15,1,3,0.2,0,0,0,0,3,2,8,1,0.294,0.2,0.494,-,2021
46,Yandy DiazTB,3B,4,15,1,3,0.2,0,0,0,2,3,1,2,0,0.25,0.2,0.45,-,2021
49,Hunter RenfroeBOS,RF,11,36,4,7,0.194,2,0,0,1,9,7,12,1,0.326,0.25,0.576,-,2021
50,Corey SeagerLAD,SS,12,48,5,9,0.188,3,0,2,6,18,5,14,0,0.264,0.375,0.639,-,2021
1,Matt ChapmanTOR,3B,2,7,0,3,0.429,1,0,0,1,4,1,2,0,0.444,0.571,1.016,-,2022
2,Travis d'ArnaudATL,C,4,16,2,6,0.375,3,0,2,5,15,0,4,0,0.375,0.938,1.313,-,2022
2,Danny JansenTOR,C,2,8,0,3,0.375,1,0,0,2,4,0,4,0,0.375,0.5,0.875,-,2022
2,Alejandro KirkTOR,C,2,8,2,3,0.375,1,0,0,0,4,1,1,0,0.444,0.5,0.944,-,2022
5,Freddie FreemanLAD,1B,4,14,1,5,0.357,3,0,1,3,11,3,4,1,0.5,0.786,1.286,-,2022
6,Eugenio SuarezSEA,3B,5,20,5,7,0.35,2,0,1,3,12,1,5,0,0.381,0.6,0.981,-,2022
7,Bryce HarperPHI,DH,17,63,12,22,0.349,7,0,6,13,47,6,14,1,0.414,0.746,1.16,-,2022
8,Yuli GurrielHOU,1B,12,49,4,17,0.347,1,0,2,4,24,1,1,2,0.36,0.49,0.85,-,2022
9,Jeremy PenaHOU,SS,13,58,12,20,0.345,5,0,4,8,37,2,15,0,0.367,0.638,1.005,-,2022
10,Eduardo EscobarNYM,3B,3,9,2,3,0.333,1,0,1,2,7,2,3,0,0.455,0.778,1.232,-,2022
10,Brandon NimmoNYM,CF,3,12,0,4,0.333,0,1,0,1,6,1,1,0,0.385,0.5,0.885,-,2022
10,Matt OlsonATL,1B,4,12,4,4,0.333,0,0,2,5,10,5,4,0,0.529,0.833,1.363,-,2022
10,Jose RamirezCLE,3B,7,30,2,10,0.333,2,0,1,4,15,1,7,0,0.344,0.5,0.844,-,2022
10,Trea TurnerLAD,SS,4,18,4,6,0.333,2,0,2,2,14,0,5,1,0.333,0.778,1.111,-,2022
10,Harrison BaderNYY,CF,9,30,8,10,0.333,0,0,5,6,25,4,6,0,0.429,0.833,1.262,-,2022
10,Ronald Acuna Jr.ATL,RF,4,15,2,5,0.333,1,0,0,0,6,1,5,0,0.412,0.4,0.812,-,2022
10,Lars NootbaarSTL,RF,2,6,0,2,0.333,1,0,0,0,3,2,2,0,0.5,0.5,1.0,-,2022
18,Pete AlonsoNYM,1B,3,10,2,3,0.3,0,0,1,1,6,2,4,0,0.417,0.6,1.017,-,2022
18,Steven KwanCLE,LF,7,30,4,9,0.3,1,0,1,2,13,2,2,1,0.344,0.433,0.777,-,2022
20,Alex BregmanHOU,3B,13,51,7,15,0.294,5,0,3,11,29,6,6,1,0.379,0.569,0.948,-,2022
21,George SpringerTOR,CF,2,7,0,2,0.286,0,0,0,0,2,0,3,0,0.375,0.286,0.661,-,2022
21,Max MuncyLAD,3B,4,14,2,4,0.286,1,0,1,2,8,2,6,0,0.375,0.571,0.946,-,2022
23,Anthony RizzoNYY,1B,9,29,4,8,0.276,2,0,2,8,16,5,8,0,0.432,0.552,0.984,-,2022
24,Manny MachadoSD,3B,12,48,4,13,0.271,3,0,4,7,28,4,17,0,0.327,0.583,0.91,-,2022
25,Albert PujolsSTL,DH,2,8,0,2,0.25,0,0,0,0,2,0,1,0,0.25,0.25,0.5,-,2022
25,Jurickson ProfarSD,LF,12,44,6,11,0.25,0,0,1,5,14,8,8,0,0.365,0.318,0.684,-,2022
25,Teoscar HernandezTOR,RF,2,8,3,2,0.25,0,0,2,4,8,0,1,1,0.333,1.0,1.333,-,2022
25,Bo BichetteTOR,SS,2,8,1,2,0.25,1,0,0,0,3,1,1,1,0.333,0.375,0.708,-,2022
29,Amed RosarioCLE,SS,7,29,3,7,0.241,0,0,1,2,10,1,10,1,0.313,0.345,0.657,-,2022
30,Jake CronenworthSD,2B,12,46,6,11,0.239,0,0,1,6,14,1,15,0,0.286,0.304,0.59,-,2022
30,Juan SotoSD,RF,12,46,7,11,0.239,2,0,2,7,19,4,10,1,0.314,0.413,0.727,-,2022
32,Mitch HanigerSEA,RF,5,21,2,5,0.238,2,0,0,0,7,2,5,0,0.333,0.333,0.667,-,2022
33,Ty FranceSEA,1B,5,26,1,6,0.231,1,0,0,2,7,1,6,0,0.259,0.269,0.528,-,2022
33,Gavin LuxLAD,2B,4,13,0,3,0.231,1,0,0,1,4,0,5,0,0.231,0.308,0.538,-,2022
33,Chas McCormickHOU,LF,12,39,5,9,0.231,0,0,2,3,15,5,15,0,0.333,0.385,0.718,-,2022
36,Carlos SantanaSEA,1B,5,22,1,5,0.227,2,0,1,4,10,2,8,0,0.292,0.455,0.746,-,2022
36,Cal RaleighSEA,C,5,22,4,5,0.227,1,0,1,4,9,2,8,0,0.292,0.409,0.701,-,2022
38,Oscar GonzalezCLE,RF,7,31,2,7,0.226,0,0,1,4,10,0,9,0,0.25,0.323,0.573,-,2022
39,Austin NolaSD,C,12,40,3,9,0.225,2,0,0,5,11,3,10,0,0.273,0.275,0.548,-,2022
40,Alec BohmPHI,3B,17,58,6,13,0.224,5,0,1,8,21,4,16,0,0.292,0.362,0.654,-,2022
41,Kyle SchwarberPHI,LF,17,55,13,12,0.218,0,0,6,10,30,15,18,3,0.392,0.545,0.937,-,2022
42,Adam FrazierSEA,2B,5,23,3,5,0.217,1,0,0,1,6,1,5,0,0.25,0.261,0.511,-,2022
42,Julio RodriguezSEA,CF,5,23,5,5,0.217,3,1,0,2,10,3,7,1,0.357,0.435,0.792,-,2022
44,J.T. RealmutoPHI,C,17,65,11,14,0.215,1,0,3,6,24,6,24,0,0.292,0.369,0.661,-,2022
45,Jean SeguraPHI,2B,17,56,4,12,0.214,2,0,0,7,14,2,14,1,0.25,0.25,0.5,-,2022
46,Kyle TuckerHOU,RF,13,49,4,10,0.204,1,0,3,6,20,7,14,1,0.298,0.408,0.706,-,2022
47,Francisco LindorNYM,SS,3,10,2,2,0.2,0,0,1,1,5,1,2,1,0.333,0.5,0.833,-,2022
47,Trent GrishamSD,CF,12,40,8,8,0.2,0,0,3,5,17,4,15,0,0.304,0.425,0.729,-,2022
49,Josh NaylorCLE,1B,7,31,2,6,0.194,1,0,1,3,10,0,6,0,0.194,0.323,0.516,-,2022
50,Yordan AlvarezHOU,DH,13,52,9,10,0.192,3,0,3,14,22,6,16,0,0.311,0.423,0.735,-,2022
