RK,Name,POS,GP,GS,QS,ERA,W,L,SV,HLD,IP,H,ER,HR,BB,K,K/9,WAR,WHIP,Year
1,Tim HudsonATL,SP,1,1,1,0.0,0,0,0,0,7.0,4,0,0,4,5,6.4,-,1.14,2010
1,Matt CainSF,SP,3,3,3,0.0,2,0,0,0,21.1,13,0,0,7,13,5.5,-,0.94,2010
1,Jonny VentersATL,RP,4,0,0,0.0,0,0,0,0,5.1,7,0,0,0,8,13.5,-,1.31,2010
1,Travis WoodCIN,SP,1,0,0,0.0,0,0,0,0,3.1,1,0,0,1,3,8.1,-,0.6,2010
5,Cole HamelsPHI,SP,2,2,2,1.2,1,1,0,0,15.0,9,2,0,1,17,10.2,-,0.67,2010
6,Matt GarzaTB,SP,1,1,1,1.5,0,0,0,0,6.0,5,1,1,2,4,6.0,-,1.17,2010
7,Bronson ArroyoCIN,SP,1,1,0,1.69,0,0,0,0,5.1,4,1,0,3,2,3.4,-,1.31,2010
8,Colby LewisTEX,SP,4,4,2,1.71,3,0,0,0,26.1,16,5,3,13,24,8.2,-,1.1,2010
9,Johnny CuetoCIN,SP,1,1,0,1.8,0,1,0,0,5.0,5,1,1,1,2,3.6,-,1.2,2010
10,Craig KimbrelATL,RP,4,0,0,2.08,0,1,0,1,4.1,1,1,0,1,7,14.5,-,0.46,2010
11,Madison BumgarnerSF,SP,4,3,2,2.18,2,0,0,0,20.2,18,5,1,5,18,7.8,-,1.11,2010
12,Derek LoweATL,RP,2,2,1,2.31,0,2,0,0,11.2,6,3,1,6,14,10.8,-,1.03,2010
13,Tim LincecumSF,RP,6,5,4,2.43,4,1,0,1,37.0,25,10,3,9,43,10.5,-,0.92,2010
14,Roy HalladayPHI,SP,3,3,2,2.45,2,1,0,0,22.0,14,6,2,3,20,8.2,-,0.77,2010
15,Andy PettitteNYY,SP,2,2,2,2.57,1,1,0,0,14.0,10,4,2,1,9,5.8,-,0.79,2010
16,Roy OswaltPHI,SP,4,3,2,2.75,1,1,0,0,19.2,19,6,3,4,19,8.7,-,1.17,2010
17,Cliff LeeTEX,SP,5,5,4,2.78,3,2,0,0,35.2,27,11,2,2,47,11.9,-,0.81,2010
18,Wade DavisTB,RP,1,1,0,3.6,1,0,0,0,5.0,7,2,1,3,7,12.6,-,2.0,2010
19,C.J. WilsonTEX,SP,4,4,3,3.7,1,2,0,0,24.1,17,10,4,10,17,6.3,-,1.11,2010
20,Jonathan SanchezSF,SP,4,4,2,4.05,0,2,0,0,20.0,16,9,2,9,22,9.9,-,1.25,2010
21,David PriceTB,RP,2,2,1,4.97,0,2,0,0,12.2,17,7,2,0,14,9.9,-,1.34,2010
22,CC SabathiaNYY,SP,3,3,2,5.63,2,0,0,0,16.0,22,10,3,7,15,8.4,-,1.81,2010
23,Carl PavanoMIN,SP,1,1,0,6.0,0,1,0,0,6.0,10,4,1,1,3,4.5,-,1.83,2010
24,Phil HughesNYY,RP,3,3,1,6.32,1,2,0,0,15.2,18,11,1,8,12,6.9,-,1.66,2010
25,Francisco LirianoMIN,RP,1,1,0,6.35,0,0,0,0,5.2,6,4,0,3,7,11.1,-,1.59,2010
26,Tommy HansonATL,SP,1,1,0,9.0,0,0,0,0,4.0,5,4,1,1,5,11.3,-,1.5,2010
27,Brian DuensingMIN,RP,1,1,0,13.5,0,1,0,0,3.1,7,5,1,1,1,2.7,-,2.4,2010
1,Cole HamelsPHI,SP,1,1,1,0.0,1,0,0,0,6.0,5,0,0,3,8,12.0,-,1.33,2011
2,Matt MooreTB,RP,2,1,1,0.9,1,0,0,0,10.0,3,1,1,3,8,7.2,-,0.6,2011
3,Josh CollmenterARI,RP,1,1,1,1.29,1,0,0,0,7.0,2,1,1,2,6,7.7,-,0.57,2011
4,A.J. BurnettNYY,SP,1,1,0,1.59,1,0,0,0,5.2,4,1,1,4,3,4.8,-,1.41,2011
5,Roy HalladayPHI,SP,2,2,2,2.25,1,1,0,0,16.0,9,4,1,2,15,8.4,-,0.69,2011
6,Yovani GallardoMIL,SP,3,3,2,2.84,1,1,0,0,19.0,18,6,2,8,16,7.6,-,1.37,2011
7,Colby LewisTEX,SP,4,4,2,3.04,1,1,0,0,23.2,16,8,4,9,20,7.6,-,1.06,2011
8,Chris CarpenterSTL,SP,6,6,4,3.25,4,0,0,0,36.0,31,13,4,11,21,5.3,-,1.17,2011
9,Derek HollandTEX,P,6,4,1,3.38,2,0,0,1,24.0,22,9,6,8,14,5.3,-,1.25,2011
10,David HernandezARI,RP,4,0,0,3.6,0,0,0,0,5.0,2,2,1,0,5,9.0,-,0.4,2011
11,David PriceTB,RP,1,1,1,4.05,0,1,0,0,6.2,7,3,1,1,3,4.1,-,1.2,2011
12,Jaime GarciaSTL,SP,5,5,2,4.21,0,2,0,0,25.2,27,12,3,8,21,7.4,-,1.36,2011
13,Ian KennedyARI,RP,2,2,1,4.26,0,1,0,0,12.2,13,6,1,3,8,5.7,-,1.26,2011
14,Ivan NovaNYY,SP,2,1,0,4.32,1,1,0,0,8.1,7,4,2,4,8,8.6,-,1.32,2011
15,Doug FisterDET,SP,3,2,1,4.76,2,1,0,0,17.0,19,9,1,4,13,6.9,-,1.35,2011
16,Rick PorcelloDET,SP,4,2,1,4.8,0,1,0,0,15.0,15,8,0,2,12,7.2,-,1.13,2011
17,Freddy GarciaNYY,SP,1,1,0,5.06,0,1,0,0,5.1,6,3,1,0,6,10.1,-,1.13,2011
18,Justin VerlanderDET,SP,4,4,0,5.31,2,1,0,0,20.1,19,12,2,10,25,11.1,-,1.43,2011
19,Matt HarrisonTEX,SP,5,4,0,5.4,1,2,0,0,18.1,20,11,2,9,16,7.9,-,1.58,2011
20,Max ScherzerDET,SP,4,3,2,5.74,1,1,0,1,15.2,15,10,1,9,14,8.0,-,1.53,2011
21,C.J. WilsonTEX,SP,6,5,0,5.79,0,3,0,0,28.0,29,18,6,19,26,8.4,-,1.71,2011
22,CC SabathiaNYY,SP,3,2,0,6.23,0,0,0,0,8.2,10,6,1,8,11,11.4,-,2.08,2011
23,Zack GreinkeMIL,SP,3,3,0,6.48,1,1,0,0,16.2,23,12,4,4,13,7.0,-,1.62,2011
24,Jeremy HellicksonTB,SP,1,1,0,6.75,0,1,0,0,4.0,4,3,3,1,1,2.3,-,1.25,2011
25,Roy OswaltPHI,SP,1,1,0,7.5,0,1,0,0,6.0,6,5,1,1,5,7.5,-,1.17,2011
25,Cliff LeePHI,SP,1,1,0,7.5,0,1,0,0,6.0,12,5,0,2,9,13.5,-,2.33,2011
27,Daniel HudsonARI,RP,1,1,0,8.44,0,1,0,0,5.1,9,5,1,0,6,10.1,-,1.69,2011
28,James ShieldsTB,SP,1,1,0,12.6,0,1,0,0,5.0,8,7,0,0,6,10.8,-,1.6,2011
1,Bronson ArroyoCIN,SP,1,1,1,0.0,1,0,0,0,7.0,1,0,0,1,4,5.1,-,0.29,2012
1,Eric O'FlahertyATL,RP,1,0,0,0.0,0,0,0,0,1.0,2,0,0,0,0,0.0,-,2.0,2012
1,Ross DetwilerWSH,RP,1,1,1,0.0,0,0,0,0,6.0,3,0,0,3,2,3.0,-,1.0,2012
1,Darren O'DayBAL,RP,5,0,0,0.0,0,0,0,3,7.0,1,0,0,1,5,6.4,-,0.29,2012
1,Brett AndersonOAK,SP,1,1,1,0.0,1,0,0,0,6.0,2,0,0,2,6,9.0,-,0.67,2012
1,Koji UeharaTEX,RP,1,0,0,0.0,0,0,0,0,1.0,0,0,0,0,3,27.0,-,0.0,2012
1,Craig KimbrelATL,RP,1,0,0,0.0,0,0,0,0,1.0,0,0,0,0,1,9.0,-,0.0,2012
8,Ryan VogelsongSF,SP,4,4,2,1.09,3,0,0,0,24.2,16,3,0,10,21,7.7,-,1.05,2012
9,Homer BaileyCIN,SP,1,1,1,1.29,0,0,0,0,7.0,1,1,0,1,10,12.9,-,0.29,2012
9,Miguel GonzalezBAL,SP,1,1,1,1.29,0,0,0,0,7.0,5,1,0,0,8,10.3,-,0.71,2012
11,Doug FisterDET,SP,3,3,3,1.4,0,1,0,0,19.1,16,3,0,7,16,7.4,-,1.19,2012
12,Wei-Yin ChenBAL,RP,1,1,1,1.42,1,0,0,0,6.1,8,1,0,1,3,4.3,-,1.42,2012
13,Tommy MiloneOAK,RP,1,1,1,1.5,0,0,0,0,6.0,5,1,0,1,6,9.0,-,1.0,2012
14,Joe SaundersBAL,SP,2,2,0,1.59,1,0,0,0,11.1,9,2,0,5,9,7.1,-,1.24,2012
15,Barry ZitoSF,SP,3,3,1,1.69,2,0,0,0,16.0,16,3,1,6,13,7.3,-,1.38,2012
16,Anibal SanchezDET,SP,3,3,3,1.77,1,2,0,0,20.1,14,4,1,6,18,8.0,-,0.98,2012
17,Phil HughesNYY,RP,2,2,1,1.86,0,1,0,0,9.2,7,2,2,6,9,8.4,-,1.34,2012
18,Max ScherzerDET,SP,3,3,1,2.08,1,0,0,0,17.1,12,4,1,4,26,13.5,-,0.92,2012
19,Justin VerlanderDET,SP,4,4,3,2.22,3,1,0,0,28.1,16,7,4,6,29,9.2,-,0.78,2012
20,Tim LincecumSF,RP,6,1,0,2.55,1,1,0,1,17.2,9,5,0,5,20,10.2,-,0.79,2012
21,Chris CarpenterSTL,SP,3,3,0,2.63,1,2,0,0,13.2,19,4,1,6,9,5.9,-,1.83,2012
22,Yu DarvishTEX,SP,1,1,1,2.7,0,1,0,0,6.2,5,2,0,0,7,9.5,-,0.75,2012
23,Hiroki KurodaNYY,SP,2,2,2,2.81,0,1,0,0,16.0,10,5,2,1,14,7.9,-,0.69,2012
24,Kris MedlenATL,SP,1,1,1,2.84,0,1,0,0,6.1,3,2,1,0,4,5.7,-,0.47,2012
25,Jason HammelBAL,SP,2,2,0,3.18,0,1,0,0,11.1,8,4,0,6,11,8.7,-,1.24,2012
26,Andy PettitteNYY,SP,2,2,2,3.29,0,1,0,0,13.2,14,5,0,4,10,6.6,-,1.32,2012
27,CC SabathiaNYY,SP,3,3,2,3.38,2,1,0,0,21.1,23,8,2,5,19,8.0,-,1.31,2012
28,Matt CainSF,SP,5,5,2,3.6,2,2,0,0,30.0,27,12,6,7,20,6.0,-,1.13,2012
28,A.J. GriffinOAK,SP,1,1,0,3.6,0,0,0,0,5.0,7,2,1,0,1,1.8,-,1.4,2012
30,Kyle LohseSTL,SP,4,4,1,3.98,2,1,0,0,20.1,21,9,2,8,14,6.2,-,1.43,2012
31,Jarrod ParkerOAK,SP,2,2,1,4.26,0,2,0,0,12.2,14,6,1,2,11,7.8,-,1.26,2012
32,Gio GonzalezWSH,SP,2,2,0,4.5,0,0,0,0,10.0,6,5,0,11,10,9.0,-,1.7,2012
33,Adam WainwrightSTL,SP,3,3,1,4.8,1,0,0,0,15.0,17,8,4,3,20,12.0,-,1.33,2012
34,Mat LatosCIN,SP,2,1,0,6.48,0,1,0,0,8.1,11,6,2,2,5,5.4,-,1.56,2012
35,Edwin JacksonWSH,SP,2,1,0,7.5,0,1,0,1,6.0,9,5,1,3,6,9.0,-,2.0,2012
36,Joe NathanTEX,RP,1,0,0,18.0,0,0,0,0,1.0,2,2,0,1,1,9.0,-,3.0,2012
1,Alfredo SimonCIN,SP,1,0,0,0.0,0,0,0,0,1.1,2,0,0,0,0,0.0,-,1.5,2013
1,Justin MastersonCLE,SP,1,0,0,0.0,0,0,0,0,2.0,1,0,0,0,2,9.0,-,0.5,2013
1,Sam LeCureCIN,RP,1,0,0,0.0,0,0,0,0,1.0,1,0,0,0,0,0.0,-,1.0,2013
1,Dan OteroOAK,RP,4,0,0,0.0,0,0,0,1,5.2,4,0,0,1,2,3.2,-,0.88,2013
1,Bryan ShawCLE,RP,1,0,0,0.0,0,0,0,0,1.2,1,0,0,0,2,10.8,-,0.6,2013
6,Justin VerlanderDET,SP,3,3,3,0.39,1,1,0,0,23.0,10,1,1,3,31,12.1,-,0.57,2013
7,Mike MinorATL,SP,1,1,1,1.42,1,0,0,0,6.1,8,1,0,1,5,7.1,-,1.42,2013
8,Alex CobbTB,SP,2,2,1,1.54,1,0,0,0,11.2,13,2,0,3,10,7.7,-,1.37,2013
9,Jon LesterBOS,SP,5,5,4,1.56,4,1,0,0,34.2,25,6,3,8,29,7.5,-,0.95,2013
10,Francisco LirianoPIT,RP,2,2,2,2.08,1,0,0,0,13.0,7,3,0,3,10,6.9,-,0.77,2013
10,Sonny GrayOAK,SP,2,2,1,2.08,0,1,0,0,13.0,10,3,1,6,12,8.3,-,1.23,2013
12,Gerrit ColePIT,SP,2,2,1,2.45,1,1,0,0,11.0,5,3,2,2,10,8.2,-,0.64,2013
13,Adam WainwrightSTL,SP,5,5,4,2.57,2,3,0,0,35.0,31,10,1,3,34,8.7,-,0.97,2013
13,Zack GreinkeLAD,SP,3,3,3,2.57,1,1,0,0,21.0,14,6,0,2,17,7.3,-,0.76,2013
15,Michael WachaSTL,SP,5,5,4,2.64,4,1,0,0,30.2,16,9,3,12,33,9.7,-,0.91,2013
16,John LackeyBOS,SP,5,4,3,2.77,3,1,0,1,26.0,25,8,0,6,25,8.7,-,1.19,2013
17,Max ScherzerDET,SP,4,3,3,2.82,2,1,0,0,22.1,12,7,1,11,34,13.7,-,1.03,2013
18,Freddy GarciaATL,SP,1,1,1,3.0,0,0,0,0,6.0,8,2,2,2,6,9.0,-,1.67,2013
18,Doug FisterDET,SP,2,2,2,3.0,1,0,0,0,12.0,15,4,1,2,8,6.0,-,1.42,2013
20,Clayton KershawLAD,SP,4,4,3,3.13,1,2,0,0,23.0,18,8,0,7,28,11.0,-,1.09,2013
21,Hyun Jin RyuLAD,SP,2,2,1,3.6,1,0,0,0,10.0,9,4,0,2,5,4.5,-,1.1,2013
22,Joe KellySTL,RP,4,4,1,4.15,0,1,0,0,21.2,20,10,2,9,19,7.9,-,1.34,2013
23,Clay BuchholzBOS,SP,4,4,1,4.35,0,0,0,0,20.2,22,10,3,8,17,7.4,-,1.45,2013
24,Anibal SanchezDET,SP,3,3,2,4.41,1,2,0,0,16.1,17,8,4,8,23,12.7,-,1.53,2013
25,Bartolo ColonOAK,SP,1,1,1,4.5,0,1,0,0,6.0,10,3,0,0,4,6.0,-,1.67,2013
25,Dan StrailyOAK,SP,1,1,1,4.5,0,0,0,0,6.0,4,3,1,0,8,12.0,-,0.67,2013
27,Lance LynnSTL,SP,5,3,0,5.19,2,2,0,0,17.1,19,10,1,11,17,8.8,-,1.73,2013
28,Jarrod ParkerOAK,SP,1,1,0,5.4,1,0,0,0,5.0,5,3,0,1,1,1.8,-,1.2,2013
29,Danny SalazarCLE,SP,1,1,0,6.75,0,1,0,0,4.0,4,3,1,2,4,9.0,-,1.5,2013
30,David PriceTB,RP,1,1,0,9.0,0,1,0,0,7.0,9,7,2,2,5,6.4,-,1.57,2013
30,Logan OndrusekCIN,RP,1,0,0,9.0,0,0,0,0,1.0,1,1,1,0,1,9.0,-,1.0,2013
32,Matt MooreTB,RP,2,1,0,9.95,0,1,0,0,6.1,9,7,0,3,7,9.9,-,1.89,2013
33,Johnny CuetoCIN,SP,1,1,0,10.8,0,1,0,0,3.1,8,4,2,1,0,0.0,-,2.7,2013
34,Kris MedlenATL,SP,1,1,0,11.25,0,1,0,0,4.0,9,5,1,1,4,9.0,-,2.5,2013
1,Zack GreinkeLAD,SP,1,1,1,0.0,0,0,0,0,7.0,2,0,0,2,7,9.0,-,0.57,2014
1,Huston StreetLAA,RP,2,0,0,0.0,0,0,0,0,3.0,0,0,0,2,3,9.0,-,0.67,2014
1,Andrew MillerBAL,RP,5,0,0,0.0,0,0,0,2,7.1,1,0,0,1,8,9.8,-,0.27,2014
1,Gio GonzalezWSH,SP,1,1,0,0.0,0,0,0,0,4.0,4,0,0,1,1,2.3,-,1.25,2014
1,Mark MelanconPIT,RP,1,0,0,0.0,0,0,0,0,1.0,0,0,0,0,1,9.0,-,0.0,2014
1,Doug FisterWSH,SP,1,1,1,0.0,1,0,0,0,7.0,4,0,0,3,3,3.9,-,1.0,2014
7,Madison BumgarnerSF,SP,7,6,6,1.03,4,1,1,0,52.2,28,6,3,6,45,7.7,-,0.65,2014
8,Jordan ZimmermannWSH,SP,1,1,1,1.04,0,0,0,0,8.2,3,1,0,1,6,6.2,-,0.46,2014
9,Kevin GausmanBAL,SP,3,0,0,1.13,0,0,0,0,8.0,4,1,0,2,7,7.9,-,0.75,2014
10,Matt ShoemakerLAA,SP,1,1,1,1.5,0,0,0,0,6.0,5,1,0,0,6,9.0,-,0.83,2014
10,Hyun Jin RyuLAD,SP,1,1,1,1.5,0,0,0,0,6.0,5,1,1,1,4,6.0,-,1.0,2014
12,Stephen StrasburgWSH,SP,1,1,0,1.8,0,1,0,0,5.0,8,1,0,1,2,3.6,-,1.8,2014
12,Kelvin HerreraKC,RP,11,0,0,1.8,1,0,0,3,15.0,11,3,0,7,16,9.6,-,1.2,2014
14,David PriceDET,RP,1,1,1,2.25,0,1,0,0,8.0,5,2,1,2,6,6.8,-,0.88,2014
14,Craig StammenWSH,RP,2,0,0,2.25,0,0,0,0,4.0,3,1,0,0,2,4.5,-,0.75,2014
16,Jered WeaverLAA,SP,1,1,1,2.57,0,0,0,0,7.0,3,2,0,2,6,7.7,-,0.71,2014
17,Lance LynnSTL,SP,2,2,1,3.09,0,0,0,0,11.2,13,4,0,3,11,8.5,-,1.37,2014
18,Yordano VenturaKC,SP,5,4,2,3.2,1,0,0,0,25.1,23,9,3,9,14,5.0,-,1.26,2014
19,Bud NorrisBAL,RP,2,2,1,3.38,1,0,0,0,10.2,11,4,1,2,9,7.6,-,1.22,2014
20,John LackeySTL,SP,2,2,1,3.46,1,0,0,0,13.0,10,5,0,2,11,7.6,-,0.92,2014
21,Jason VargasKC,SP,3,3,1,3.52,1,0,0,0,15.1,11,6,3,6,11,6.5,-,1.11,2014
22,Tim HudsonSF,SP,4,4,1,4.29,0,1,0,0,21.0,21,10,1,2,16,6.9,-,1.1,2014
23,Sean DoolittleOAK,RP,1,0,0,4.5,0,0,0,0,2.0,2,1,0,0,0,0.0,-,1.0,2014
24,Shelby MillerSTL,RP,2,2,0,4.82,0,0,0,0,9.1,11,5,0,5,7,6.8,-,1.71,2014
25,Justin VerlanderDET,SP,1,1,0,5.4,0,0,0,0,5.0,6,3,1,1,4,7.2,-,1.4,2014
26,Adam WainwrightSTL,SP,3,3,1,5.63,0,1,0,0,16.0,21,10,2,6,14,7.9,-,1.69,2014
27,James ShieldsKC,SP,5,5,2,6.12,1,2,0,0,25.0,36,17,4,7,20,7.2,-,1.72,2014
28,Max ScherzerDET,SP,1,1,0,6.14,0,1,0,0,7.1,7,5,2,1,6,7.4,-,1.09,2014
29,Chris TillmanBAL,SP,2,2,0,6.75,1,0,0,0,9.1,11,7,3,3,9,8.7,-,1.5,2014
30,Wei-Yin ChenBAL,RP,2,2,0,7.0,0,1,0,0,9.0,14,7,2,1,7,7.0,-,1.67,2014
31,Jon LesterOAK,SP,1,1,0,7.36,0,0,0,0,7.1,8,6,0,2,5,6.1,-,1.36,2014
32,Clayton KershawLAD,SP,2,2,1,7.82,0,2,0,0,12.2,12,11,3,2,19,13.5,-,1.11,2014
33,Edinson VolquezPIT,SP,1,1,0,9.0,0,1,0,0,5.0,5,5,1,3,3,5.4,-,1.6,2014
33,John HoldzkomPIT,RP,1,0,0,9.0,0,0,0,0,1.0,2,1,0,1,1,9.0,-,3.0,2014
35,Dan OteroOAK,RP,1,0,0,13.5,0,1,0,0,1.1,3,2,0,0,1,6.8,-,2.25,2014
36,Jared HughesPIT,RP,1,0,0,18.0,0,0,0,0,1.0,3,2,0,1,1,9.0,-,4.0,2014
1,Andrew MillerNYY,RP,1,0,0,0.0,0,0,0,0,1.0,0,0,0,0,2,18.0,-,0.0,2015
1,Joakim SoriaPIT,RP,1,0,0,0.0,0,0,0,0,1.0,0,0,0,1,3,27.0,-,1.0,2015
1,Mark MelanconPIT,RP,1,0,0,0.0,0,0,0,0,1.0,1,0,0,0,0,0.0,-,1.0,2015
1,Antonio BastardoPIT,RP,1,0,0,0.0,0,0,0,0,1.0,0,0,0,0,2,18.0,-,0.0,2015
1,Justin WilsonNYY,RP,1,0,0,0.0,0,0,0,0,1.1,0,0,0,1,0,0.0,-,0.75,2015
1,Tony WatsonPIT,RP,1,0,0,0.0,0,0,0,0,1.0,0,0,0,0,1,9.0,-,0.0,2015
7,Jeurys FamiliaNYM,RP,12,0,0,0.61,0,0,5,0,14.2,5,1,1,2,9,5.5,-,0.48,2015
8,Jake DiekmanTEX,RP,4,0,0,1.5,0,0,0,1,6.0,2,1,0,0,5,7.5,-,0.33,2015
9,Adam WainwrightSTL,SP,3,0,0,1.69,0,0,0,0,5.1,3,1,1,0,6,10.1,-,0.56,2015
10,Marco EstradaTOR,SP,3,3,2,2.33,2,1,0,0,19.1,14,5,2,1,15,7.0,-,0.78,2015
11,Dallas KeuchelHOU,SP,3,2,2,2.57,2,0,0,0,14.0,10,4,2,5,14,9.0,-,1.07,2015
12,Clayton KershawLAD,SP,2,2,2,2.63,1,1,0,0,13.2,7,4,2,5,19,12.5,-,0.88,2015
13,Cole HamelsTEX,SP,2,2,2,2.7,0,1,0,0,13.1,10,4,2,2,14,9.5,-,0.9,2015
14,Lance McCullers Jr.HOU,SP,1,1,1,2.84,0,0,0,0,6.1,2,2,1,2,7,9.9,-,0.63,2015
15,Jacob deGromNYM,SP,4,4,3,2.88,3,1,0,0,25.0,21,8,2,8,29,10.4,-,1.16,2015
16,Matt HarveyNYM,SP,4,4,3,3.04,2,0,0,0,26.2,21,9,2,8,27,9.1,-,1.09,2015
17,Zack GreinkeLAD,SP,2,2,2,3.29,1,1,0,0,13.2,11,5,3,1,17,11.2,-,0.88,2015
18,Noah SyndergaardNYM,SP,4,3,2,3.32,2,1,0,1,19.0,15,7,0,8,26,12.3,-,1.21,2015
19,John LackeySTL,SP,2,2,1,3.48,1,0,0,0,10.1,6,4,1,2,10,8.7,-,0.77,2015
20,Yovani GallardoTEX,SP,1,1,0,3.6,1,0,0,0,5.0,4,2,0,1,1,1.8,-,1.0,2015
20,Masahiro TanakaNYY,SP,1,1,0,3.6,0,1,0,0,5.0,4,2,2,3,3,5.4,-,1.4,2015
22,Jake ArrietaCHC,SP,3,3,1,3.66,2,1,0,0,19.2,14,8,2,4,28,12.8,-,0.92,2015
23,Steven MatzNYM,SP,3,3,0,3.68,0,1,0,0,14.2,17,6,0,4,13,8.0,-,1.43,2015
24,Edinson VolquezKC,SP,5,5,3,3.77,1,2,0,0,28.2,18,12,3,18,23,7.2,-,1.26,2015
25,Marcus StromanTOR,SP,3,3,2,4.19,1,0,0,0,19.1,22,9,1,4,10,4.7,-,1.34,2015
26,Jon LesterCHC,SP,2,2,1,4.5,0,2,0,0,14.0,13,7,3,2,14,9.0,-,1.07,2015
26,Collin McHughHOU,RP,2,2,1,4.5,1,1,0,0,10.0,9,5,2,2,2,1.8,-,1.1,2015
28,Johnny CuetoKC,SP,4,4,2,5.4,2,1,0,0,25.0,17,15,3,10,19,6.8,-,1.08,2015
28,Dellin BetancesNYY,RP,1,0,0,5.4,0,0,0,0,1.2,1,1,0,1,4,21.6,-,1.2,2015
30,David PriceTOR,RP,4,3,1,6.17,1,2,0,0,23.1,22,16,4,3,23,8.9,-,1.07,2015
31,Yordano VenturaKC,SP,5,5,0,6.43,0,2,0,0,21.0,27,15,5,8,22,9.4,-,1.67,2015
32,Martin PerezTEX,SP,1,1,0,7.2,0,1,0,0,5.0,6,4,0,3,2,3.6,-,1.8,2015
32,Gerrit ColePIT,SP,1,1,0,7.2,0,1,0,0,5.0,6,4,2,1,4,7.2,-,1.4,2015
34,Michael WachaSTL,SP,1,1,0,8.31,0,1,0,0,4.1,6,4,3,3,5,10.4,-,2.08,2015
1,Darren O'DayBAL,RP,1,0,0,0.0,0,0,0,0,1.2,0,0,0,0,1,5.4,-,0.0,2016
1,Matt BushTEX,RP,2,0,0,0.0,0,1,0,0,3.2,1,0,0,2,6,14.7,-,0.82,2016
1,Tony BarnetteTEX,RP,3,0,0,0.0,0,0,0,0,4.0,3,0,0,0,1,2.3,-,0.75,2016
1,Brad BrachBAL,RP,1,0,0,0.0,0,0,0,0,1.1,2,0,0,1,2,13.5,-,2.25,2016
1,Addison ReedNYM,RP,1,0,0,0.0,0,0,0,0,1.0,1,0,0,2,1,9.0,-,3.0,2016
1,Mychal GivensBAL,RP,1,0,0,0.0,0,0,0,0,2.1,0,0,0,0,3,11.6,-,0.0,2016
1,Noah SyndergaardNYM,SP,1,1,1,0.0,0,0,0,0,7.0,2,0,0,3,10,12.9,-,0.71,2016
1,Joe KellyBOS,RP,3,0,0,0.0,0,0,0,0,3.2,0,0,0,0,3,7.4,-,0.0,2016
1,Roberto OsunaTOR,RP,7,0,0,0.0,1,0,1,0,9.0,4,0,0,0,10,10.0,-,0.44,2016
1,Alex ClaudioTEX,RP,2,0,0,0.0,0,0,0,0,5.0,3,0,0,3,0,0.0,-,1.2,2016
11,Johnny CuetoSF,SP,1,1,1,1.13,0,1,0,0,8.0,3,1,1,0,10,11.3,-,0.38,2016
11,Matt MooreSF,RP,1,1,1,1.13,0,0,0,0,8.0,2,1,1,2,10,11.3,-,0.5,2016
13,Andrew MillerCLE,RP,10,0,0,1.4,2,0,1,5,19.1,12,3,2,5,30,14.0,-,0.88,2016
14,Kyle HendricksCHC,SP,5,5,1,1.42,1,1,0,0,25.1,19,4,1,7,19,6.8,-,1.03,2016
15,Corey KluberCLE,SP,6,6,4,1.83,4,1,0,0,34.1,28,7,3,8,35,9.2,-,1.05,2016
16,Madison BumgarnerSF,SP,2,2,1,1.93,1,0,0,0,14.0,11,3,1,3,10,6.4,-,1.0,2016
17,Marco EstradaTOR,SP,3,3,3,2.01,1,2,0,0,22.1,15,5,3,1,19,7.7,-,0.72,2016
18,Jon LesterCHC,SP,6,5,4,2.02,3,1,0,0,35.2,27,8,3,6,30,7.6,-,0.93,2016
19,J.A. HappTOR,SP,2,2,0,2.7,1,1,0,0,10.0,13,3,1,2,9,8.1,-,1.5,2016
20,Kenley JansenLAD,RP,7,0,0,3.09,0,0,3,1,11.2,5,4,1,5,19,14.7,-,0.86,2016
21,Rich HillLAD,SP,3,3,1,3.46,1,1,0,0,13.0,11,5,1,6,19,13.2,-,1.31,2016
22,Jake ArrietaCHC,SP,4,4,1,3.63,2,1,0,0,22.1,17,9,3,7,25,10.1,-,1.07,2016
23,Max ScherzerWSH,SP,2,2,1,3.75,0,1,0,0,12.0,10,5,3,2,12,9.0,-,1.0,2016
24,Chris TillmanBAL,SP,1,1,0,4.15,0,0,0,0,4.1,4,2,1,1,4,8.3,-,1.15,2016
25,Clayton KershawLAD,SP,5,4,1,4.44,2,1,1,0,24.1,24,12,2,4,29,10.7,-,1.15,2016
26,Clay BuchholzBOS,SP,1,1,0,4.5,0,1,0,0,4.0,6,2,0,1,4,9.0,-,1.75,2016
27,Josh TomlinCLE,RP,4,4,0,4.58,2,1,0,0,17.2,15,9,1,5,11,5.6,-,1.13,2016
28,Marcus StromanTOR,SP,2,2,1,4.76,0,1,0,0,11.1,7,6,3,3,11,8.7,-,0.88,2016
29,Drew PomeranzBOS,SP,2,0,0,4.91,0,0,0,0,3.2,4,2,1,2,7,17.2,-,1.64,2016
30,Aaron SanchezTOR,SP,2,2,1,5.4,1,0,0,0,11.2,5,7,2,6,10,7.7,-,0.94,2016
31,Yu DarvishTEX,SP,1,1,0,9.0,0,1,0,0,5.0,5,5,4,1,4,7.2,-,1.2,2016
32,Rick PorcelloBOS,SP,1,1,0,10.38,0,1,0,0,4.1,6,5,3,0,6,12.5,-,1.38,2016
33,David PriceBOS,RP,1,1,0,13.5,0,1,0,0,3.1,6,5,1,2,3,8.1,-,2.4,2016
34,Cole HamelsTEX,SP,1,1,0,16.2,0,1,0,0,3.1,6,6,1,3,1,2.7,-,2.7,2016
35,Jeurys FamiliaNYM,RP,1,0,0,27.0,0,1,0,0,1.0,2,3,1,1,1,9.0,-,3.0,2016
1,Matt BelisleMIN,RP,1,0,0,0.0,0,0,0,0,1.0,0,0,0,0,0,0.0,-,0.0,2017
1,David PriceBOS,RP,2,0,0,0.0,0,0,0,1,6.2,5,0,0,2,6,8.1,-,1.05,2017
1,Carlos CarrascoCLE,SP,1,1,0,0.0,0,0,0,0,5.2,3,0,0,3,7,11.1,-,1.06,2017
1,Stephen StrasburgWSH,SP,2,2,2,0.0,1,1,0,0,14.0,6,0,0,3,22,14.1,-,0.64,2017
1,Chris RusinCOL,RP,1,0,0,0.0,0,0,0,0,2.1,2,0,0,2,3,11.6,-,1.71,2017
1,Trevor BauerCLE,SP,2,2,1,0.0,1,1,0,0,8.1,6,0,0,3,11,11.9,-,1.08,2017
7,Jake ArrietaCHC,SP,2,2,1,0.84,1,1,0,0,10.2,5,1,1,10,13,11.0,-,1.41,2017
8,Masahiro TanakaNYY,SP,3,3,3,0.9,2,1,0,0,20.0,10,2,0,3,18,8.1,-,0.65,2017
9,Bryan ShawCLE,RP,3,0,0,1.5,0,0,0,0,6.0,4,1,1,0,5,7.5,-,0.67,2017
10,Kenley JansenLAD,RP,13,0,0,1.62,1,1,5,0,16.2,8,3,2,3,20,10.8,-,0.66,2017
11,Cody AllenCLE,RP,4,0,0,1.69,0,0,1,0,5.1,5,1,0,3,8,13.5,-,1.5,2017
12,Andrew MillerCLE,RP,4,0,0,1.8,0,1,0,0,5.0,4,1,1,2,8,14.4,-,1.2,2017
13,Jon LesterCHC,SP,3,2,1,1.88,0,0,0,0,14.1,6,3,1,8,7,4.4,-,0.98,2017
14,Justin VerlanderHOU,SP,6,5,5,2.21,4,1,0,0,36.2,22,9,3,8,38,9.3,-,0.82,2017
15,CC SabathiaNYY,SP,4,4,1,2.37,1,1,0,0,19.0,16,5,1,10,19,9.0,-,1.37,2017
16,Rich HillLAD,SP,4,4,0,2.55,0,0,0,0,17.2,13,5,3,8,24,12.2,-,1.19,2017
17,Lance McCullers Jr.HOU,SP,5,3,1,2.61,1,0,1,0,20.2,13,6,1,9,19,8.3,-,1.06,2017
18,Archie BradleyARI,RP,3,0,0,3.0,0,0,0,1,6.0,6,2,2,3,5,7.5,-,1.5,2017
19,Dallas KeuchelHOU,SP,5,5,2,3.58,2,2,0,0,27.2,25,11,2,8,32,10.4,-,1.19,2017
20,Zack GodleyARI,SP,1,0,0,3.6,0,0,0,0,5.0,4,2,0,2,5,9.0,-,1.2,2017
21,Max ScherzerWSH,SP,2,1,1,3.68,0,1,0,0,7.1,4,3,0,4,8,9.8,-,1.09,2017
22,Clayton KershawLAD,SP,6,5,2,3.82,3,0,0,0,33.0,21,14,8,10,33,9.0,-,0.94,2017
23,Kyle HendricksCHC,SP,3,3,1,3.94,1,1,0,0,16.0,17,7,4,5,18,10.1,-,1.38,2017
24,David RobertsonNYY,RP,8,0,0,4.15,2,0,0,1,13.0,11,6,2,4,16,11.1,-,1.15,2017
25,Charlie MortonHOU,SP,5,4,1,4.24,2,1,0,0,23.1,20,11,2,6,25,9.6,-,1.11,2017
26,Rick PorcelloBOS,SP,2,1,0,4.5,0,0,0,0,4.0,5,2,0,3,4,9.0,-,2.0,2017
27,Jose QuintanaCHC,SP,4,3,0,5.4,0,1,0,1,13.1,11,8,1,5,12,8.1,-,1.2,2017
28,Luis SeverinoNYY,SP,4,4,1,5.63,1,1,0,0,16.0,13,10,5,8,12,6.8,-,1.31,2017
29,Gio GonzalezWSH,SP,2,2,0,6.75,0,0,0,0,8.0,6,6,2,6,11,12.4,-,1.5,2017
29,Robbie RayARI,SP,2,1,0,6.75,0,1,0,0,6.2,6,5,0,4,9,12.2,-,1.5,2017
29,Trevor HildenbergerMIN,RP,1,0,0,6.75,0,0,0,0,1.1,1,1,0,2,0,0.0,-,2.25,2017
32,Zack GreinkeARI,SP,2,2,0,7.27,0,1,0,0,8.2,10,7,2,6,5,5.2,-,1.85,2017
33,Chris SaleBOS,SP,2,1,0,8.38,0,2,0,0,9.2,13,9,4,1,12,11.2,-,1.45,2017
34,Jose BerriosMIN,SP,1,0,0,9.0,0,1,0,0,3.0,5,3,1,0,4,12.0,-,1.67,2017
35,Corey KluberCLE,SP,2,2,0,12.79,0,1,0,0,6.1,10,9,4,3,10,14.2,-,2.05,2017
36,Pat NeshekCOL,RP,1,0,0,13.5,0,0,0,0,1.1,2,2,0,1,2,13.5,-,2.25,2017
37,Ervin SantanaMIN,SP,1,1,0,18.0,0,0,0,0,2.0,3,4,2,2,0,0.0,-,2.5,2017
37,Tyler AndersonCOL,SP,1,0,0,18.0,0,0,0,0,1.0,2,2,1,0,1,9.0,-,2.0,2017
39,Jon GrayCOL,SP,1,1,0,27.0,0,1,0,0,1.1,7,4,1,0,2,13.5,-,5.25,2017
1,Cole HamelsCHC,SP,1,0,0,0.0,0,0,0,0,2.0,2,0,0,1,1,4.5,-,1.5,2018
1,Jesse ChavezCHC,RP,1,0,0,0.0,0,0,0,0,1.0,1,0,0,0,0,0.0,-,1.0,2018
1,Pedro StropCHC,RP,1,0,0,0.0,0,0,0,0,1.0,1,0,0,0,2,18.0,-,1.0,2018
1,Shawn KelleyOAK,RP,1,0,0,0.0,0,0,0,0,1.0,1,0,0,0,0,0.0,-,1.0,2018
1,Jeurys FamiliaOAK,RP,1,0,0,0.0,0,0,0,0,1.0,0,0,0,0,1,9.0,-,0.0,2018
1,Chris RusinCOL,RP,4,0,0,0.0,0,0,0,0,4.0,2,0,0,2,2,4.5,-,1.0,2018
1,Josh HaderMIL,RP,7,0,0,0.0,0,0,0,3,10.0,5,0,0,1,16,14.4,-,0.6,2018
1,Kyle FreelandCOL,SP,1,1,1,0.0,0,0,0,0,6.2,4,0,0,1,6,8.1,-,0.75,2018
1,Lou TrivinoOAK,RP,1,0,0,0.0,0,0,0,0,3.0,1,0,0,1,4,12.0,-,0.67,2018
10,Corey KnebelMIL,RP,9,0,0,0.9,1,0,1,3,10.0,2,1,0,3,14,12.6,-,0.5,2018
11,Wade MileyMIL,SP,4,4,0,1.23,0,0,0,0,14.2,10,2,1,4,9,5.5,-,0.95,2018
12,Jhoulys ChacinMIL,RP,3,3,0,1.46,2,1,0,0,12.1,9,2,1,6,9,6.6,-,1.22,2018
13,Jon LesterCHC,SP,1,1,1,1.5,0,0,0,0,6.0,4,1,0,1,9,13.5,-,0.83,2018
13,Tyler AndersonCOL,SP,1,1,1,1.5,0,1,0,0,6.0,4,1,0,2,5,7.5,-,1.0,2018
15,Nathan EovaldiBOS,SP,6,2,2,1.61,2,1,0,2,22.1,15,4,1,3,16,6.4,-,0.81,2018
16,Dellin BetancesNYY,RP,3,0,0,1.69,1,0,0,1,5.1,3,1,0,1,7,11.8,-,0.75,2018
17,Mike ClevingerCLE,SP,1,1,0,1.8,0,0,0,0,5.0,3,1,1,3,9,16.2,-,1.2,2018
17,Masahiro TanakaNYY,SP,1,1,0,1.8,1,0,0,0,5.0,3,1,1,1,4,7.2,-,0.8,2018
19,Sean NewcombATL,SP,2,1,0,1.93,0,0,0,0,4.2,2,1,0,3,2,3.9,-,1.07,2018
20,Rich HillLAD,SP,4,3,1,2.16,0,0,0,0,16.2,9,4,0,12,17,9.2,-,1.26,2018
21,Brandon WoodruffMIL,SP,4,1,0,2.19,1,1,0,0,12.1,7,3,0,3,20,14.6,-,0.81,2018
22,Carlos CarrascoCLE,SP,1,1,0,3.38,0,1,0,0,5.1,6,2,0,1,3,5.1,-,1.31,2018
23,David PriceBOS,RP,6,5,3,3.46,3,1,0,0,26.0,18,10,4,12,23,8.0,-,1.15,2018
23,Gerrit ColeHOU,SP,2,2,1,3.46,1,1,0,0,13.0,9,5,1,2,17,11.8,-,0.85,2018
25,Rick PorcelloBOS,SP,5,3,0,3.52,1,0,0,2,15.1,15,6,3,2,11,6.5,-,1.11,2018
26,Dallas KeuchelHOU,SP,2,2,0,3.6,0,0,0,0,10.0,8,4,1,3,2,1.8,-,1.1,2018
26,Antonio SenzatelaCOL,SP,1,1,0,3.6,0,0,0,0,5.0,3,2,1,2,1,1.8,-,1.0,2018
26,German MarquezCOL,SP,1,1,0,3.6,0,1,0,0,5.0,7,2,1,1,5,9.0,-,1.6,2018
29,Walker BuehlerLAD,SP,4,4,1,3.8,0,1,0,0,23.2,16,10,3,4,29,11.0,-,0.85,2018
30,Chris SaleBOS,SP,5,3,0,4.11,1,0,0,1,15.1,11,7,1,8,24,14.1,-,1.24,2018
31,Justin VerlanderHOU,SP,3,3,1,4.15,2,1,0,0,17.1,11,8,2,8,17,8.8,-,1.1,2018
32,Clayton KershawLAD,SP,6,5,2,4.2,2,3,0,0,30.0,25,14,4,7,26,7.8,-,1.07,2018
33,Hyun Jin RyuLAD,SP,4,4,1,5.21,1,2,0,0,19.0,23,11,1,3,20,9.5,-,1.37,2018
34,Zack BrittonNYY,RP,4,0,0,5.4,0,0,0,0,5.0,5,3,2,2,4,7.2,-,1.4,2018
35,Anibal SanchezATL,SP,1,1,0,5.79,0,1,0,0,4.2,5,3,2,1,3,5.8,-,1.29,2018
36,Trevor BauerCLE,SP,3,0,0,6.75,0,1,0,0,4.0,7,3,1,1,4,9.0,-,2.0,2018
36,Kyle HendricksCHC,SP,1,0,0,6.75,0,1,0,0,1.1,3,1,0,0,0,0.0,-,2.25,2018
38,Mike FoltynewiczATL,SP,2,2,0,7.5,0,1,0,0,6.0,5,5,2,7,10,15.0,-,2.0,2018
39,Corey KluberCLE,SP,1,1,0,7.71,0,1,0,0,4.2,6,4,3,2,2,3.9,-,1.71,2018
39,Luis SeverinoNYY,SP,2,2,0,7.71,0,1,0,0,7.0,9,6,0,6,9,11.6,-,2.14,2018
41,Blake TreinenOAK,RP,1,0,0,13.5,0,0,0,0,2.0,2,3,1,2,0,0.0,-,2.0,2018
42,Liam HendriksOAK,RP,1,1,0,18.0,0,1,0,0,1.0,1,2,1,1,1,9.0,-,2.0,2018
1,Drew PomeranzMIL,SP,1,0,0,0.0,0,0,0,1,2.0,0,0,0,0,2,9.0,-,0.0,2019
1,Liam HendriksOAK,RP,1,0,0,0.0,0,0,0,0,1.0,0,0,0,0,1,9.0,-,0.0,2019
1,Brent SuterMIL,RP,1,0,0,0.0,0,0,0,0,1.0,1,0,0,0,0,0.0,-,1.0,2019
1,Jesus LuzardoOAK,SP,1,0,0,0.0,0,0,0,0,3.0,1,0,0,2,4,12.0,-,1.0,2019
1,Devin SmeltzerMIN,SP,1,0,0,0.0,0,0,0,0,3.1,2,0,0,3,4,10.8,-,1.5,2019
6,Walker BuehlerLAD,SP,2,2,2,0.71,1,0,0,0,12.2,5,1,0,6,15,10.7,-,0.87,2019
7,Charlie MortonTB,SP,2,2,0,0.9,2,0,0,0,10.0,8,1,1,5,13,11.7,-,1.3,2019
8,Mike SorokaATL,SP,1,1,1,1.29,0,0,0,0,7.0,2,1,0,0,7,9.0,-,0.29,2019
9,Miles MikolasSTL,SP,3,2,1,1.5,1,1,0,0,12.0,10,2,0,4,9,6.8,-,1.17,2019
10,Adam WainwrightSTL,SP,3,2,2,1.62,0,1,0,0,16.2,13,3,1,3,19,10.3,-,0.96,2019
11,Gerrit ColeHOU,SP,5,5,4,1.72,4,1,0,0,36.2,21,7,4,11,47,11.5,-,0.87,2019
12,Stephen StrasburgWSH,SP,6,5,5,1.98,5,0,0,0,36.1,30,8,4,4,47,11.6,-,0.94,2019
13,Jose BerriosMIN,SP,1,1,0,2.25,0,0,0,0,4.0,4,1,0,3,6,13.5,-,1.75,2019
13,Masahiro TanakaNYY,SP,3,3,1,2.25,2,1,0,0,16.0,8,4,1,4,12,6.8,-,0.75,2019
13,Brandon WoodruffMIL,SP,1,1,0,2.25,0,0,0,0,4.0,2,1,1,0,3,6.8,-,0.5,2019
16,Max ScherzerWSH,SP,6,5,2,2.4,3,0,0,1,30.0,21,8,4,15,37,11.1,-,1.2,2019
17,Anibal SanchezWSH,SP,3,3,1,2.5,1,1,0,0,18.0,15,5,2,4,18,9.0,-,1.06,2019
18,Yusmeiro PetitOAK,P,1,0,0,3.38,0,0,0,0,2.2,2,1,1,0,2,6.8,-,0.75,2019
19,James PaxtonNYY,SP,3,3,1,3.46,1,0,0,0,13.0,13,5,2,7,20,13.8,-,1.54,2019
20,Jake OdorizziMIN,SP,1,1,0,3.6,0,1,0,0,5.0,5,2,1,0,5,9.0,-,1.0,2019
20,Hyun Jin RyuLAD,SP,1,1,0,3.6,1,0,0,0,5.0,4,2,1,2,3,5.4,-,1.2,2019
22,Jack FlahertySTL,SP,3,3,2,4.24,1,2,0,0,17.0,17,8,2,4,22,11.6,-,1.24,2019
23,Justin VerlanderHOU,SP,6,6,2,4.33,1,4,0,0,35.1,30,17,8,14,38,9.7,-,1.25,2019
24,Dallas KeuchelATL,SP,2,2,0,4.5,0,0,0,0,8.0,9,4,3,4,4,4.5,-,1.63,2019
25,Zack GreinkeHOU,SP,5,5,2,4.68,0,2,0,0,25.0,24,13,6,10,25,9.0,-,1.36,2019
26,Patrick CorbinWSH,SP,8,3,1,5.79,2,3,0,2,23.1,21,15,2,12,36,13.9,-,1.41,2019
27,Clayton KershawLAD,SP,2,1,1,7.11,0,1,0,0,6.1,8,5,2,1,5,7.1,-,1.42,2019
28,Mike FoltynewiczATL,SP,2,2,1,7.36,1,1,0,0,7.1,6,6,0,3,7,8.6,-,1.23,2019
29,Tyler GlasnowTB,SP,2,2,0,7.71,0,2,0,0,7.0,9,6,1,3,8,10.3,-,1.71,2019
30,Josh HaderMIL,RP,1,0,0,18.0,0,1,0,0,1.0,2,2,0,1,2,18.0,-,3.0,2019
30,Sean ManaeaOAK,SP,1,1,0,18.0,0,1,0,0,2.0,4,4,3,0,5,22.5,-,2.0,2019
1,Trevor MayMIN,RP,2,0,0,0.0,0,0,0,1,2.0,0,0,0,0,0,0.0,-,0.0,2020
1,Trevor BauerCIN,SP,1,1,1,0.0,0,0,0,0,7.2,2,0,0,0,12,14.1,-,0.26,2020
1,Matt ShoemakerTOR,SP,1,1,0,0.0,0,0,0,0,3.0,2,0,0,0,2,6.0,-,0.67,2020
1,Adrian HouserMIL,SP,1,0,0,0.0,0,0,0,0,2.0,1,0,0,1,1,4.5,-,1.0,2020
1,Lucas SimsCIN,RP,2,0,0,0.0,0,0,0,0,2.2,0,0,0,1,5,16.9,-,0.38,2020
1,Michael LorenzenCIN,SP,2,0,0,0.0,0,0,0,0,2.2,2,0,0,0,6,20.3,-,0.75,2020
1,Jimmy CorderoCHW,RP,2,0,0,0.0,0,0,0,0,3.2,1,0,0,1,2,4.9,-,0.55,2020
1,Kenta MaedaMIN,SP,1,1,0,0.0,0,0,0,0,5.0,2,0,0,3,5,9.0,-,1.0,2020
1,Eric YardleyMIL,RP,1,0,0,0.0,0,0,0,0,2.1,0,0,0,0,2,7.7,-,0.0,2020
1,Justin TopaMIL,RP,1,0,0,0.0,0,0,0,0,2.0,1,0,0,1,0,0.0,-,1.0,2020
1,Nate PearsonTOR,RP,1,0,0,0.0,0,0,0,0,2.0,0,0,0,0,5,22.5,-,0.0,2020
1,Thomas HatchTOR,RP,2,0,0,0.0,0,0,0,0,2.0,0,0,0,0,1,4.5,-,0.0,2020
13,Ian AndersonATL,SP,4,4,1,0.96,2,0,0,0,18.2,11,2,0,10,24,11.6,-,1.13,2020
14,Julio UriasLAD,SP,6,2,0,1.17,4,0,1,0,23.0,11,3,3,4,29,11.3,-,0.65,2020
15,Lucas GiolitoCHW,SP,1,1,1,1.29,1,0,0,0,7.0,2,1,0,1,8,10.3,-,0.43,2020
16,Jack FlahertySTL,SP,1,1,1,1.5,0,1,0,0,6.0,6,1,0,2,8,12.0,-,1.33,2020
17,Luis CastilloCIN,SP,1,1,0,1.69,0,1,0,0,5.1,6,1,0,1,7,11.8,-,1.31,2020
18,Jose BerriosMIN,SP,1,1,0,1.8,0,0,0,0,5.0,2,1,0,2,4,7.2,-,0.8,2020
18,Walker BuehlerLAD,SP,5,5,2,1.8,2,0,0,0,25.0,18,5,2,12,39,14.0,-,1.2,2020
20,Framber ValdezHOU,SP,4,3,3,1.88,3,1,0,0,24.0,14,5,3,10,26,9.8,-,1.0,2020
21,Charlie MortonTB,SP,4,4,0,2.7,3,1,0,0,20.0,18,6,1,5,23,10.3,-,1.15,2020
21,Yu DarvishCHC,SP,1,1,1,2.7,0,1,0,0,6.2,5,2,1,2,6,8.1,-,1.05,2020
21,Alex ReyesSTL,RP,2,0,0,2.7,0,0,1,0,3.1,2,1,1,2,3,8.1,-,1.2,2020
21,Phil MatonCLE,RP,2,0,0,2.7,0,0,0,0,3.1,1,1,0,1,1,2.7,-,0.6,2020
25,Clayton KershawLAD,SP,5,5,3,2.93,4,1,0,0,30.2,23,10,4,5,37,10.9,-,0.91,2020
26,Gerrit ColeNYY,SP,3,3,2,2.95,2,0,0,0,18.1,13,6,4,4,30,14.7,-,0.93,2020
27,Robbie RayTOR,SP,1,0,0,3.0,0,1,0,0,3.0,1,1,0,1,5,15.0,-,0.67,2020
28,Blake SnellTB,SP,6,6,0,3.03,2,2,0,0,29.2,20,10,5,14,37,11.2,-,1.15,2020
29,Max FriedATL,SP,4,4,3,3.04,0,1,0,0,23.2,24,8,4,6,23,8.7,-,1.27,2020
30,Chris BassittOAK,SP,2,2,1,3.27,1,0,0,0,11.0,15,4,2,1,9,7.4,-,1.45,2020
31,Pablo LopezMIA,SP,1,1,0,3.6,0,1,0,0,5.0,3,2,2,0,7,12.6,-,0.6,2020
32,Jose UrquidyHOU,SP,4,3,0,4.02,0,1,0,0,15.2,12,7,4,6,12,6.9,-,1.15,2020
33,Kyle HendricksCHC,SP,1,1,1,4.26,0,1,0,0,6.1,5,3,1,3,3,4.3,-,1.26,2020
33,Sandy AlcantaraMIA,SP,2,2,1,4.26,1,1,0,0,12.2,11,6,2,4,12,8.5,-,1.18,2020
35,Zack GreinkeHOU,SP,3,3,1,4.3,1,0,0,0,14.2,12,7,3,5,12,7.4,-,1.16,2020
36,Tyler DuffeyMIN,RP,2,0,0,4.5,0,0,0,0,2.0,3,1,0,1,2,9.0,-,2.0,2020
36,Sixto SanchezMIA,SP,2,2,0,4.5,0,1,0,0,8.0,8,4,0,5,8,9.0,-,1.63,2020
36,Cody StashakMIN,RP,1,0,0,4.5,0,1,0,0,2.0,1,1,1,0,1,4.5,-,0.5,2020
39,Lance McCullers Jr.HOU,SP,3,3,1,4.91,0,2,0,0,14.2,16,8,7,2,23,14.1,-,1.23,2020
40,Adam WainwrightSTL,SP,1,1,0,5.4,0,0,0,0,3.1,6,2,0,2,3,8.1,-,2.4,2020
41,Brandon WoodruffMIL,SP,1,1,0,5.79,0,1,0,0,4.2,5,3,0,0,9,17.4,-,1.07,2020
42,Tyler GlasnowTB,SP,6,6,1,6.28,2,3,0,0,28.2,26,20,9,17,40,12.6,-,1.5,2020
43,Kwang Hyun KimSTL,SP,1,1,0,7.36,0,0,0,0,3.2,5,3,0,2,2,4.9,-,1.91,2020
44,Dallas KeuchelCHW,SP,1,1,0,8.1,0,1,0,0,3.1,6,3,2,0,4,10.8,-,1.8,2020
45,Jesus LuzardoOAK,SP,2,2,0,8.22,0,1,0,0,7.2,11,7,4,2,7,8.2,-,1.7,2020
46,Cam HillCLE,RP,1,0,0,9.0,0,0,0,0,2.0,3,2,2,0,2,9.0,-,1.5,2020
47,Zach DaviesSD,SP,2,2,0,10.29,0,1,0,0,7.0,14,8,2,1,6,7.7,-,2.14,2020
48,Carlos CarrascoCLE,SP,1,1,0,12.0,0,0,0,0,3.0,2,4,1,3,6,18.0,-,1.67,2020
49,Masahiro TanakaNYY,SP,2,2,0,12.38,0,1,0,0,8.0,13,11,2,4,7,7.9,-,2.13,2020
50,Shane BieberCLE,SP,1,1,0,13.5,0,1,0,0,4.2,9,7,2,2,7,13.5,-,2.36,2020
1,David RobertsonTB,RP,3,0,0,0.0,0,0,0,0,4.0,3,0,0,1,2,4.5,-,1.0,2021
1,Clay HolmesNYY,RP,1,0,0,0.0,0,0,0,0,2.0,1,0,0,0,1,4.5,-,0.5,2021
1,Luis GarciaSTL,RP,1,0,0,0.0,0,0,0,0,1.2,1,0,0,1,0,0.0,-,1.2,2021
1,Chad GreenNYY,RP,1,0,0,0.0,0,0,0,0,1.2,1,0,0,1,2,10.8,-,1.2,2021
1,Giovanny GallegosSTL,RP,1,0,0,0.0,0,0,0,0,1.0,1,0,0,0,2,18.0,-,1.0,2021
1,Freddy PeraltaMIL,SP,1,1,0,0.0,0,0,0,0,4.0,3,0,0,1,5,11.3,-,1.0,2021
1,Corbin BurnesMIL,SP,1,1,1,0.0,0,0,0,0,6.0,2,0,0,3,6,9.0,-,0.83,2021
8,Logan WebbSF,SP,2,2,2,0.61,1,0,0,0,14.2,9,1,0,1,17,10.4,-,0.68,2021
9,Ian AndersonATL,SP,4,4,0,1.59,2,0,0,0,17.0,9,3,1,7,16,8.5,-,0.94,2021
10,Adam WainwrightSTL,SP,1,1,0,1.69,0,0,0,0,5.1,4,1,1,2,5,8.4,-,1.13,2021
11,Ryan TeperaCHW,RP,3,0,0,1.93,0,0,0,1,4.2,2,1,0,0,3,5.8,-,0.43,2021
12,Max ScherzerLAD,SP,4,3,1,2.16,0,1,1,0,16.2,10,4,2,5,23,12.4,-,0.9,2021
13,Nick PivettaBOS,SP,3,1,0,2.63,1,0,0,0,13.2,9,4,3,5,14,9.2,-,1.02,2021
14,Charlie MortonATL,SP,4,4,1,3.24,0,1,0,0,16.2,11,6,2,10,22,11.9,-,1.26,2021
15,Brandon WoodruffMIL,SP,2,1,1,3.68,0,1,0,0,7.1,6,3,1,1,8,9.8,-,0.95,2021
16,Max FriedATL,SP,5,5,3,4.23,2,2,0,0,27.2,30,13,3,3,29,9.4,-,1.19,2021
17,Nathan EovaldiBOS,SP,5,4,0,4.79,2,2,0,0,20.2,19,11,2,5,25,10.9,-,1.16,2021
18,Walker BuehlerLAD,SP,4,4,1,4.91,0,2,0,0,18.1,22,10,3,9,18,8.8,-,1.69,2021
19,Eduardo RodriguezBOS,SP,3,3,1,4.97,1,1,0,0,12.2,10,7,1,2,14,9.9,-,0.95,2021
20,Julio UriasLAD,SP,4,2,0,5.4,1,1,0,0,15.0,17,9,4,3,15,9.0,-,1.33,2021
21,Kevin GausmanSF,SP,2,1,0,6.0,0,1,0,0,6.0,4,4,0,3,7,10.5,-,1.17,2021
22,Luis SeverinoNYY,SP,1,0,0,6.75,0,0,0,0,1.1,1,1,0,1,1,6.8,-,1.5,2021
23,Framber ValdezHOU,SP,5,5,1,7.78,1,1,0,0,19.2,28,17,6,8,16,7.3,-,1.83,2021
24,Shane McClanahanTB,SP,2,1,0,7.94,1,0,0,0,5.2,10,5,1,1,3,4.8,-,1.94,2021
25,Lucas GiolitoCHW,SP,1,1,0,8.31,0,0,0,0,4.1,3,4,0,5,4,8.3,-,1.85,2021
26,Gerrit ColeNYY,SP,1,1,0,13.5,0,1,0,0,2.0,4,3,2,2,3,13.5,-,3.0,2021
27,Jonathan LoaisigaNYY,RP,1,0,0,18.0,0,0,0,0,1.0,0,2,0,3,2,18.0,-,3.0,2021
1,Jose QuintanaSTL,SP,1,1,0,0.0,0,0,0,0,5.1,2,0,0,1,3,5.1,-,0.56,2022
1,Jason AdamTB,RP,1,0,0,0.0,0,0,0,0,2.0,1,0,0,0,2,9.0,-,0.5,2022
1,Tyler AndersonLAD,SP,1,1,0,0.0,0,0,0,0,5.0,2,0,0,2,6,10.8,-,0.8,2022
1,Tyler GlasnowTB,SP,1,1,0,0.0,0,0,0,0,5.0,2,0,0,0,5,9.0,-,0.4,2022
1,Giovanny GallegosSTL,RP,2,0,0,0.0,0,0,0,0,2.1,0,0,0,1,1,3.9,-,0.43,2022
1,Garrett CleavingerTB,RP,2,0,0,0.0,0,0,0,0,2.1,1,0,0,0,6,23.1,-,0.43,2022
1,Jordan MontgomerySTL,SP,1,0,0,0.0,0,0,0,0,2.2,2,0,0,3,3,10.1,-,1.88,2022
1,Kyle WrightATL,SP,1,1,1,0.0,1,0,0,0,6.0,2,0,0,1,6,9.0,-,0.5,2022
1,George KirbySEA,SP,2,1,1,0.0,0,0,1,0,8.0,6,0,0,1,6,6.8,-,0.88,2022
10,Jonathan LoaisigaNYY,RP,6,0,0,0.96,0,1,0,2,9.1,9,1,0,1,4,3.9,-,1.07,2022
11,Framber ValdezHOU,SP,4,4,3,1.44,3,0,0,0,25.0,14,4,1,8,33,11.9,-,0.88,2022
12,Luis CastilloSEA,SP,2,2,2,1.88,1,1,0,0,14.1,11,3,2,0,12,7.5,-,0.77,2022
13,Shane BieberCLE,SP,2,2,1,2.03,1,0,0,0,13.1,8,3,2,4,15,10.1,-,0.9,2022
14,Shane McClanahanTB,SP,1,1,1,2.57,0,1,0,0,7.0,7,2,1,0,5,6.4,-,1.0,2022
15,Zack WheelerPHI,SP,6,6,4,2.78,1,3,0,0,35.2,19,11,2,7,33,8.3,-,0.73,2022
16,Yu DarvishSD,SP,4,4,3,2.88,2,1,0,0,25.0,20,8,7,6,23,8.3,-,1.04,2022
17,Joe MusgroveSD,SP,3,3,2,2.89,1,1,0,0,18.2,15,6,1,6,18,8.7,-,1.13,2022
18,Gerrit ColeNYY,SP,3,3,2,2.95,2,1,0,0,18.1,15,6,3,4,23,11.3,-,1.04,2022
19,Jacob deGromNYM,SP,1,1,1,3.0,1,0,0,0,6.0,5,2,1,2,8,12.0,-,1.17,2022
20,Triston McKenzieCLE,SP,2,2,1,3.27,0,0,0,0,11.0,6,4,2,3,13,10.6,-,0.82,2022
21,Miles MikolasSTL,SP,1,1,0,4.15,0,1,0,0,4.1,2,2,1,1,3,6.2,-,0.69,2022
22,Nestor CortesNYY,SP,3,3,0,4.5,1,0,0,0,12.0,11,6,2,7,7,5.3,-,1.5,2022
23,Blake SnellSD,SP,3,3,0,4.61,2,0,0,0,13.2,14,7,1,9,17,11.2,-,1.68,2022
24,Andres MunozSEA,RP,5,0,0,4.76,1,0,0,0,5.2,6,3,1,3,9,14.3,-,1.59,2022
25,Luis SeverinoNYY,SP,2,2,0,4.91,0,1,0,0,11.0,13,6,1,1,12,9.8,-,1.27,2022
25,Aaron NolaPHI,SP,5,5,2,4.91,2,2,0,0,25.2,29,14,4,5,27,9.5,-,1.32,2022
27,Logan GilbertSEA,SP,1,1,0,5.06,0,0,0,0,5.1,5,3,1,2,5,8.4,-,1.31,2022
28,Clayton KershawLAD,SP,1,1,0,5.4,0,0,0,0,5.0,6,3,1,0,6,10.8,-,1.2,2022
28,Julio UriasLAD,SP,1,1,0,5.4,1,0,0,0,5.0,4,3,1,0,6,10.8,-,0.8,2022
28,Cal QuantrillCLE,SP,2,2,0,5.4,0,2,0,0,10.0,8,6,3,4,8,7.2,-,1.2,2022
31,Justin VerlanderHOU,SP,4,4,1,5.85,2,0,0,0,20.0,23,13,3,8,25,11.2,-,1.55,2022
32,Lance McCullers Jr.HOU,SP,3,3,1,5.87,0,1,0,0,15.1,16,10,5,4,18,10.6,-,1.3,2022
33,Kevin GausmanTOR,SP,1,1,0,6.35,0,0,0,0,5.2,5,4,0,1,7,11.1,-,1.06,2022
33,Alek ManoahTOR,SP,1,1,0,6.35,0,1,0,0,5.2,4,4,1,1,4,6.4,-,0.88,2022
35,Chris BassittNYM,SP,1,1,0,6.75,0,1,0,0,4.0,3,3,0,3,2,4.5,-,1.5,2022
36,Max ScherzerNYM,SP,1,1,0,13.5,0,1,0,0,4.2,7,7,4,0,4,7.7,-,1.5,2022
