RANK THIS WEEK,RANK LAST WEEK,PLAYER NAME,TOTAL,START TOURNAMENT ID,Year
1,1,Steve Stricker,23,2009380,2010
2,2,Lee Westwood,19,2009090,2010
3,3,Retief Goosen,16,2010080,2010
T4,T4,Chris DiMarco,14,2010250,2010
T4,T4,Matt Kuchar,14,2010200,2010
T6,T6,Andrew Coltart,13,1998350,2010
T6,T6,Zach Johnson,13,2010230,2010
T8,T8,Stewart Cink,12,2010220,2010
T8,T8,Jason Day,12,2010220,2010
10,10,Camilo Villegas,11,2010240,2010
T11,T11,Kevin Na,10,2010310,2010
T11,T11,Nick Watney,10,2010260,2010
T11,T11,Tiger Woods,10,2010200,2010
T14,T14,Rickie Fowler,9,2010310,2010
T14,T14,Hunter Mahan,9,2010310,2010
T14,T14,Ryan Palmer,9,2010320,2010
T14,T14,Heath Slocum,9,2010310,2010
T18,T18,Robert Allenby,8,2010260,2010
T18,T18,Arjun Atwal,8,2010270,2010
T18,T18,Jonathan Byrd,8,2010330,2010
T18,T18,Todd Demsey,8,2008370,2010
T18,T18,Robert Karlsson,8,2010160,2010
T18,T18,Martin Laird,8,2010350,2010
T24,T24,Peter Hanson,7,2010080,2010
T24,T24,Dustin Johnson,7,2010310,2010
T24,T24,Ian Poulter,7,2010260,2010
T24,T24,Adam Scott,7,2010310,2010
T24,T24,John Senden,7,2010380,2010
T24,T24,Charlie Wi,7,2010380,2010
T30,T30,Paul Casey,6,2010350,2010
T30,T30,Ernie Els,6,2010350,2010
T30,T30,Jim Furyk,6,2010330,2010
T30,T30,Bill Haas,6,2010370,2010
T30,T30,Rory McIlroy,6,2010310,2010
T30,T30,Andres Romero,6,2010370,2010
T30,T30,Kevin Streelman,6,2010370,2010
T30,T30,Doug Tewell,6,1999230,2010
T30,T30,Bubba Watson,6,2010350,2010
T39,T39,Fredrik Andersson Hed,5,2002310,2010
T39,T39,Grégory Bourdy,5,2006440,2010
T39,T39,Brendon de Jonge,5,2010390,2010
T39,T39,Joe Durant,5,2010370,2010
T39,T39,Matt Every,5,2010290,2010
T39,T39,Brian Gay,5,2010400,2010
T39,T39,Tom Gillis,5,2010390,2010
T39,T39,Mathew Goggin,5,2010420,2010
T39,T39,J.B. Holmes,5,2010390,2010
T39,T39,Charles Howell III,5,2010390,2010
T39,T39,Martin Kaymer,5,2010200,2010
T39,T39,Jerry Kelly,5,2010420,2010
T39,T39,James Kingston,5,2008350,2010
T39,T39,Wayne Levi,5,2001300,2010
T39,T39,Davis Love III,5,2010380,2010
T39,T39,Scott Piercy,5,2010420,2010
T39,T39,Brett Quigley,5,2010420,2010
T39,T39,John Riegger,5,2008450,2010
T39,T39,Peter Senior,5,2000310,2010
T39,T39,Patrick Sheehan,5,2009320,2010
T39,T39,Chris Stroud,5,2010420,2010
T39,T39,Bo Van Pelt,5,2010390,2010
T61,T61,Aaron Baddeley,4,2010440,2010
T61,T61,Ricky Barnes,4,2010390,2010
T61,T61,Paul Broadhurst,4,2006440,2010
T61,T61,Chad Campbell,4,2010420,2010
T61,T61,Tim Clark,4,2010390,2010
T61,T61,Graham DeLaet,4,2010420,2010
T61,T61,Luke Donald,4,2010380,2010
T61,T61,Alastair Forsyth,4,2007310,2010
T61,T61,Cliff Kresge,4,2010420,2010
T61,T61,Michael Letzig,4,2010440,2010
T61,T61,Troy Merritt,4,2010440,2010
T61,T61,Edoardo Molinari,4,2010260,2010
T61,T61,Pat Perez,4,2010440,2010
T61,T61,Tom Pernice Jr.,4,2010420,2010
T61,T61,Tim Petrovic,4,2010440,2010
T61,T61,Charl Schwartzel,4,2010260,2010
T61,T61,Michael Sim,4,2010370,2010
T61,T61,Webb Simpson,4,2010440,2010
T61,T61,Mike Sposa,4,2006410,2010
T61,T61,Kevin Stadler,4,2010420,2010
T61,T61,Richard Sterne,4,2009240,2010
T61,T61,David Toms,4,2010390,2010
T83,T83,Blake Adams,3,2010390,2010
T83,T83,Ángel Cabrera,3,2010380,2010
T83,T83,K.J. Choi,3,2010390,2010
T83,T83,Simon Dyson,3,2010310,2010
T83,T83,Martin Flores,3,2010450,2010
T83,T83,Marcus Fraser,3,2006310,2010
T83,T83,Fred Funk,3,2010200,2010
T83,T83,Stephen Gallacher,3,2005360,2010
T83,T83,Robert Garrigus,3,2010450,2010
T83,T83,Andres Gonzales,3,2006460,2010
T83,T83,Paul Goydos,3,2010390,2010
T83,T83,Bob Heintz,3,2010130,2010
T83,T83,David Howell,3,2008320,2010
T83,T83,John Huston,3,2010320,2010
T83,T83,Simon Khan,3,2010310,2010
T83,T83,Kenichi Kuboya,3,2003470,2010
T83,T83,Spencer Levin,3,2010450,2010
T83,T83,Frank Lickliter II,3,2010210,2010
T83,T83,Phil Mickelson,3,2010390,2010
T83,T83,Ryan Moore,3,2010390,2010
T83,T83,Sean O'Hair,3,2010400,2010
T83,T83,Geoff Ogilvy,3,2010390,2010
T83,T83,José María Olazábal,3,2009170,2010
T83,T83,Bob Shearer,3,1984320,2010
T83,T83,Vijay Singh,3,2010390,2010
T83,T83,Kevin Sutherland,3,2010440,2010
T83,T83,Roland Thatcher,3,2010450,2010
T83,T83,Chris Tidland,3,2010450,2010
T83,T83,Charles Warren,3,2010450,2010
T83,T83,Y.E. Yang,3,2010380,2010
T113,T113,Thomas Aiken,2,2009310,2010
T113,T113,Briny Baird,2,2010460,2010
T113,T113,Jeff Brehaut,2,2007480,2010
T113,T113,Bart Bryant,2,2009280,2010
T113,T113,Alejandro Cañizares,2,2010070,2010
T113,T113,Darren Clarke,2,2010310,2010
T113,T113,Michael Connell,2,2010460,2010
T113,T113,Ben Crane,2,2010400,2010
T113,T113,John Daly,2,2010450,2010
T113,T113,Rhys Davies,2,2010350,2010
T113,T113,Bradley Dredge,2,2008090,2010
T113,T113,Jason Dufner,2,2010390,2010
T113,T113,Ken Duke,2,2010420,2010
T113,T113,David Duval,2,2010450,2010
T113,T113,John Ellis,2,2009060,2010
T113,T113,Dan Forsman,2,2008340,2010
T113,T113,Benjamin Fox,2,2010090,2010
T113,T113,Tommy Gainey,2,2009340,2010
T113,T113,Jason Gore,2,2010260,2010
T113,T113,Mike Grob,2,2007320,2010
T113,T113,Jason Hill,2,2002450,2010
T113,T113,Scott Hoch,2,2008100,2010
T113,T113,David Horsey,2,2010350,2010
T113,T113,Ryuji Imada,2,2010450,2010
T113,T113,Brendan Jones,2,2009090,2010
T113,T113,Anthony Kang,2,2001250,2010
T113,T113,K.T. Kim,2,2010310,2010
T113,T113,Chih-Bing Lam,2,2008320,2010
T113,T113,Peter Lonard,2,2009450,2010
T113,T113,Brock Mackenzie,2,2004290,2010
T113,T113,Matteo Manassero,2,2009310,2010
T113,T113,Ross McGowan,2,2010350,2010
T113,T113,Mac McLendon,2,1980430,2010
T113,T113,John Merrick,2,2010460,2010
T113,T113,Francesco Molinari,2,2010350,2010
T113,T113,Jack Newton,2,1982420,2010
T113,T113,Michael O'Neal,2,2010250,2010
T113,T113,Jeff Overton,2,2010400,2010
T113,T113,Brenden Pappas,2,2010460,2010
T113,T113,Craig Parry,2,2008320,2010
T113,T113,Cameron Percy,2,2010460,2010
T113,T113,Dicky Pride,2,2010250,2010
T113,T113,Alex Prugh,2,2010450,2010
T113,T113,Chez Reavie,2,2010210,2010
T113,T113,Matthew Richardson,2,2005300,2010
T113,T113,Tag Ridings,2,2009440,2010
T113,T113,Justin Rose,2,2010400,2010
T113,T113,John Schroeder,2,1995300,2010
T113,T113,Jason Schultz,2,2007480,2010
T113,T113,Marcel Siem,2,2005380,2010
T113,T113,Bob Smith,2,1985280,2010
T113,T113,Brandt Snedeker,2,2010390,2010
T113,T113,Graeme Storm,2,2008320,2010
T113,T113,Toru Taniguchi,2,2010260,2010
T113,T113,Nicholas Thompson,2,2010460,2010
T113,T113,Kirk Triplett,2,2010370,2010
T113,T113,Jhonattan Vegas,2,2008450,2010
T113,T113,Mark Wilson,2,2010460,2010
T113,T113,Thaworn Wiratchant,2,2006310,2010
T113,T113,Casey Wittenberg,2,2009480,2010
1,1,Steve Stricker,42,2009380,2011
2,2,Charl Schwartzel,19,2010260,2011
T3,T3,Andrew Coltart,13,1998350,2011
T3,T3,Gary Woodland,13,2011230,2011
T5,T5,Josh Teater,10,2011290,2011
T5,T5,Jhonattan Vegas,10,2011250,2011
7,7,Jim Furyk,9,2011310,2011
T8,T8,Robert Allenby,8,2011280,2011
T8,T8,Luke Donald,8,2011320,2011
T8,T8,Sergio Garcia,8,2011260,2011
T8,T8,Jerry Kelly,8,2011320,2011
T8,T8,Adam Scott,8,2011280,2011
T8,T8,Y.E. Yang,8,2011260,2011
T14,T14,Briny Baird,7,2011320,2011
T14,T14,Matt Kuchar,7,2011350,2011
T14,T14,Hunter Mahan,7,2011320,2011
T14,T14,William McGirt,7,2011370,2011
T14,T14,Carl Pettersson,7,2011330,2011
T14,T14,Webb Simpson,7,2011370,2011
T14,T14,Nick Watney,7,2011350,2011
T21,T21,Blake Adams,6,2011390,2011
T21,T21,Jonathan Byrd,6,2011380,2011
T21,T21,Greg Chalmers,6,2011370,2011
T21,T21,Simon Dyson,6,2010310,2011
T21,T21,Mathew Goggin,6,2010420,2011
T21,T21,Adam Hadwin,6,2010320,2011
T21,T21,Spencer Levin,6,2011390,2011
T21,T21,Phil Mickelson,6,2011350,2011
T21,T21,Bryce Molder,6,2011340,2011
T21,T21,Andres Romero,6,2011320,2011
T21,T21,Peter Senior,6,2000310,2011
T21,T21,Doug Tewell,6,1999230,2011
T21,T21,Jimmy Walker,6,2011320,2011
T34,T34,Woody Austin,5,2011340,2011
T34,T34,Patrick Cantlay,5,2011260,2011
T34,T34,Paul Casey,5,2011350,2011
T34,T34,Ernie Els,5,2011370,2011
T34,T34,Padraig Harrington,5,2011350,2011
T34,T34,J.P. Hayes,5,2011300,2011
T34,T34,David Hearn,5,2011380,2011
T34,T34,Robert Karlsson,5,2011350,2011
T34,T34,James Kingston,5,2008350,2011
T34,T34,Wayne Levi,5,2001300,2011
T34,T34,Rory McIlroy,5,2011240,2011
T34,T34,George McNeill,5,2011390,2011
T34,T34,Edoardo Molinari,5,2011240,2011
T34,T34,Ryan Palmer,5,2011360,2011
T34,T34,Patrick Sheehan,5,2009320,2011
T34,T34,Brandt Snedeker,5,2011380,2011
T34,T34,Kyle Stanley,5,2011380,2011
T34,T34,Cameron Tringale,5,2011400,2011
T52,T52,Aaron Baddeley,4,2011380,2011
T52,T52,Jason Bohn,4,2011370,2011
T52,T52,Jason Day,4,2011380,2011
T52,T52,Marcus Fraser,4,2006310,2011
T52,T52,Bill Haas,4,2011380,2011
T52,T52,Charley Hoffman,4,2011380,2011
T52,T52,Trevor Immelman,4,2011420,2011
T52,T52,Freddie Jacobson,4,2011380,2011
T52,T52,Brandt Jobe,4,2011390,2011
T52,T52,Dustin Johnson,4,2011380,2011
T52,T52,Simon Khan,4,2010310,2011
T52,T52,Cliff Kresge,4,2010420,2011
T52,T52,Kenichi Kuboya,4,2003470,2011
T52,T52,Martin Laird,4,2011380,2011
T52,T52,Peter Lonard,4,2009450,2011
T52,T52,Billy Mayfair,4,2011420,2011
T52,T52,John Senden,4,2011390,2011
T52,T52,Mike Sposa,4,2006410,2011
T52,T52,Paul Stankowski,4,2011420,2011
T52,T52,Brendan Steele,4,2011390,2011
T52,T52,Camilo Villegas,4,2011370,2011
T52,T52,Brett Wetterich,4,2011230,2011
T74,T74,Craig Barlow,3,2011250,2011
T74,T74,Ricky Barnes,3,2011390,2011
T74,T74,Kris Blanks,3,2011420,2011
T74,T74,Michael Bradley,3,2011420,2011
T74,T74,Bud Cauley,3,2011370,2011
T74,T74,Marco Dawson,3,2011110,2011
T74,T74,Jason Dufner,3,2011390,2011
T74,T74,Lucas Glover,3,2011390,2011
T74,T74,Fabián Gómez,3,2011430,2011
T74,T74,Andres Gonzales,3,2011430,2011
T74,T74,Retief Goosen,3,2011370,2011
T74,T74,Anders Hansen,3,2011310,2011
T74,T74,Bob Heintz,3,2010130,2011
T74,T74,Yuta Ikeda,3,2011310,2011
T74,T74,Miguel Angel Jiménez,3,2011310,2011
T74,T74,K.T. Kim,3,2011350,2011
T74,T74,Pablo Larrazabal,3,2011310,2011
T74,T74,Steve Marino,3,2011380,2011
T74,T74,Ben Martin,3,2011430,2011
T74,T74,David Mathis,3,2011430,2011
T74,T74,Seung-Yul Noh,3,2011260,2011
T74,T74,Sean O'Hair,3,2011390,2011
T74,T74,Geoff Ogilvy,3,2011390,2011
T74,T74,Robert Rock,3,2010310,2011
T74,T74,Bob Shearer,3,1984320,2011
T74,T74,Marcel Siem,3,2005380,2011
T74,T74,Heath Slocum,3,2011430,2011
T74,T74,Bubba Watson,3,2011390,2011
T74,T74,Charlie Wi,3,2011420,2011
T103,T103,Steve Allan,2,2010300,2011
T103,T103,Keegan Bradley,2,2011400,2011
T103,T103,Jeff Brehaut,2,2007480,2011
T103,T103,Bart Bryant,2,2009280,2011
T103,T103,Ángel Cabrera,2,2011430,2011
T103,T103,SSP Chawrasia,2,2008140,2011
T103,T103,K.J. Choi,2,2011400,2011
T103,T103,Bradley Dredge,2,2008090,2011
T103,T103,Ken Duke,2,2010420,2011
T103,T103,Johan Edfors,2,2011260,2011
T103,T103,Benjamin Fox,2,2010090,2011
T103,T103,Peter Hanson,2,2011350,2011
T103,T103,Grégory Havret,2,2011260,2011
T103,T103,Russell Henley,2,2010260,2011
T103,T103,Jim Herman,2,2011440,2011
T103,T103,Tim Herron,2,2011440,2011
T103,T103,Scott Hoch,2,2008100,2011
T103,T103,Bio Kim,2,2011440,2011
T103,T103,Kevin Kisner,2,2011440,2011
T103,T103,Tom Lehman,2,2011310,2011
T103,T103,Brock Mackenzie,2,2004290,2011
T103,T103,Matteo Manassero,2,2011350,2011
T103,T103,Ross McGowan,2,2010350,2011
T103,T103,Mac McLendon,2,1980430,2011
T103,T103,Troy Merritt,2,2011440,2011
T103,T103,Francesco Molinari,2,2011350,2011
T103,T103,Kevin Na,2,2011420,2011
T103,T103,Jack Newton,2,1982420,2011
T103,T103,Alex Noren,2,2011350,2011
T103,T103,Nick O'Hern,2,2011440,2011
T103,T103,Michael O'Neal,2,2010250,2011
T103,T103,Louis Oosthuizen,2,2011430,2011
T103,T103,Hennie Otto,2,2010350,2011
T103,T103,Jeff Overton,2,2011440,2011
T103,T103,Brenden Pappas,2,2010460,2011
T103,T103,Craig Parry,2,2008320,2011
T103,T103,Cameron Percy,2,2011420,2011
T103,T103,Tom Pernice Jr.,2,2011430,2011
T103,T103,Kenny Perry,2,2011300,2011
T103,T103,Nick Price,2,2008080,2011
T103,T103,Patrick Reed,2,2011370,2011
T103,T103,Alexandre Rocha,2,2011440,2011
T103,T103,John Schroeder,2,1995300,2011
T103,T103,Jason Schultz,2,2007480,2011
T103,T103,Bob Smith,2,1985280,2011
T103,T103,Henrik Stenson,2,2011440,2011
T103,T103,Andre Stolz,2,2011300,2011
T103,T103,Toru Taniguchi,2,2010260,2011
T103,T103,Nicholas Thompson,2,2010460,2011
T103,T103,D.J. Trahan,2,2011440,2011
T103,T103,Peter Uihlein,2,2011280,2011
T103,T103,Duffy Waldorf,2,2011330,2011
T103,T103,Charles Warren,2,2011290,2011
T103,T103,Matt Weibring,2,2011300,2011
T103,T103,Lee Westwood,2,2011350,2011
T103,T103,Casey Wittenberg,2,2009480,2011
1,1,Jason Dufner,21,2012030,2012
2,2,Seung-Yul Noh,17,2012180,2012
3,3,Ian Poulter,15,2012050,2012
4,4,Vijay Singh,12,2012270,2012
T5,T5,Billy Horschel,11,2012250,2012
T5,T5,Zach Johnson,11,2012260,2012
T5,T5,Chris Kirk,11,2012300,2012
T5,T5,Steve Stricker,11,2012240,2012
T9,T9,Robert Garrigus,10,2012280,2012
T9,T9,Padraig Harrington,10,2012220,2012
T9,T9,Carl Pettersson,10,2012290,2012
T9,T9,Adam Scott,10,2012240,2012
T13,T13,Dustin Johnson,9,2012280,2012
T13,T13,John Senden,9,2012260,2012
T13,T13,Jimmy Walker,9,2012300,2012
T16,T16,John Huh,8,2012330,2012
T16,T16,Russell Knox,8,2012310,2012
T16,T16,Louis Oosthuizen,8,2012270,2012
T16,T16,Kevin Streelman,8,2012290,2012
T20,T20,Jonas Blixt,7,2012370,2012
T20,T20,Luke Donald,7,2012320,2012
T20,T20,Ernie Els,7,2012350,2012
T20,T20,Tom Gillis,7,2012300,2012
T20,T20,Paul Lawrie,7,2011310,2012
T20,T20,Rory McIlroy,7,2012320,2012
T20,T20,Chris Riley,7,2012220,2012
T20,T20,Charl Schwartzel,7,2012330,2012
T20,T20,Bo Van Pelt,7,2012330,2012
T20,T20,Tiger Woods,7,2012320,2012
T30,T30,Patrick Cantlay,6,2012280,2012
T30,T30,Bud Cauley,6,2012370,2012
T30,T30,Greg Chalmers,6,2012320,2012
T30,T30,Harris English,6,2012370,2012
T30,T30,Tim Herron,6,2012330,2012
T30,T30,Phil Mickelson,6,2012350,2012
T30,T30,Edoardo Molinari,6,2011240,2012
T30,T30,Ryan Moore,6,2012370,2012
T30,T30,Geoff Ogilvy,6,2012320,2012
T30,T30,Peter Senior,6,2000310,2012
T30,T30,Kevin Stadler,6,2012340,2012
T30,T30,Doug Tewell,6,1999230,2012
T30,T30,Nick Watney,6,2012370,2012
T43,T43,Brendon de Jonge,5,2012390,2012
T43,T43,Retief Goosen,5,2012260,2012
T43,T43,J.B. Holmes,5,2012380,2012
T43,T43,Brandt Jobe,5,2012220,2012
T43,T43,Simon Khan,5,2010310,2012
T43,T43,Wayne Levi,5,2001300,2012
T43,T43,Sean O'Hair,5,2012380,2012
T43,T43,Jeff Overton,5,2012390,2012
T43,T43,Brandt Snedeker,5,2012370,2012
T43,T43,Richard Sterne,5,2009240,2012
T43,T43,Camilo Villegas,5,2012370,2012
T54,T54,Ángel Cabrera,4,2012370,2012
T54,T54,Will Claxton,4,2012430,2012
T54,T54,Ben Curtis,4,2012400,2012
T54,T54,Jason Day,4,2012380,2012
T54,T54,Jamie Donaldson,4,2012320,2012
T54,T54,Bob Estes,4,2012380,2012
T54,T54,Rickie Fowler,4,2012380,2012
T54,T54,Jim Furyk,4,2012390,2012
T54,T54,Sergio Garcia,4,2012370,2012
T54,T54,Mathew Goggin,4,2012430,2012
T54,T54,Andres Gonzales,4,2011430,2012
T54,T54,Nathan Green,4,2012430,2012
T54,T54,J.J. Killeen,4,2012430,2012
T54,T54,Cliff Kresge,4,2010420,2012
T54,T54,Kenichi Kuboya,4,2003470,2012
T54,T54,Matt Kuchar,4,2012380,2012
T54,T54,Davis Love III,4,2012430,2012
T54,T54,Joost Luiten,4,2011310,2012
T54,T54,Francesco Molinari,4,2012260,2012
T54,T54,Pat Perez,4,2012360,2012
T54,T54,Scott Piercy,4,2012390,2012
T54,T54,Lee Westwood,4,2012380,2012
T76,T76,Mark Anderson,3,2012440,2012
T76,T76,Cameron Beckman,3,2012440,2012
T76,T76,Charlie Beljan,3,2012440,2012
T76,T76,Thomas Bjørn,3,2012320,2012
T76,T76,Guy Boros,3,2011300,2012
T76,T76,Keegan Bradley,3,2012390,2012
T76,T76,Stewart Cink,3,2012430,2012
T76,T76,Fred Couples,3,2012150,2012
T76,T76,Ken Duke,3,2012430,2012
T76,T76,Gonzalo Fernandez-Castaño,3,2012320,2012
T76,T76,Ross Fisher,3,2011360,2012
T76,T76,Martin Flores,3,2012440,2012
T76,T76,Brian Gay,3,2012440,2012
T76,T76,Fabián Gómez,3,2011430,2012
T76,T76,Peter Hanson,3,2012320,2012
T76,T76,Charles Howell III,3,2012440,2012
T76,T76,Ryuji Imada,3,2012440,2012
T76,T76,Matt Jones,3,2012440,2012
T76,T76,Jason Kokrak,3,2012440,2012
T76,T76,Scott Langley,3,2012100,2012
T76,T76,Hunter Mahan,3,2012390,2012
T76,T76,Ben Martin,3,2011430,2012
T76,T76,John Merrick,3,2012390,2012
T76,T76,Kevin Na,3,2012390,2012
T76,T76,Hennie Otto,3,2010350,2012
T76,T76,Ryan Palmer,3,2012400,2012
T76,T76,Carl Paulson,3,2011450,2012
T76,T76,Alexandre Rocha,3,2012440,2012
T76,T76,John Rollins,3,2012440,2012
T76,T76,Bob Shearer,3,1984320,2012
T76,T76,Webb Simpson,3,2012390,2012
T76,T76,Henrik Stenson,3,2012380,2012
T76,T76,D.J. Trahan,3,2012440,2012
T76,T76,Mark Wilson,3,2012390,2012
T76,T76,Casey Wittenberg,3,2009480,2012
T76,T76,Y.E. Yang,3,2012350,2012
T112,T112,Steve Allan,2,2010300,2012
T112,T112,Stuart Appleby,2,2012450,2012
T112,T112,Alex Aragon,2,2011340,2012
T112,T112,Matthew Baldwin,2,2012260,2012
T112,T112,Warren Bennett,2,2002310,2012
T112,T112,Jason Bohn,2,2012450,2012
T112,T112,Roberto Castro,2,2012450,2012
T112,T112,Alex Cejka,2,2012450,2012
T112,T112,Kevin Chappell,2,2012450,2012
T112,T112,SSP Chawrasia,2,2008140,2012
T112,T112,Daniel Chopra,2,2012450,2012
T112,T112,Gavin Coles,2,2012450,2012
T112,T112,Nicolas Colsaerts,2,2012370,2012
T112,T112,Ben Crane,2,2012400,2012
T112,T112,Marco Dawson,2,2012450,2012
T112,T112,Glen Day,2,2012310,2012
T112,T112,Chris DiMarco,2,2012450,2012
T112,T112,Johan Edfors,2,2011260,2012
T112,T112,Danny Ellis,2,2007080,2012
T112,T112,Matt Every,2,2012450,2012
T112,T112,Yoshinori Fujimoto,2,2012320,2012
T112,T112,Tommy Gainey,2,2012450,2012
T112,T112,Mathias Grönberg,2,2011340,2012
T112,T112,Bill Haas,2,2012390,2012
T112,T112,Brian Harman,2,2012450,2012
T112,T112,Russell Henley,2,2010260,2012
T112,T112,Scott Hoch,2,2008100,2012
T112,T112,Beau Hossler,2,2012260,2012
T112,T112,Jung-gon Hwang,2,2011310,2012
T112,T112,Miguel Angel Jiménez,2,2012320,2012
T112,T112,K.T. Kim,2,2012350,2012
T112,T112,Marc Leishman,2,2012390,2012
T112,T112,Justin Leonard,2,2012450,2012
T112,T112,Edward Loar,2,2012450,2012
T112,T112,Jarrod Lyle,2,2012070,2012
T112,T112,David Lynn,2,2003300,2012
T112,T112,Graeme McDowell,2,2012390,2012
T112,T112,Mac McLendon,2,1980430,2012
T112,T112,Troy Merritt,2,2011440,2012
T112,T112,Garth Mulroy,2,2012440,2012
T112,T112,Toshinori Muto,2,2012320,2012
T112,T112,Jack Newton,2,1982420,2012
T112,T112,Alex Noren,2,2012320,2012
T112,T112,Thorbjørn Olesen,2,2012320,2012
T112,T112,Juvic Pagunsan,2,2012120,2012
T112,T112,Brenden Pappas,2,2010460,2012
T112,T112,Jae-bum Park,2,2011350,2012
T112,T112,Craig Parry,2,2008320,2012
T112,T112,Corey Pavin,2,2012020,2012
T112,T112,Cameron Percy,2,2011420,2012
T112,T112,Alistair Presnell,2,2010120,2012
T112,T112,Ted Purdy,2,2012310,2012
T112,T112,Jeff Quinney,2,2011440,2012
T112,T112,Jonathan Randolph,2,2011300,2012
T112,T112,Kyle Reifers,2,2012450,2012
T112,T112,Justin Rose,2,2012400,2012
T112,T112,John Schroeder,2,1995300,2012
T112,T112,Marcel Siem,2,2012350,2012
T112,T112,Lee Slattery,2,2012320,2012
T112,T112,Bob Smith,2,1985280,2012
T112,T112,Scott Stallings,2,2012450,2012
T112,T112,Kyle Stanley,2,2012390,2012
T112,T112,Brendan Steele,2,2012450,2012
T112,T112,Andre Stolz,2,2011300,2012
T112,T112,Toru Taniguchi,2,2012350,2012
T112,T112,Justin Thomas,2,2009370,2012
T112,T112,Michael Thompson,2,2012430,2012
T112,T112,Omar Uresti,2,2012250,2012
T112,T112,Charles Warren,2,2011290,2012
T112,T112,Bubba Watson,2,2012400,2012
T112,T112,Tom Watson,2,2012290,2012
T112,T112,Boo Weekley,2,2012450,2012
T112,T112,Matt Weibring,2,2011300,2012
T112,T112,Brett Wetterich,2,2012250,2012
T112,T112,Charlie Wi,2,2012400,2012
T112,T112,Thaworn Wiratchant,2,2006310,2012
1,1,Matt Kuchar,27,2012380,2013
2,2,Adam Scott,26,2012240,2013
3,3,Jason Day,25,2012380,2013
4,4,Steve Stricker,24,2012240,2013
5,5,Tiger Woods,23,2012320,2013
6,6,Sergio Garcia,21,2012370,2013
T7,T7,Webb Simpson,11,2013250,2013
T7,T7,Henrik Stenson,11,2013200,2013
9,9,Gary Woodland,10,2013270,2013
T10,T10,Keegan Bradley,9,2013260,2013
T10,T10,Brendon de Jonge,9,2013280,2013
T10,T10,Zach Johnson,9,2013260,2013
T10,T10,Martin Kaymer,9,2013200,2013
T10,T10,Boo Weekley,9,2013290,2013
T15,T15,Ryan Moore,8,2013260,2013
T15,T15,Kevin Streelman,8,2013290,2013
T15,T15,Lee Westwood,8,2013250,2013
T18,T18,Stuart Appleby,7,2013290,2013
T18,T18,K.J. Choi,7,2013280,2013
T18,T18,Fred Couples,7,2012150,2013
T18,T18,Jason Dufner,7,2013310,2013
T18,T18,Jim Furyk,7,2013320,2013
T18,T18,Hunter Mahan,7,2013310,2013
T18,T18,Phil Mickelson,7,2013310,2013
T18,T18,Rory Sabbatini,7,2013300,2013
T18,T18,Peter Senior,7,2000310,2013
T18,T18,Nicholas Thompson,7,2013290,2013
T28,T28,Jonas Blixt,6,2013310,2013
T28,T28,David Hearn,6,2013290,2013
T28,T28,Simon Khan,6,2010310,2013
T28,T28,Hideki Matsuyama,6,2013250,2013
T28,T28,John Merrick,6,2013320,2013
T28,T28,Edoardo Molinari,6,2011240,2013
T28,T28,Scott Piercy,6,2013320,2013
T28,T28,Justin Rose,6,2013340,2013
T28,T28,Doug Tewell,6,1999230,2013
T37,T37,Stephen Gallacher,5,2013080,2013
T37,T37,Mathew Goggin,5,2012430,2013
T37,T37,Charley Hoffman,5,2013320,2013
T37,T37,Miguel Angel Jiménez,5,2012320,2013
T37,T37,Steve LeBrun,5,2013290,2013
T37,T37,Wayne Levi,5,2001300,2013
T37,T37,David Mathis,5,2013290,2013
T37,T37,Rory McIlroy,5,2013340,2013
T37,T37,Jordan Spieth,5,2013360,2013
T37,T37,Camilo Villegas,5,2013320,2013
T47,T47,Mark Anderson,4,2012440,2013
T47,T47,Rafa Cabrera Bello,4,2013080,2013
T47,T47,Roberto Castro,4,2013370,2013
T47,T47,Kevin Chappell,4,2013360,2013
T47,T47,Will Claxton,4,2013300,2013
T47,T47,Graham DeLaet,4,2013370,2013
T47,T47,Luke Donald,4,2013370,2013
T47,T47,Bob Estes,4,2013320,2013
T47,T47,Matt Every,4,2013360,2013
T47,T47,Tommy Gainey,4,2013320,2013
T47,T47,John Huh,4,2013360,2013
T47,T47,J.J. Killeen,4,2012430,2013
T47,T47,Marc Leishman,4,2013350,2013
T47,T47,Bryce Molder,4,2013360,2013
T47,T47,Charl Schwartzel,4,2013370,2013
T47,T47,Heath Slocum,4,2013260,2013
T47,T47,Chris Stroud,4,2013360,2013
T47,T47,Nick Watney,4,2013370,2013
T65,T65,Guy Boros,3,2011300,2013
T65,T65,Marco Dawson,3,2012450,2013
T65,T65,Brian Gay,3,2013370,2013
T65,T65,Billy Horschel,3,2013380,2013
T65,T65,Charles Howell III,3,2013370,2013
T65,T65,Trevor Immelman,3,2013320,2013
T65,T65,Dustin Johnson,3,2013380,2013
T65,T65,Skip Kendall,3,2012310,2013
T65,T65,K.T. Kim,3,2012350,2013
T65,T65,Jason Kokrak,3,2013370,2013
T65,T65,Kelly Kraft,3,2012440,2013
T65,T65,Shane Lowry,3,2013310,2013
T65,T65,Ben Martin,3,2011430,2013
T65,T65,Francesco Molinari,3,2013310,2013
T65,T65,Hennie Otto,3,2010350,2013
T65,T65,Carl Paulson,3,2011450,2013
T65,T65,Jonathan Randolph,3,2011300,2013
T65,T65,John Senden,3,2013350,2013
T65,T65,Bob Shearer,3,1984320,2013
T65,T65,Brandt Snedeker,3,2013380,2013
T65,T65,Kevin Stadler,3,2013370,2013
T65,T65,Andre Stolz,3,2011300,2013
T65,T65,Daniel Summerhays,3,2013370,2013
T65,T65,Vaughn Taylor,3,2013290,2013
T65,T65,Brendon Todd,3,2013300,2013
T65,T65,David Toms,3,2013330,2013
T65,T65,Bubba Watson,3,2013370,2013
T65,T65,Matt Weibring,3,2011300,2013
T65,T65,Danny Willett,3,2012350,2013
T94,T94,Kiradech Aphibarnrat,2,2013340,2013
T94,T94,Alex Aragon,2,2011340,2013
T94,T94,Matthew Baldwin,2,2012260,2013
T94,T94,Ricky Barnes,2,2013330,2013
T94,T94,Warren Bennett,2,2002310,2013
T94,T94,Shane Bertsch,2,2012480,2013
T94,T94,David Branshaw,2,2007480,2013
T94,T94,Ángel Cabrera,2,2013380,2013
T94,T94,Daniel Chopra,2,2012450,2013
T94,T94,Stewart Cink,2,2013370,2013
T94,T94,Darren Clarke,2,2013310,2013
T94,T94,Gavin Coles,2,2012450,2013
T94,T94,Brian Davis,2,2013380,2013
T94,T94,Glen Day,2,2013300,2013
T94,T94,Chris DiMarco,2,2013330,2013
T94,T94,Ernie Els,2,2013380,2013
T94,T94,Harris English,2,2013380,2013
T94,T94,Yoshinori Fujimoto,2,2012320,2013
T94,T94,Robert Gamez,2,2013300,2013
T94,T94,Tom Gillis,2,2013330,2013
T94,T94,Bill Haas,2,2013390,2013
T94,T94,Hunter Haas,2,2013180,2013
T94,T94,Scott Harrington,2,2006290,2013
T94,T94,Russell Henley,2,2013380,2013
T94,T94,Jim Herman,2,2013330,2013
T94,T94,Scott Hoch,2,2008100,2013
T94,T94,Beau Hossler,2,2012260,2013
T94,T94,Ryo Ishikawa,2,2013350,2013
T94,T94,Thongchai Jaidee,2,2013310,2013
T94,T94,Robert Karlsson,2,2013330,2013
T94,T94,Michael Kim,2,2013250,2013
T94,T94,Chris Kirk,2,2013380,2013
T94,T94,Colt Knost,2,2013330,2013
T94,T94,Russell Knox,2,2013300,2013
T94,T94,Ken Looper,2,2013180,2013
T94,T94,Jarrod Lyle,2,2012070,2013
T94,T94,Sandy Lyle,2,2013160,2013
T94,T94,Matteo Manassero,2,2013340,2013
T94,T94,Graeme McDowell,2,2013380,2013
T94,T94,Mac McLendon,2,1980430,2013
T94,T94,George McNeill,2,2013360,2013
T94,T94,Troy Merritt,2,2011440,2013
T94,T94,Garth Mulroy,2,2012440,2013
T94,T94,Toshinori Muto,2,2012320,2013
T94,T94,Jack Newton,2,1982420,2013
T94,T94,Geoff Ogilvy,2,2013360,2013
T94,T94,Thorbjørn Olesen,2,2013340,2013
T94,T94,Jeff Overton,2,2013360,2013
T94,T94,Juvic Pagunsan,2,2012120,2013
T94,T94,Jae-bum Park,2,2011350,2013
T94,T94,Craig Parry,2,2008320,2013
T94,T94,John Peterson,2,2013220,2013
T94,T94,D.A. Points,2,2013390,2013
T94,T94,Ian Poulter,2,2013380,2013
T94,T94,Patrick Reed,2,2013380,2013
T94,T94,Chris Riley,2,2013300,2013
T94,T94,Alexandre Rocha,2,2013100,2013
T94,T94,John Schroeder,2,1995300,2013
T94,T94,"Wes Short, Jr.",2,2013300,2013
T94,T94,Lee Slattery,2,2012320,2013
T94,T94,Bob Smith,2,1985280,2013
T94,T94,Scott Stallings,2,2013380,2013
T94,T94,Brendan Steele,2,2013380,2013
T94,T94,Robert Streb,2,2013330,2013
T94,T94,Hideto Tanihara,2,2009020,2013
T94,T94,Josh Teater,2,2013370,2013
T94,T94,Michael Thompson,2,2013380,2013
T94,T94,Cameron Tringale,2,2013370,2013
T94,T94,Marc Turnesa,2,2013300,2013
T94,T94,Brett Wetterich,2,2012250,2013
T94,T94,Dean Wilson,2,2013020,2013
1,1,Adam Scott,43,2012240,2014
2,2,Steve Stricker,35,2012240,2014
3,3,Jim Furyk,28,2013320,2014
4,4,Rory McIlroy,22,2013340,2014
T5,T5,Bill Haas,15,2014290,2014
T5,T5,Francesco Molinari,15,2013310,2014
7,7,Retief Goosen,14,2014250,2014
8,8,Henrik Stenson,12,2014210,2014
T9,T9,Matt Kuchar,10,2014330,2014
T9,T9,Graeme McDowell,10,2014270,2014
T11,T11,Kevin Chappell,9,2014370,2014
T11,T11,Rickie Fowler,9,2014340,2014
T11,T11,Sergio Garcia,9,2014300,2014
T11,T11,Jerry Kelly,9,2014320,2014
T11,T11,Phil Mickelson,9,2014330,2014
T16,T16,Zach Johnson,8,2014390,2014
T16,T16,Edoardo Molinari,8,2011240,2014
T16,T16,Andres Romero,8,2014370,2014
T16,T16,Justin Rose,8,2014350,2014
T16,T16,Kevin Stadler,8,2014350,2014
T21,T21,Jason Day,7,2014400,2014
T21,T21,Ernie Els,7,2014410,2014
T21,T21,Jeff Overton,7,2014320,2014
T21,T21,Ryan Palmer,7,2014370,2014
T21,T21,Patrick Reed,7,2014430,2014
T21,T21,Charl Schwartzel,7,2014400,2014
T21,T21,Peter Senior,7,2000310,2014
T28,T28,J.J. Henry,6,2014370,2014
T28,T28,Simon Khan,6,2010310,2014
T28,T28,Brooks Koepka,6,2014340,2014
T28,T28,Hunter Mahan,6,2014430,2014
T28,T28,William McGirt,6,2014390,2014
T28,T28,Doug Tewell,6,1999230,2014
T28,T28,Bubba Watson,6,2014430,2014
T35,T35,Ricky Barnes,5,2014390,2014
T35,T35,Joe Durant,5,2014360,2014
T35,T35,Derek Ernst,5,2014380,2014
T35,T35,Mathew Goggin,5,2012430,2014
T35,T35,Steve LeBrun,5,2013290,2014
T35,T35,Wayne Levi,5,2001300,2014
T35,T35,David Mathis,5,2013290,2014
T35,T35,Troy Merritt,5,2014380,2014
T35,T35,Daniel Summerhays,5,2014390,2014
T35,T35,David Toms,5,2014380,2014
T35,T35,Cameron Tringale,5,2014440,2014
T35,T35,Johnson Wagner,5,2014380,2014
T47,T47,Jason Bohn,4,2014440,2014
T47,T47,Steven Bowditch,4,2014450,2014
T47,T47,Marco Dawson,4,2012450,2014
T47,T47,Victor Dubuisson,4,2014350,2014
T47,T47,Russell Henley,4,2014460,2014
T47,T47,Morgan Hoffmann,4,2014460,2014
T47,T47,David Howell,4,2013250,2014
T47,T47,Chris Kirk,4,2014460,2014
T47,T47,Hideki Matsuyama,4,2014460,2014
T47,T47,John Senden,4,2014460,2014
T47,T47,Vijay Singh,4,2014410,2014
T47,T47,Jordan Spieth,4,2014460,2014
T47,T47,Brendan Steele,4,2014420,2014
T47,T47,Shawn Stefani,4,2014440,2014
T47,T47,Chris Stroud,4,2014440,2014
T47,T47,Brian Stuard,4,2014450,2014
T47,T47,Gary Woodland,4,2014460,2014
T64,T64,Mark Anderson,3,2014270,2014
T64,T64,Woody Austin,3,2014380,2014
T64,T64,Grégory Bourdy,3,2013310,2014
T64,T64,Keegan Bradley,3,2014460,2014
T64,T64,K.J. Choi,3,2014460,2014
T64,T64,Ben Curtis,3,2014410,2014
T64,T64,Branden Grace,3,2014400,2014
T64,T64,Chesson Hadley,3,2014460,2014
T64,T64,Brian Harman,3,2014460,2014
T64,T64,Scott Hend,3,2014030,2014
T64,T64,Tim Herron,3,2014410,2014
T64,T64,Billy Horschel,3,2014470,2014
T64,T64,Charles Howell III,3,2014460,2014
T64,T64,John Huh,3,2014450,2014
T64,T64,Shiv Kapur,3,2013310,2014
T64,T64,Martin Kaymer,3,2014470,2014
T64,T64,K.T. Kim,3,2012350,2014
T64,T64,Russell Knox,3,2014460,2014
T64,T64,Kelly Kraft,3,2012440,2014
T64,T64,Martin Laird,3,2014410,2014
T64,T64,Scott Langley,3,2014450,2014
T64,T64,Garth Mulroy,3,2012440,2014
T64,T64,Toshinori Muto,3,2012320,2014
T64,T64,Seung-Yul Noh,3,2014460,2014
T64,T64,Geoff Ogilvy,3,2014470,2014
T64,T64,Thorbjørn Olesen,3,2014400,2014
T64,T64,Carl Paulson,3,2011450,2014
T64,T64,Jonathan Randolph,3,2011300,2014
T64,T64,Bob Shearer,3,1984320,2014
T64,T64,Webb Simpson,3,2014470,2014
T64,T64,Richard Sterne,3,2014430,2014
T64,T64,Andre Stolz,3,2011300,2014
T64,T64,Kevin Streelman,3,2014460,2014
T64,T64,Bo Van Pelt,3,2014450,2014
T64,T64,Jimmy Walker,3,2014470,2014
T64,T64,Marc Warren,3,2013350,2014
T64,T64,Matt Weibring,3,2011300,2014
T64,T64,Lee Westwood,3,2014430,2014
T64,T64,Tim Wilkinson,3,2014410,2014
T64,T64,Chris Wood,3,2014040,2014
T104,T104,Jason Allred,2,2014420,2014
T104,T104,Seuk-hyun Baek,2,2014030,2014
T104,T104,Gaganjeet Bhullar,2,2014030,2014
T104,T104,David Branshaw,2,2007480,2014
T104,T104,Josh Broadaway,2,2011100,2014
T104,T104,Mark Brown,2,2013310,2014
T104,T104,Rafael Campos,2,2013100,2014
T104,T104,Paul Casey,2,2014450,2014
T104,T104,Stewart Cink,2,2014460,2014
T104,T104,Ben Crane,2,2014470,2014
T104,T104,Brian Davis,2,2014450,2014
T104,T104,Brendon de Jonge,2,2014460,2014
T104,T104,Graham DeLaet,2,2014470,2014
T104,T104,Jamie Donaldson,2,2014430,2014
T104,T104,Matt Every,2,2014470,2014
T104,T104,Gonzalo Fernandez-Castaño,2,2014460,2014
T104,T104,Darren Fichardt,2,2014040,2014
T104,T104,Matt Fitzpatrick,2,2014270,2014
T104,T104,Fred Funk,2,2014200,2014
T104,T104,Tommy Gainey,2,2014420,2014
T104,T104,Tom Gillis,2,2013330,2014
T104,T104,Emiliano Grillo,2,2012110,2014
T104,T104,Luke Guthrie,2,2014450,2014
T104,T104,Hunter Haas,2,2013180,2014
T104,T104,Scott Harrington,2,2006290,2014
T104,T104,David Hearn,2,2014460,2014
T104,T104,Mike Hendry,2,2013110,2014
T104,T104,Scott Hoch,2,2008100,2014
T104,T104,J.B. Holmes,2,2014470,2014
T104,T104,Mikko Ilonen,2,2014430,2014
T104,T104,Freddie Jacobson,2,2014470,2014
T104,T104,Lee Janzen,2,2014420,2014
T104,T104,Matt Jones,2,2014470,2014
T104,T104,Jason Kokrak,2,2014460,2014
T104,T104,Doug LaBelle II,2,2014420,2014
T104,T104,Bernhard Langer,2,2013160,2014
T104,T104,Danny Lee,2,2014460,2014
T104,T104,Marc Leishman,2,2014470,2014
T104,T104,Alexander Levy,2,2014430,2014
T104,T104,David Lingmerth,2,2014420,2014
T104,T104,Andrew Loupe,2,2014420,2014
T104,T104,Shane Lowry,2,2014400,2014
T104,T104,Joost Luiten,2,2014430,2014
T104,T104,Jarrod Lyle,2,2012070,2014
T104,T104,Will MacKenzie,2,2014470,2014
T104,T104,Mac McLendon,2,1980430,2014
T104,T104,George McNeill,2,2014470,2014
T104,T104,John Merrick,2,2014420,2014
T104,T104,Ryan Moore,2,2014470,2014
T104,T104,Kevin Na,2,2014480,2014
T104,T104,Jack Newton,2,1982420,2014
T104,T104,Koumei Oda,2,2014400,2014
T104,T104,Greg Owen,2,2014340,2014
T104,T104,Craig Parry,2,2008320,2014
T104,T104,Kenny Perry,2,2014350,2014
T104,T104,Carl Pettersson,2,2014470,2014
T104,T104,Daniel Popovic,2,2013340,2014
T104,T104,Wes Roach,2,2014420,2014
T104,T104,Alexandre Rocha,2,2013100,2014
T104,T104,Sam Saunders,2,2013060,2014
T104,T104,John Schroeder,2,1995300,2014
T104,T104,Bob Smith,2,1985280,2014
T104,T104,Hudson Swafford,2,2014420,2014
T104,T104,Toru Taniguchi,2,2013340,2014
T104,T104,Nicholas Thompson,2,2014420,2014
T104,T104,Brendon Todd,2,2014480,2014
T104,T104,Derek Tolan,2,2012110,2014
T104,T104,Jhonattan Vegas,2,2014450,2014
T104,T104,Camilo Villegas,2,2014470,2014
T104,T104,Brett Wetterich,2,2012250,2014
T104,T104,Mark Wilson,2,2014420,2014
T104,T104,Fabrizio Zanotti,2,2014430,2014
1,1,Henrik Stenson,28,2014210,2015
2,2,Sergio Garcia,24,2014300,2015
3,3,Robert Streb,14,2015280,2015
4,4,Harris English,13,2015310,2015
5,5,Paul Casey,12,2015300,2015
T6,T6,Matt Kuchar,11,2015310,2015
T6,T6,Rory McIlroy,11,2015190,2015
8,8,Phil Mickelson,10,2015290,2015
T9,T9,Jason Day,9,2015340,2015
T9,T9,Luke Donald,9,2015330,2015
T9,T9,Jason Dufner,9,2015300,2015
T12,T12,Jim Furyk,8,2015320,2015
T12,T12,Bill Haas,8,2015410,2015
T12,T12,Dustin Johnson,8,2015340,2015
T12,T12,Francesco Molinari,8,2015230,2015
T12,T12,Patrick Reed,8,2015360,2015
T12,T12,Justin Thomas,8,2015360,2015
T18,T18,J.B. Holmes,7,2015400,2015
T18,T18,Charles Howell III,7,2015370,2015
T18,T18,Danny Lee,7,2015410,2015
T18,T18,Webb Simpson,7,2015390,2015
T18,T18,Vaughn Taylor,7,2015330,2015
T18,T18,Bubba Watson,7,2015400,2015
T24,T24,Sangmoon Bae,6,2015430,2015
T24,T24,Gonzalo Fernandez-Castaño,6,2015360,2015
T24,T24,Troy Merritt,6,2015410,2015
T24,T24,Seung-Yul Noh,6,2015330,2015
T24,T24,Louis Oosthuizen,6,2015360,2015
T24,T24,Kyle Stanley,6,2015330,2015
T24,T24,Doug Tewell,6,1999230,2015
T31,T31,Thomas Aiken,5,2014410,2015
T31,T31,Roberto Castro,5,2015370,2015
T31,T31,Kevin Chappell,5,2015410,2015
T31,T31,Austin Cook,5,2015330,2015
T31,T31,Tom Hoge,5,2015380,2015
T31,T31,Wayne Levi,5,2001300,2015
T31,T31,David Lipsky,5,2015040,2015
T31,T31,Andres Romero,5,2015360,2015
T31,T31,Marc Warren,5,2015270,2015
T31,T31,Lee Westwood,5,2015340,2015
T41,T41,Jonathan Byrd,4,2015380,2015
T41,T41,Greg Chalmers,4,2015370,2015
T41,T41,K.J. Choi,4,2015400,2015
T41,T41,Retief Goosen,4,2015390,2015
T41,T41,Branden Grace,4,2015390,2015
T41,T41,Charley Hoffman,4,2015460,2015
T41,T41,Morgan Hoffmann,4,2015440,2015
T41,T41,Zach Johnson,4,2015460,2015
T41,T41,Matt Jones,4,2015440,2015
T41,T41,Martin Kaymer,4,2015390,2015
T41,T41,Kevin Kisner,4,2015460,2015
T41,T41,Ben Martin,4,2015450,2015
T41,T41,Hideki Matsuyama,4,2015460,2015
T41,T41,Kevin Na,4,2015460,2015
T41,T41,Sean O'Hair,4,2015440,2015
T41,T41,Thorbjørn Olesen,4,2014400,2015
T41,T41,Hennie Otto,4,2010350,2015
T41,T41,Vijay Singh,4,2015410,2015
T41,T41,Cameron Smith,4,2015340,2015
T41,T41,Kevin Streelman,4,2015420,2015
T41,T41,Daniel Summerhays,4,2015450,2015
T62,T62,Daniel Berger,3,2015470,2015
T62,T62,Zac Blair,3,2015460,2015
T62,T62,Grégory Bourdy,3,2013310,2015
T62,T62,Ernie Els,3,2015410,2015
T62,T62,Darren Fichardt,3,2014040,2015
T62,T62,Rickie Fowler,3,2015470,2015
T62,T62,Marcus Fraser,3,2013350,2015
T62,T62,Fabián Gómez,3,2015460,2015
T62,T62,Emiliano Grillo,3,2015380,2015
T62,T62,Brian Harman,3,2015460,2015
T62,T62,Mike Hendry,3,2013110,2015
T62,T62,Beau Hossler,3,2012260,2015
T62,T62,Russell Knox,3,2015460,2015
T62,T62,Doug LaBelle II,3,2014420,2015
T62,T62,Anirban Lahiri,3,2015390,2015
T62,T62,Justin Leonard,3,2015400,2015
T62,T62,Spencer Levin,3,2015450,2015
T62,T62,James Morrison,3,2012320,2015
T62,T62,Toshinori Muto,3,2012320,2015
T62,T62,Ryan Palmer,3,2015460,2015
T62,T62,Pat Perez,3,2015460,2015
T62,T62,Wes Roach,3,2014420,2015
T62,T62,Alexandre Rocha,3,2013100,2015
T62,T62,Patrick Rodgers,3,2015410,2015
T62,T62,Rory Sabbatini,3,2015460,2015
T62,T62,Bob Shearer,3,1984320,2015
T62,T62,Brandt Snedeker,3,2015470,2015
T62,T62,Shawn Stefani,3,2015460,2015
T62,T62,Andre Stolz,3,2011300,2015
T62,T62,Steve Stricker,3,2015370,2015
T62,T62,Brendon Todd,3,2015460,2015
T62,T62,Cameron Tringale,3,2015460,2015
T62,T62,Camilo Villegas,3,2015450,2015
T62,T62,Danny Willett,3,2015390,2015
T62,T62,Y.E. Yang,3,2015170,2015
T62,T62,Fabrizio Zanotti,3,2014430,2015
T98,T98,Felipe Aguilar,2,2009110,2015
T98,T98,Gaganjeet Bhullar,2,2014030,2015
T98,T98,Thomas Bjørn,2,2015430,2015
T98,T98,Steven Bowditch,2,2015480,2015
T98,T98,Keegan Bradley,2,2015470,2015
T98,T98,Mark Brown,2,2013310,2015
T98,T98,Danny Chia,2,2010310,2015
T98,T98,George Coetzee,2,2015440,2015
T98,T98,Austin Connelly,2,2015310,2015
T98,T98,Brendon de Jonge,2,2015470,2015
T98,T98,Victor Dubuisson,2,2015430,2015
T98,T98,Derek Ernst,2,2015420,2015
T98,T98,Matt Fitzpatrick,2,2014270,2015
T98,T98,Martin Flores,2,2015420,2015
T98,T98,Oscar Fraustro,2,2015420,2015
T98,T98,Nicholas Fung,2,2014030,2015
T98,T98,Lucas Glover,2,2015400,2015
T98,T98,Scott Gutschewski,2,2011450,2015
T98,T98,Scott Hoch,2,2008100,2015
T98,T98,Billy Horschel,2,2015470,2015
T98,T98,Mu Hu,2,2014040,2015
T98,T98,Mikko Ilonen,2,2015430,2015
T98,T98,Ryo Ishikawa,2,2015450,2015
T98,T98,Jerry Kelly,2,2015470,2015
T98,T98,Troy Kelly,2,2015420,2015
T98,T98,Hyung-Sung Kim,2,2015060,2015
T98,T98,Chris Kirk,2,2015470,2015
T98,T98,Jason Knutzon,2,2015040,2015
T98,T98,Brooks Koepka,2,2015480,2015
T98,T98,Antonio Lascuna,2,2015040,2015
T98,T98,Haotong Li,2,2014040,2015
T98,T98,Jamie Lovemark,2,2015170,2015
T98,T98,Hunter Mahan,2,2015470,2015
T98,T98,William McGirt,2,2015470,2015
T98,T98,Mac McLendon,2,1980430,2015
T98,T98,Maverick McNealy,2,2015360,2015
T98,T98,Jack Newton,2,1982420,2015
T98,T98,Jordan Niebrugge,2,2014390,2015
T98,T98,Mark O'Meara,2,2015240,2015
T98,T98,Koumei Oda,2,2015430,2015
T98,T98,Carlos Ortiz,2,2015460,2015
T98,T98,C.T. Pan,2,2015340,2015
T98,T98,Craig Parry,2,2008320,2015
T98,T98,John Parry,2,2013250,2015
T98,T98,Scott Piercy,2,2015480,2015
T98,T98,Scott Pinckney,2,2015460,2015
T98,T98,Andy Pope,2,2015030,2015
T98,T98,Daniel Popovic,2,2013340,2015
T98,T98,Ian Poulter,2,2015470,2015
T98,T98,Alex Prugh,2,2015420,2015
T98,T98,Alvaro Quiros,2,2015070,2015
T98,T98,Jon Rahm,2,2015130,2015
T98,T98,Chris Riley,2,2015380,2015
T98,T98,Justin Rose,2,2015480,2015
T98,T98,John Schroeder,2,1995300,2015
T98,T98,John Senden,2,2015460,2015
T98,T98,Marcel Siem,2,2015430,2015
T98,T98,Bob Smith,2,1985280,2015
T98,T98,Byron Smith,2,2015420,2015
T98,T98,Chris Smith,2,2015380,2015
T98,T98,Jordan Spieth,2,2015480,2015
T98,T98,Gary Stal,2,2015190,2015
T98,T98,Brendan Steele,2,2015470,2015
T98,T98,Hudson Swafford,2,2015460,2015
T98,T98,Yoshitaka Takeya,2,2014430,2015
T98,T98,Toru Taniguchi,2,2013340,2015
T98,T98,D.J. Trahan,2,2015380,2015
T98,T98,Johnson Wagner,2,2015460,2015
T98,T98,Jimmy Walker,2,2015480,2015
T98,T98,Nick Watney,2,2015470,2015
T98,T98,Cory Whitsett,2,2015030,2015
T98,T98,Mark Wilson,2,2015460,2015
T98,T98,Oliver Wilson,2,2015060,2015
T98,T98,Gary Woodland,2,2015470,2015
1,1,Adam Scott,20,2016030,2016
2,2,Jason Day,18,2016150,2016
3,3,Daniel Berger,17,2016180,2016
T4,T4,Jason Dufner,14,2016250,2016
T4,T4,Zach Johnson,14,2016250,2016
6,6,Hudson Swafford,13,2016290,2016
7,7,Russell Knox,12,2016250,2016
T8,T8,Harris English,11,2016300,2016
T8,T8,Jim Furyk,11,2016320,2016
T8,T8,Emiliano Grillo,11,2016310,2016
T8,T8,Ryan Moore,11,2016320,2016
T8,T8,Charl Schwartzel,11,2016300,2016
T8,T8,Jordan Spieth,11,2016300,2016
T14,T14,Kevin Kisner,10,2016340,2016
T14,T14,Patrick Reed,10,2016350,2016
T16,T16,Brooks Koepka,9,2016290,2016
T16,T16,Brandt Snedeker,9,2016370,2016
T16,T16,Jhonattan Vegas,9,2016350,2016
T19,T19,Blayne Barber,8,2016350,2016
T19,T19,Rickie Fowler,8,2016350,2016
T19,T19,Steve Stricker,8,2016270,2016
T22,T22,Ricky Barnes,7,2016360,2016
T22,T22,Keegan Bradley,7,2016350,2016
T22,T22,Martin Kaymer,7,2016220,2016
T25,T25,Sangmoon Bae,6,2015430,2016
T25,T25,Grégory Bourdy,6,2013310,2016
T25,T25,Paul Casey,6,2016420,2016
T25,T25,Ryan Palmer,6,2016400,2016
T25,T25,Justin Rose,6,2016370,2016
T25,T25,Brian Stuard,6,2016420,2016
T25,T25,Doug Tewell,6,1999230,2016
T32,T32,Rafa Cabrera Bello,5,2016320,2016
T32,T32,Bud Cauley,5,2016390,2016
T32,T32,Scott Hend,5,2016030,2016
T32,T32,Matt Kuchar,5,2016430,2016
T32,T32,Steve LeBrun,5,2013290,2016
T32,T32,Wayne Levi,5,2001300,2016
T32,T32,David Lipsky,5,2015040,2016
T32,T32,Sean O'Hair,5,2016460,2016
T32,T32,Louis Oosthuizen,5,2016420,2016
T32,T32,Thomas Pieters,5,2016050,2016
T32,T32,Scott Pinckney,5,2016390,2016
T32,T32,Alex Prugh,5,2016330,2016
T44,T44,Kevin Chappell,4,2016470,2016
T44,T44,SSP Chawrasia,4,2008140,2016
T44,T44,Danny Chia,4,2010310,2016
T44,T44,Luke Donald,4,2016460,2016
T44,T44,Tony Finau,4,2016430,2016
T44,T44,Martin Flores,4,2015420,2016
T44,T44,Adam Hadwin,4,2016450,2016
T44,T44,J.B. Holmes,4,2016470,2016
T44,T44,John Huh,4,2016450,2016
T44,T44,Billy Hurley III,4,2016450,2016
T44,T44,Dustin Johnson,4,2016470,2016
T44,T44,Andrew Johnston,4,2016340,2016
T44,T44,Søren Kjeldsen,4,2016370,2016
T44,T44,Jamie Lovemark,4,2016450,2016
T44,T44,Rory McIlroy,4,2016470,2016
T44,T44,Hennie Otto,4,2010350,2016
T44,T44,Scott Piercy,4,2016460,2016
T44,T44,Brendan Steele,4,2016430,2016
T44,T44,Shawn Stefani,4,2016430,2016
T44,T44,Johnson Wagner,4,2016450,2016
T44,T44,Lee Westwood,4,2016240,2016
T44,T44,Gary Woodland,4,2016470,2016
T66,T66,Zac Blair,3,2016430,2016
T66,T66,Roberto Castro,3,2016480,2016
T66,T66,Jon Curran,3,2016470,2016
T66,T66,Andrew Dodt,3,2015430,2016
T66,T66,Bradley Dredge,3,2008090,2016
T66,T66,Darren Fichardt,3,2014040,2016
T66,T66,Tom Gillis,3,2016390,2016
T66,T66,Lucas Glover,3,2016350,2016
T66,T66,Fabián Gómez,3,2016470,2016
T66,T66,Andres Gonzales,3,2016430,2016
T66,T66,Brian Harman,3,2016470,2016
T66,T66,Padraig Harrington,3,2016400,2016
T66,T66,David Hearn,3,2016470,2016
T66,T66,Mike Hendry,3,2013110,2016
T66,T66,Jim Herman,3,2016470,2016
T66,T66,Beau Hossler,3,2012260,2016
T66,T66,Si Woo Kim,3,2016480,2016
T66,T66,Jason Kokrak,3,2016470,2016
T66,T66,Doug LaBelle II,3,2014420,2016
T66,T66,Peter Malnati,3,2016450,2016
T66,T66,Hideki Matsuyama,3,2016480,2016
T66,T66,Maverick McNealy,3,2015360,2016
T66,T66,Carl Paulson,3,2011450,2016
T66,T66,Kyle Reifers,3,2016470,2016
T66,T66,Alexandre Rocha,3,2013100,2016
T66,T66,Bob Shearer,3,1984320,2016
T66,T66,Lee Slattery,3,2012320,2016
T66,T66,Kyle Stanley,3,2016450,2016
T66,T66,Andre Stolz,3,2011300,2016
T66,T66,Kevin Streelman,3,2016470,2016
T66,T66,Andy Sullivan,3,2016340,2016
T66,T66,Jimmy Walker,3,2016480,2016
T66,T66,Danny Willett,3,2016340,2016
T99,T99,Felipe Aguilar,2,2009110,2016
T99,T99,Aaron Baddeley,2,2016480,2016
T99,T99,Shane Bertsch,2,2016130,2016
T99,T99,Thomas Bjørn,2,2015430,2016
T99,T99,Jonas Blixt,2,2016460,2016
T99,T99,Mark Brown,2,2013310,2016
T99,T99,Rafael Campos,2,2016210,2016
T99,T99,Alex Cejka,2,2016410,2016
T99,T99,Greg Chalmers,2,2016430,2016
T99,T99,Stewart Cink,2,2016450,2016
T99,T99,George Coetzee,2,2016410,2016
T99,T99,Charlie Danielson,2,2016360,2016
T99,T99,Zecheng Dou,2,2015060,2016
T99,T99,James Driscoll,2,2015180,2016
T99,T99,Johan Edfors,2,2011260,2016
T99,T99,Yoshinori Fujimoto,2,2012320,2016
T99,T99,Nicholas Fung,2,2014030,2016
T99,T99,Sergio Garcia,2,2016480,2016
T99,T99,Branden Grace,2,2016480,2016
T99,T99,Scott Gutschewski,2,2011450,2016
T99,T99,Bill Haas,2,2016480,2016
T99,T99,Brandon Hagy,2,2016130,2016
T99,T99,James Hahn,2,2016480,2016
T99,T99,Scott Hoch,2,2008100,2016
T99,T99,David Howell,2,2016050,2016
T99,T99,Charles Howell III,2,2016480,2016
T99,T99,Mu Hu,2,2014040,2016
T99,T99,Yuta Ikeda,2,2016400,2016
T99,T99,Mikko Ilonen,2,2015430,2016
T99,T99,Thongchai Jaidee,2,2016400,2016
T99,T99,Steven Jeffress,2,2015190,2016
T99,T99,Miguel Angel Jiménez,2,2016050,2016
T99,T99,Kent Jones,2,2015420,2016
T99,T99,Smylie Kaufman,2,2016480,2016
T99,T99,Troy Kelly,2,2015420,2016
T99,T99,Chris Kirk,2,2016480,2016
T99,T99,Jason Knutzon,2,2015040,2016
T99,T99,Kelly Kraft,2,2016450,2016
T99,T99,Andrew Landry,2,2016450,2016
T99,T99,Romain Langasque,2,2015390,2016
T99,T99,Scott Langley,2,2016450,2016
T99,T99,Antonio Lascuna,2,2015040,2016
T99,T99,Paul Lawrie,2,2015390,2016
T99,T99,Richard Lee,2,2016030,2016
T99,T99,Marc Leishman,2,2016480,2016
T99,T99,WC Liang,2,2015430,2016
T99,T99,David Lingmerth,2,2016480,2016
T99,T99,Prayad Marksaeng,2,2014030,2016
T99,T99,Michio Matsumura,2,2011020,2016
T99,T99,Billy Mayfair,2,2016360,2016
T99,T99,William McGirt,2,2016490,2016
T99,T99,Mac McLendon,2,1980430,2016
T99,T99,Phil Mickelson,2,2016490,2016
T99,T99,Trey Mullinax,2,2016040,2016
T99,T99,Kevin Na,2,2016490,2016
T99,T99,Jack Newton,2,1982420,2016
T99,T99,Alex Noren,2,2016400,2016
T99,T99,Koumei Oda,2,2015430,2016
T99,T99,Geoff Ogilvy,2,2016450,2016
T99,T99,C.T. Pan,2,2015340,2016
T99,T99,Craig Parry,2,2008320,2016
T99,T99,John Parry,2,2013250,2016
T99,T99,Dicky Pride,2,2016450,2016
T99,T99,Alvaro Quiros,2,2015070,2016
T99,T99,Ryan Ruffels,2,2016270,2016
T99,T99,Rory Sabbatini,2,2016430,2016
T99,T99,John Schroeder,2,1995300,2016
T99,T99,Marcel Siem,2,2015430,2016
T99,T99,Bob Smith,2,1985280,2016
T99,T99,Byron Smith,2,2015420,2016
T99,T99,Young-han Song,2,2016370,2016
T99,T99,Robert Streb,2,2016460,2016
T99,T99,Yoshitaka Takeya,2,2014430,2016
T99,T99,Vaughn Taylor,2,2016480,2016
T99,T99,Justin Thomas,2,2016490,2016
T99,T99,Dawie van der Walt,2,2016450,2016
T99,T99,Daniel van Tonder,2,2015190,2016
T99,T99,Harold Varner III,2,2016470,2016
T99,T99,Bubba Watson,2,2016490,2016
T99,T99,Cory Whitsett,2,2015030,2016
T99,T99,Mark Wilson,2,2016450,2016
T99,T99,Oliver Wilson,2,2015060,2016
T99,T99,Ashun Wu,2,2015060,2016
1,1,Paul Casey,20,2017130,2017
T2,T2,Charley Hoffman,17,2017270,2017
T2,T2,Martin Kaymer,17,2016220,2017
T4,T4,Brooks Koepka,16,2017230,2017
T4,T4,Matt Kuchar,16,2017250,2017
6,6,Patrick Cantlay,14,2015070,2017
T7,T7,Tony Finau,13,2017310,2017
T7,T7,Webb Simpson,13,2017300,2017
T9,T9,Chez Reavie,11,2017320,2017
T9,T9,Jordan Spieth,11,2017320,2017
T11,T11,Keegan Bradley,10,2017350,2017
T11,T11,Russell Henley,10,2017350,2017
T11,T11,Peter Malnati,10,2017310,2017
T11,T11,Ian Poulter,10,2017280,2017
T15,T15,Rickie Fowler,9,2017350,2017
T15,T15,Kevin Kisner,9,2017390,2017
T17,T17,Jason Dufner,8,2017410,2017
T17,T17,Martin Flores,8,2017370,2017
T17,T17,Dustin Johnson,8,2017410,2017
T20,T20,Kevin Chappell,7,2017420,2017
T20,T20,Jason Day,7,2017410,2017
T20,T20,Lucas Glover,7,2017370,2017
T20,T20,Seamus Power,7,2017370,2017
T20,T20,Jon Rahm,7,2017410,2017
T25,T25,Sangmoon Bae,6,2015430,2017
T25,T25,Pat Perez,6,2017440,2017
T25,T25,Patrick Reed,6,2017440,2017
T25,T25,Charl Schwartzel,6,2017410,2017
T25,T25,Henrik Stenson,6,2017410,2017
T25,T25,Doug Tewell,6,1999230,2017
T25,T25,Justin Thomas,6,2017440,2017
T25,T25,Richy Werenski,6,2017390,2017
T25,T25,Lee Westwood,6,2017250,2017
T34,T34,Ricky Barnes,5,2017390,2017
T34,T34,SSP Chawrasia,5,2008140,2017
T34,T34,Danny Chia,5,2010310,2017
T34,T34,Morgan Hoffmann,5,2017390,2017
T34,T34,K.T. Kim,5,2017040,2017
T34,T34,Steve LeBrun,5,2013290,2017
T34,T34,Wayne Levi,5,2001300,2017
T34,T34,Louis Oosthuizen,5,2017440,2017
T34,T34,C.T. Pan,5,2017380,2017
T34,T34,Scott Pinckney,5,2016390,2017
T34,T34,J.T. Poston,5,2017390,2017
T34,T34,Alex Prugh,5,2016330,2017
T34,T34,Tag Ridings,5,2017390,2017
T34,T34,Sam Saunders,5,2017390,2017
T34,T34,Robert Streb,5,2017450,2017
T34,T34,Harold Varner III,5,2017420,2017
T50,T50,Steven Alker,4,2017400,2017
T50,T50,Stuart Appleby,4,2017390,2017
T50,T50,Ryan Armour,4,2017400,2017
T50,T50,Daniel Berger,4,2017470,2017
T50,T50,Ben Crane,4,2017390,2017
T50,T50,Andrew Dodt,4,2015430,2017
T50,T50,Ken Duke,4,2017400,2017
T50,T50,Matt Every,4,2017400,2017
T50,T50,Tommy Fleetwood,4,2017350,2017
T50,T50,Marcus Fraser,4,2016420,2017
T50,T50,Mark Hubbard,4,2017400,2017
T50,T50,Satoshi Kodaira,4,2017120,2017
T50,T50,Jason Kokrak,4,2017450,2017
T50,T50,Kevin Na,4,2017460,2017
T50,T50,Justin Rose,4,2017470,2017
T50,T50,Xander Schauffele,4,2017470,2017
T50,T50,J.J. Spaun,4,2017430,2017
T50,T50,Kyle Stanley,4,2017470,2017
T50,T50,Richard Sterne,4,2016400,2017
T50,T50,Jhonattan Vegas,4,2017470,2017
T50,T50,Aaron Wise,4,2017050,2017
T71,T71,Aaron Baddeley,3,2017410,2017
T71,T71,Craig Barlow,3,2017030,2017
T71,T71,Gaganjeet Bhullar,3,2014030,2017
T71,T71,Scott Brown,3,2017470,2017
T71,T71,Wesley Bryan,3,2017470,2017
T71,T71,Miguel Angel Carballo,3,2017420,2017
T71,T71,Zecheng Dou,3,2015060,2017
T71,T71,Sergio Garcia,3,2017480,2017
T71,T71,Tom Gillis,3,2016390,2017
T71,T71,Emiliano Grillo,3,2017470,2017
T71,T71,Adam Hadwin,3,2017480,2017
T71,T71,Brian Harman,3,2017480,2017
T71,T71,Mackenzie Hughes,3,2017470,2017
T71,T71,Si Woo Kim,3,2017470,2017
T71,T71,Martin Laird,3,2017470,2017
T71,T71,Marc Leishman,3,2017480,2017
T71,T71,WC Liang,3,2015430,2017
T71,T71,Luke List,3,2017470,2017
T71,T71,Hideki Matsuyama,3,2017480,2017
T71,T71,Lee McCoy,3,2017050,2017
T71,T71,Phil Mickelson,3,2017470,2017
T71,T71,Grayson Murray,3,2017470,2017
T71,T71,Alex Noren,3,2017410,2017
T71,T71,Geoff Ogilvy,3,2017430,2017
T71,T71,Thorbjørn Olesen,3,2017410,2017
T71,T71,Carl Paulson,3,2011450,2017
T71,T71,D.A. Points,3,2017450,2017
T71,T71,Dicky Pride,3,2017400,2017
T71,T71,Chase Seiffert,3,2017070,2017
T71,T71,Bob Shearer,3,1984320,2017
T71,T71,Lee Slattery,3,2012320,2017
T71,T71,Brandt Snedeker,3,2017320,2017
T71,T71,Andre Stolz,3,2011300,2017
T71,T71,Hudson Swafford,3,2017470,2017
T71,T71,Miguel Tabuena,3,2017020,2017
T71,T71,Vaughn Taylor,3,2017430,2017
T71,T71,Kevin Tway,3,2017470,2017
T71,T71,Steve Wheatcroft,3,2017400,2017
T71,T71,Chris Wood,3,2017410,2017
T71,T71,Gary Woodland,3,2017480,2017
T71,T71,Ashun Wu,3,2015060,2017
T112,T112,Thomas Aiken,2,2016460,2017
T112,T112,Matt Atkins,2,2016070,2017
T112,T112,Zac Blair,2,2017430,2017
T112,T112,Richard Bland,2,2017040,2017
T112,T112,Joseph Bramlett,2,2012060,2017
T112,T112,Sam Brazel,2,2017190,2017
T112,T112,Ryan Brehm,2,2017430,2017
T112,T112,Dean Burmester,2,2016210,2017
T112,T112,Rafa Cabrera Bello,2,2017480,2017
T112,T112,Bud Cauley,2,2017480,2017
T112,T112,Stewart Cink,2,2017480,2017
T112,T112,Joel Dahmen,2,2017430,2017
T112,T112,Charlie Danielson,2,2017200,2017
T112,T112,Bryson DeChambeau,2,2017480,2017
T112,T112,James Driscoll,2,2015180,2017
T112,T112,David Drysdale,2,2009310,2017
T112,T112,Gonzalo Fernandez-Castaño,2,2017430,2017
T112,T112,Brad Fritsch,2,2017430,2017
T112,T112,Nicholas Fung,2,2014030,2017
T112,T112,Jonathan Garrick,2,2017060,2017
T112,T112,Mike Grob,2,2007320,2017
T112,T112,Bill Haas,2,2017480,2017
T112,T112,James Hahn,2,2017480,2017
T112,T112,David Hearn,2,2017430,2017
T112,T112,Scott Hoch,2,2008100,2017
T112,T112,David Howell,2,2016050,2017
T112,T112,Steven Jeffress,2,2015190,2017
T112,T112,Miguel Angel Jiménez,2,2016050,2017
T112,T112,Zach Johnson,2,2017480,2017
T112,T112,Sung Kang,2,2017480,2017
T112,T112,Chris Kirk,2,2017470,2017
T112,T112,Anirban Lahiri,2,2017480,2017
T112,T112,Rick Lamb,2,2017430,2017
T112,T112,Andrew Landry,2,2016450,2017
T112,T112,Romain Langasque,2,2015390,2017
T112,T112,Scott Langley,2,2017070,2017
T112,T112,Richard Lee,2,2016030,2017
T112,T112,Soomin Lee,2,2017020,2017
T112,T112,Peter Lonard,2,2013300,2017
T112,T112,Jamie Lovemark,2,2017480,2017
T112,T112,Shane Lowry,2,2017450,2017
T112,T112,Will MacKenzie,2,2017340,2017
T112,T112,Michio Matsumura,2,2011020,2017
T112,T112,Billy Mayfair,2,2016360,2017
T112,T112,Wesley McClain,2,2017240,2017
T112,T112,William McGirt,2,2017470,2017
T112,T112,Mac McLendon,2,1980430,2017
T112,T112,Matthew Millar,2,2011310,2017
T112,T112,Larry Mize,2,2016240,2017
T112,T112,Francesco Molinari,2,2017480,2017
T112,T112,Jack Newton,2,1982420,2017
T112,T112,Shaun Norris,2,2017410,2017
T112,T112,Carlos Ortiz,2,2016460,2017
T112,T112,Rod Pampling,2,2017470,2017
T112,T112,Craig Parry,2,2008320,2017
T112,T112,John Schroeder,2,1995300,2017
T112,T112,Robby Shelton,2,2017400,2017
T112,T112,Chan Shih-chang,2,2017020,2017
T112,T112,Vijay Singh,2,2017420,2017
T112,T112,Bob Smith,2,1985280,2017
T112,T112,Matthew Southgate,2,2016400,2017
T112,T112,Brendan Steele,2,2017480,2017
T112,T112,Hideto Tanihara,2,2017440,2017
T112,T112,D.J. Trahan,2,2017400,2017
T112,T112,Dawie van der Walt,2,2016450,2017
T112,T112,Daniel van Tonder,2,2015190,2017
T112,T112,Johnson Wagner,2,2017430,2017
T112,T112,Bubba Watson,2,2017470,2017
T112,T112,Charlie Wi,2,2017400,2017
T112,T112,Xinjun Zhang,2,2016050,2017
T112,T112,Jordan Zunic,2,2016180,2017
1,1,Chris Kirk,12,2018310,2018
2,2,Gary Woodland,11,2018340,2018
T3,T3,Patrick Cantlay,10,2018340,2018
T3,T3,Tony Finau,10,2018360,2018
T3,T3,Tommy Fleetwood,10,2018310,2018
T6,T6,Byeong Hun An,9,2018360,2018
T6,T6,Keegan Bradley,9,2018370,2018
T6,T6,Rafa Cabrera Bello,9,2018310,2018
T6,T6,Rickie Fowler,9,2018330,2018
T6,T6,Webb Simpson,9,2018390,2018
T11,T11,Austin Cook,8,2018390,2018
T11,T11,Lanto Griffin,8,2018370,2018
T11,T11,Marc Leishman,8,2018380,2018
T11,T11,Louis Oosthuizen,8,2018330,2018
T11,T11,C.T. Pan,8,2018380,2018
T11,T11,Julian Suri,8,2018160,2018
T11,T11,Kevin Tway,8,2018370,2018
T11,T11,Lee Westwood,8,2017250,2018
T11,T11,Tiger Woods,8,2018380,2018
T20,T20,SSP Chawrasia,7,2008140,2018
T20,T20,Tyrrell Hatton,7,2018360,2018
T20,T20,Dustin Johnson,7,2018430,2018
T20,T20,Hideki Matsuyama,7,2018450,2018
T20,T20,Rory McIlroy,7,2018370,2018
T20,T20,Andrew Putnam,7,2018400,2018
T20,T20,Cameron Smith,7,2018420,2018
T20,T20,Jordan Spieth,7,2018370,2018
T20,T20,Johnson Wagner,7,2018380,2018
T29,T29,Danny Chia,6,2010310,2018
T29,T29,Ross Fisher,6,2018300,2018
T29,T29,Brian Gay,6,2018410,2018
T29,T29,K.T. Kim,6,2017040,2018
T29,T29,Brooks Koepka,6,2018450,2018
T29,T29,Jason Kokrak,6,2018430,2018
T29,T29,Joaquin Niemann,6,2018380,2018
T29,T29,Pat Perez,6,2018420,2018
T29,T29,Adam Scott,6,2018420,2018
T29,T29,Doug Tewell,6,1999230,2018
T29,T29,Justin Thomas,6,2018450,2018
T29,T29,Harold Varner III,6,2018380,2018
T41,T41,Ricky Barnes,5,2018400,2018
T41,T41,Andrew Dodt,5,2015430,2018
T41,T41,Ryan Fox,5,2017450,2018
T41,T41,Gavin Kyle Green,5,2018020,2018
T41,T41,Emiliano Grillo,5,2018450,2018
T41,T41,Brian Harman,5,2018450,2018
T41,T41,Kevin Kisner,5,2018450,2018
T41,T41,Andrew Landry,5,2018450,2018
T41,T41,Steve LeBrun,5,2013290,2018
T41,T41,Danny Lee,5,2018410,2018
T41,T41,Wayne Levi,5,2001300,2018
T41,T41,"Ted Potter, Jr.",5,2018450,2018
T41,,Alex Prugh,5,2016330,2018
T41,T41,Tag Ridings,5,2017390,2018
T41,T41,Sam Ryder,5,2018400,2018
T41,T41,Brandt Snedeker,5,2018430,2018
T41,T41,J.J. Spaun,5,2018440,2018
T41,T41,Richard Sterne,5,2016400,2018
T41,T41,Brandon Stone,5,2018050,2018
T60,T59,Steven Alker,4,2017400,2018
T60,T59,Ryan Armour,4,2018470,2018
T60,T59,Dean Burmester,4,2016210,2018
T60,T59,Paul Casey,4,2018480,2018
T60,T59,Bryson DeChambeau,4,2018480,2018
T60,T59,Graham DeLaet,4,2017480,2018
T60,T59,Marcus Fraser,4,2016420,2018
T60,T59,Jim Furyk,4,2018390,2018
T60,T59,Seungsu Han,4,2010300,2018
T60,T59,Nick Hardy,4,2017390,2018
T60,T59,Mark Hubbard,4,2017400,2018
T60,T59,Stephan Jaeger,4,2018410,2018
T60,T59,Patton Kizzire,4,2018480,2018
T60,T59,Denny McCarthy,4,2018390,2018
T60,T59,Phil Mickelson,4,2018480,2018
T60,T59,Patrick Reed,4,2018480,2018
T60,T59,Kyle Stanley,4,2018480,2018
T60,T59,Hudson Swafford,4,2018400,2018
T60,T59,Jimmy Walker,4,2018430,2018
T60,T59,Bubba Watson,4,2018480,2018
T60,T59,Aaron Wise,4,2018480,2018
T60,T59,Ashun Wu,4,2015060,2018
T82,T81,Aaron Baddeley,3,2018430,2018
T82,T81,Gaganjeet Bhullar,3,2014030,2018
T82,T81,Ryan Brehm,3,2017430,2018
T82,T81,Miguel Angel Carballo,3,2017420,2018
T82,T81,Martin Flores,3,2018430,2018
T82,T81,Nicholas Fung,3,2014030,2018
T82,T81,Adam Hadwin,3,2018480,2018
T82,T81,Beau Hossler,3,2018480,2018
T82,T81,Yuta Ikeda,3,2018340,2018
T82,T81,Si Woo Kim,3,2018480,2018
T82,T81,Martin Laird,3,2018440,2018
T82,T81,Richard Lee,3,2016030,2018
T82,T81,David Lipsky,3,2018020,2018
T82,T81,Michael Lorenzo-Vera,3,2017410,2018
T82,T81,Jamie Lovemark,3,2018470,2018
T82,T81,Lee McCoy,3,2017050,2018
T82,T81,Graeme McDowell,3,2018430,2018
T82,T81,Shaun Norris,3,2017410,2018
T82,T81,John Oda,3,2018410,2018
T82,T81,Thorbjørn Olesen,3,2018420,2018
T82,T81,Carlos Ortiz,3,2016460,2018
T82,T81,Eddie Pepperell,3,2017350,2018
T82,T81,Jon Rahm,3,2018490,2018
T82,T81,Justin Rose,3,2018490,2018
T82,T81,Brett Rumford,3,2015390,2018
T82,T81,Sam Saunders,3,2018440,2018
T82,T81,Xander Schauffele,3,2018490,2018
T82,T81,Bob Shearer,3,1984320,2018
T82,T81,Vijay Singh,3,2018340,2018
T82,T81,Shawn Stefani,3,2018410,2018
T82,T81,Henrik Stenson,3,2018470,2018
T82,T81,Andre Stolz,3,2011300,2018
T82,T81,Miguel Tabuena,3,2017020,2018
T82,T81,Josh Teater,3,2017070,2018
T82,T81,D.J. Trahan,3,2018400,2018
T82,T81,Peter Uihlein,3,2018480,2018
T82,T81,Dawie van der Walt,3,2016450,2018
T82,T81,Bernd Wiesberger,3,2018200,2018
T120,T119,Thomas Aiken,2,2016460,2018
T120,T119,Abraham Ancer,2,2018490,2018
T120,T119,Daniel Berger,2,2018480,2018
T120,T119,Richard Bland,2,2017040,2018
T120,T119,Jonas Blixt,2,2018440,2018
T120,T119,Joseph Bramlett,2,2012060,2018
T120,T119,Sam Brazel,2,2017190,2018
T120,T119,Bronson Burgoon,2,2018480,2018
T120,T119,Sam Burns,2,2018340,2018
T120,T119,Jonathan Byrd,2,2018440,2018
T120,T119,Yi Cao,2,2016050,2018
T120,T119,Fred Couples,2,2017250,2018
T120,T119,Charlie Danielson,2,2017200,2018
T120,T119,Jason Day,2,2018500,2018
T120,T119,David Drysdale,2,2009310,2018
T120,T119,Gonzalo Fernandez-Castaño,2,2017430,2018
T120,T119,Oscar Fraustro,2,2017060,2018
T120,T119,Brad Fritsch,2,2017430,2018
T120,T119,Brice Garnett,2,2018490,2018
T120,T119,Jonathan Garrick,2,2017060,2018
T120,T119,Doug Ghim,2,2018440,2018
T120,T119,Scott Hend,2,2018020,2018
T120,T119,Scott Hoch,2,2008100,2018
T120,T119,Charley Hoffman,2,2018480,2018
T120,T119,Billy Horschel,2,2018500,2018
T120,T119,Charles Howell III,2,2018490,2018
T120,T119,Billy Hurley III,2,2018440,2018
T120,T119,Sung Kang,2,2018470,2018
T120,T119,Daisuke Kataoka,2,2018050,2018
T120,T119,Phachara Khongwatmai,2,2018020,2018
T120,T119,Chan Kim,2,2017410,2018
T120,T119,Whee Kim,2,2018480,2018
T120,T119,Matt Kuchar,2,2018480,2018
T120,T119,Bernhard Langer,2,2018260,2018
T120,T119,Scott Langley,2,2017070,2018
T120,T119,Nate Lashley,2,2018320,2018
T120,T119,Soomin Lee,2,2017020,2018
T120,T119,Zander Lombard,2,2016400,2018
T120,T119,Curtis Luck,2,2017430,2018
T120,T119,Will MacKenzie,2,2017340,2018
T120,T119,Steve Marino,2,2018370,2018
T120,T119,Billy Mayfair,2,2016360,2018
T120,T119,Wesley McClain,2,2017240,2018
T120,T119,Mac McLendon,2,1980430,2018
T120,T119,Maverick McNealy,2,2018320,2018
T120,T119,Dylan Meyer,2,2018440,2018
T120,T119,Matthew Millar,2,2011310,2018
T120,T119,Keith Mitchell,2,2018490,2018
T120,T119,Francesco Molinari,2,2018500,2018
T120,T119,Trey Mullinax,2,2018470,2018
T120,T119,Kevin Na,2,2018500,2018
T120,T119,Chris Naegel,2,2015370,2018
T120,T119,Jack Newton,2,1982420,2018
T120,T119,Alex Noren,2,2018490,2018
T120,T119,Henrik Norlander,2,2017160,2018
T120,T119,Wade Ormsby,2,2018200,2018
T120,T119,Craig Parry,2,2008320,2018
T120,T119,Thomas Pieters,2,2018420,2018
T120,T119,Haydn Porteous,2,2016400,2018
T120,T119,Patrick Rodgers,2,2018440,2018
T120,T119,Poom Saksansin,2,2018020,2018
T120,T119,John Schroeder,2,1995300,2018
T120,T119,Robby Shelton,2,2017400,2018
T120,T119,Chan Shih-chang,2,2017020,2018
T120,T119,Conrad Shindler,2,2018440,2018
T120,T119,Heath Slocum,2,2018410,2018
T120,T119,Bob Smith,2,1985280,2018
T120,T119,Scott Stallings,2,2018480,2018
T120,T119,Brett Stegmaier,2,2018440,2018
T120,T119,Brian Stuard,2,2018480,2018
T120,T119,Michael Thompson,2,2018440,2018
T120,T119,Nick Watney,2,2018480,2018
T120,T119,Xinjun Zhang,2,2018440,2018
T120,T119,Jordan Zunic,2,2016180,2018
1,1,Tommy Fleetwood,28,2018310,2019
2,2,Brooks Koepka,15,2019220,2019
3,3,Webb Simpson,13,2019250,2019
T4,T4,Matt Fitzpatrick,12,2019190,2019
T4,T4,Henrik Stenson,12,2019230,2019
T6,T6,Collin Morikawa,10,2018220,2019
T6,T6,Patrick Reed,10,2019360,2019
T6,T6,Justin Rose,10,2019300,2019
T6,T6,Vaughn Taylor,10,2019300,2019
T10,T10,Patrick Cantlay,9,2019320,2019
T10,T10,Tyrrell Hatton,9,2019250,2019
T10,T10,Kevin Kisner,9,2019340,2019
T10,T10,Louis Oosthuizen,9,2019320,2019
T10,T10,Andrew Putnam,9,2019320,2019
T15,T15,Jim Furyk,8,2019330,2019
T15,T15,Lanto Griffin,8,2018370,2019
T15,T15,Viktor Hovland,8,2019210,2019
T18,T18,Paul Casey,7,2019360,2019
T18,T18,SSP Chawrasia,7,2008140,2019
T18,T18,Wyndham Clark,7,2019370,2019
T18,T18,Ross Fisher,7,2018300,2019
T18,T18,Lucas Glover,7,2019390,2019
T18,T18,Francesco Molinari,7,2019320,2019
T18,T18,Shubhankar Sharma,7,2019020,2019
T18,T18,Kyle Stanley,7,2019360,2019
T18,T18,Erik van Rooyen,7,2018420,2019
T18,T18,Danny Willett,7,2019320,2019
T28,T28,Danny Chia,6,2010310,2019
T28,T28,Tony Finau,6,2019390,2019
T28,T28,K.T. Kim,6,2017040,2019
T28,T28,Jason Kokrak,6,2019380,2019
T28,T28,Shane Lowry,6,2019320,2019
T28,T28,Joost Luiten,6,2018200,2019
T28,T28,Sebastián Muñoz,6,2019390,2019
T28,T28,Jon Rahm,6,2019360,2019
T28,T28,Roger Sloan,6,2019380,2019
T28,T28,Shawn Stefani,6,2019370,2019
T28,T28,Doug Tewell,6,1999230,2019
T28,T28,Justin Thomas,6,2019370,2019
T40,T40,Byeong Hun An,5,2019380,2019
T40,T40,Gaganjeet Bhullar,5,2014030,2019
T40,T40,Roberto Castro,5,2019380,2019
T40,T40,Bud Cauley,5,2019380,2019
T40,T40,Corey Conners,5,2019430,2019
T40,T40,Andrew Dodt,5,2015430,2019
T40,T40,Gavin Kyle Green,5,2018020,2019
T40,T40,Bill Haas,5,2019390,2019
T40,T40,Seungsu Han,5,2010300,2019
T40,T40,J.B. Holmes,5,2019380,2019
T40,T40,Max Homa,5,2019380,2019
T40,T40,Dustin Johnson,5,2019420,2019
T40,T40,Wayne Levi,5,2001300,2019
T40,T40,Sanghyun Park,5,2019020,2019
T40,T40,Scott Piercy,5,2019360,2019
T40,T40,Chez Reavie,5,2019430,2019
T40,T40,Brandt Snedeker,5,2019430,2019
T40,T40,Jordan Spieth,5,2019420,2019
T40,T40,Johnson Wagner,5,2019390,2019
T40,T40,Richy Werenski,5,2019390,2019
T40,T40,Bernd Wiesberger,5,2018200,2019
T40,T40,Aaron Wise,5,2019360,2019
T40,T40,Matthew Wolff,5,2019390,2019
T40,T40,Ashun Wu,5,2015060,2019
T64,T64,Daniel Berger,4,2019390,2019
T64,T64,Kevin Chappell,4,2018490,2019
T64,T64,Bryson DeChambeau,4,2019430,2019
T64,T64,Graham DeLaet,4,2017480,2019
T64,T64,Martin Flores,4,2018430,2019
T64,T64,Brandon Harkins,4,2019400,2019
T64,T64,Russell Henley,4,2019400,2019
T64,T64,Billy Horschel,4,2019430,2019
T64,T64,Mark Hubbard,4,2017400,2019
T64,T64,Sungjae Im,4,2019450,2019
T64,T64,Anirban Lahiri,4,2019380,2019
T64,T64,Rory McIlroy,4,2019430,2019
T64,T64,J.T. Poston,4,2019410,2019
T64,T64,Seamus Power,4,2019400,2019
T64,T64,Wes Roach,4,2019400,2019
T64,T64,Brett Rumford,4,2015390,2019
T64,T64,Rory Sabbatini,4,2019420,2019
T64,T64,Adam Scott,4,2019430,2019
T64,T64,Josh Teater,4,2019400,2019
T64,T64,Harold Varner III,4,2019400,2019
T64,T64,Matt Wallace,4,2019320,2019
T64,T64,Gary Woodland,4,2019430,2019
T86,T86,Abraham Ancer,3,2019460,2019
T86,T86,Kiradech Aphibarnrat,3,2019420,2019
T86,T86,Stuart Appleby,3,2019040,2019
T86,T86,Ryan Armour,3,2019410,2019
T86,T86,Keegan Bradley,3,2019430,2019
T86,T86,Ryan Brehm,3,2017430,2019
T86,T86,John Chin,3,2019410,2019
T86,T86,Austin Cook,3,2019400,2019
T86,T86,Joel Dahmen,3,2019450,2019
T86,T86,Harris English,3,2019410,2019
T86,T86,Oscar Fraustro,3,2017060,2019
T86,T86,Nicholas Fung,3,2014030,2019
T86,T86,Branden Grace,3,2019420,2019
T86,T86,Tom Hoge,3,2019410,2019
T86,T86,Billy Hurley III,3,2019400,2019
T86,T86,Yuki Inamori,3,2019050,2019
T86,T86,Kyle Jones,3,2019410,2019
T86,T86,Si Woo Kim,3,2019450,2019
T86,T86,Romain Langasque,3,2015390,2019
T86,T86,Bernhard Langer,3,2018260,2019
T86,T86,Tom Lovelady,3,2019400,2019
T86,T86,Hideki Matsuyama,3,2019460,2019
T86,T86,Phil Mickelson,3,2019430,2019
T86,T86,Matthew Millar,3,2011310,2019
T86,T86,Keith Mitchell,3,2019430,2019
T86,T86,Ryan Moore,3,2019400,2019
T86,T86,Joaquin Niemann,3,2019450,2019
T86,T86,Alex Noren,3,2019420,2019
T86,T86,Henrik Norlander,3,2017160,2019
T86,T86,John Oda,3,2018410,2019
T86,T86,Ryan Palmer,3,2019440,2019
T86,T86,C.T. Pan,3,2019430,2019
T86,T86,"Ted Potter, Jr.",3,2019400,2019
T86,T86,Ian Poulter,3,2019430,2019
T86,T86,Poom Saksansin,3,2018020,2019
T86,T86,Bob Shearer,3,1984320,2019
T86,T86,Andre Stolz,3,2011300,2019
T86,T86,Brendon Todd,3,2019400,2019
T86,T86,Peter Uihlein,3,2019410,2019
T86,T86,Dawie van der Walt,3,2016450,2019
T86,T86,Scott Vincent,3,2015250,2019
T86,T86,Xinjun Zhang,3,2018440,2019
T128,T128,Adam Bland,2,2018200,2019
T128,T128,Mark Brown,2,2013310,2019
T128,T128,Scott Brown,2,2019450,2019
T128,T128,Rafa Cabrera Bello,2,2019430,2019
T128,T128,Yi Cao,2,2016050,2019
T128,T128,Alex Cejka,2,2019440,2019
T128,T128,Cameron Champ,2,2019460,2019
T128,T128,Minchel Choi,2,2019020,2019
T128,T128,George Coetzee,2,2019050,2019
T128,T128,Roberto Díaz,2,2019440,2019
T128,T128,David Drysdale,2,2009310,2019
T128,T128,Tyler Duncan,2,2019440,2019
T128,T128,Rhys Enoch,2,2018420,2019
T128,T128,Rickie Fowler,2,2019470,2019
T128,T128,Dylan Frittelli,2,2019460,2019
T128,T128,Tommy Gainey,2,2019410,2019
T128,T128,Fabián Gómez,2,2019410,2019
T128,T128,Hunter Haas,2,2013180,2019
T128,T128,Chesson Hadley,2,2019450,2019
T128,T128,Adam Hadwin,2,2019460,2019
T128,T128,Justin Harding,2,2019420,2019
T128,T128,Brian Harman,2,2019450,2019
T128,T128,David Hearn,2,2019410,2019
T128,T128,Scott Hend,2,2018020,2019
T128,T128,Lucas Herbert,2,2018420,2019
T128,T128,Jim Herman,2,2019410,2019
T128,T128,Scott Hoch,2,2008100,2019
T128,T128,Charles Howell III,2,2019470,2019
T128,T128,Mackenzie Hughes,2,2019450,2019
T128,T128,Mikko Ilonen,2,2015430,2019
T128,T128,Freddie Jacobson,2,2019400,2019
T128,T128,Daisuke Kataoka,2,2018050,2019
T128,T128,Phachara Khongwatmai,2,2018020,2019
T128,T128,Sihwan Kim,2,2019020,2019
T128,T128,Marcus Kinhult,2,2018420,2019
T128,T128,Matt Kuchar,2,2019470,2019
T128,T128,Andrew Landry,2,2019450,2019
T128,T128,Hyungjoon Lee,2,2018030,2019
T128,T128,Tae Hee Lee,2,2019030,2019
T128,T128,Marc Leishman,2,2019470,2019
T128,T128,Ben Leong,2,2016030,2019
T128,T128,Yanwei Liu,2,2018050,2019
T128,T128,Billy Mayfair,2,2016360,2019
T128,T128,Tyler McCumber,2,2018230,2019
T128,T128,Chip McDaniel,2,2019410,2019
T128,T128,Mac McLendon,2,1980430,2019
T128,T128,George McNeill,2,2019410,2019
T128,T128,Troy Merritt,2,2019460,2019
T128,T128,Kevin Na,2,2019430,2019
T128,T128,Chris Naegel,2,2015370,2019
T128,T128,Jack Newton,2,1982420,2019
T128,T128,Thorbjørn Olesen,2,2019420,2019
T128,T128,Wade Ormsby,2,2018200,2019
T128,T128,Carlos Ortiz,2,2019450,2019
T128,T128,Craig Parry,2,2008320,2019
T128,T128,Eddie Pepperell,2,2019420,2019
T128,T128,Paul Peterson,2,2016030,2019
T128,T128,Haydn Porteous,2,2016400,2019
T128,T128,Aaron Rai,2,2019190,2019
T128,T128,Hyun-woo Ryu,2,2018050,2019
T128,T128,Julio Santos,2,2018230,2019
T128,T128,Xander Schauffele,2,2019470,2019
T128,T128,John Schroeder,2,1995300,2019
T128,T128,Conrad Shindler,2,2018440,2019
T128,T128,Bob Smith,2,1985280,2019
T128,T128,Brett Stegmaier,2,2018440,2019
T128,T128,Brian Stuard,2,2019450,2019
T128,T128,Adam Svensson,2,2019440,2019
T128,T128,D.J. Trahan,2,2019410,2019
T128,T128,Kevin Tway,2,2019460,2019
T128,T128,Tyrone Van Aswegen,2,2019410,2019
T128,T128,Boo Weekley,2,2019410,2019
1,1,Rory McIlroy,19,2019430,2020
2,2,Xander Schauffele,14,2020180,2020
3,3,Viktor Hovland,12,2020240,2020
T4,T5,Mackenzie Hughes,9,2020405,2020
T4,4,Si Woo Kim,9,2020410,2020
T4,T5,Jon Rahm,9,2020405,2020
T7,T9,Harris English,8,2020405,2020
T7,T5,Joost Luiten,8,2018200,2020
T7,T9,Patrick Reed,8,2020445,2020
T7,T5,Tiger Woods,8,2019470,2020
T11,T9,Ross Fisher,7,2018300,2020
T11,T9,Louis Oosthuizen,7,2020410,2020
T11,T9,Sanghyun Park,7,2019020,2020
T11,T9,Shubhankar Sharma,7,2019020,2020
T11,T9,Brendan Steele,7,2020410,2020
T11,T9,Kevin Streelman,7,2020410,2020
T11,T17,Justin Thomas,7,2020445,2020
T18,T17,Alex Cejka,6,2020080,2020
T18,T17,Austin Cook,6,2020410,2020
T18,T26,Lanto Griffin,6,2020465,2020
T18,T17,Seungsu Han,6,2010300,2020
T18,T26,Kevin Kisner,6,2020483,2020
T18,T17,Denny McCarthy,6,2020465,2020
T18,T26,Ryan Palmer,6,2020465,2020
T18,T26,Scottie Scheffler,6,2020465,2020
T18,T17,Adam Schenk,6,2020415,2020
T18,T26,Cameron Smith,6,2020465,2020
T18,T17,Doug Tewell,6,1999230,2020
T18,T17,Matthew Wolff,6,2020465,2020
T18,T17,Ashun Wu,6,2015060,2020
T31,T26,Chris Baker,5,2020230,2020
T31,T45,Daniel Berger,5,2020483,2020
T31,T26,Gaganjeet Bhullar,5,2014030,2020
T31,T26,Paul Casey,5,2020483,2020
T31,T26,Brian Harman,5,2020470,2020
T31,T26,Russell Henley,5,2020481,2020
T31,T26,Mark Hubbard,5,2020465,2020
T31,T45,Dustin Johnson,5,2020483,2020
T31,T26,Steve LeBrun,5,2013290,2020
T31,T26,Tae Hee Lee,5,2019030,2020
T31,T26,Wayne Levi,5,2001300,2020
T31,T26,Adam Long,5,2020470,2020
T31,T26,Robert MacIntyre,5,2019420,2020
T31,T45,Hideki Matsuyama,5,2020483,2020
T31,T26,Alex Noren,5,2020470,2020
T31,T26,John Oda,5,2018410,2020
T31,T26,Patrick Rodgers,5,2020465,2020
T31,T45,Webb Simpson,5,2020483,2020
T49,T45,Wesley Bryan,4,2020405,2020
T49,T45,Cam Davis,4,2020470,2020
T49,T45,Tommy Fleetwood,4,2020483,2020
T49,T45,Martin Flores,4,2018430,2020
T49,T45,Emiliano Grillo,4,2020470,2020
T49,T45,Justin Harding,4,2019420,2020
T49,T45,Scott Hend,4,2018020,2020
T49,T45,Mikumu Horikawa,4,2019430,2020
T49,T45,Martin Laird,4,2020170,2020
T49,T45,Romain Langasque,4,2015390,2020
T49,T45,Matthew Millar,4,2011310,2020
T49,T62,Sebastián Muñoz,4,2020490,2020
T49,T45,Brett Rumford,4,2015390,2020
T49,T45,Bubba Watson,4,2020483,2020
T63,T62,Stuart Appleby,3,2019040,2020
T63,T62,Yosuke Asaji,3,2019420,2020
T63,T62,Yi Keun Chang,3,2017410,2020
T63,T62,John Chin,3,2019410,2020
T63,T62,Tyler Duncan,3,2020490,2020
T63,T62,Oscar Fraustro,3,2017060,2020
T63,T62,Michael Gligic,3,2020470,2020
T63,T62,Talor Gooch,3,2020490,2020
T63,T89,Tyrrell Hatton,3,2020500,2020
T63,T62,Rikuya Hoshino,3,2019120,2020
T63,T62,Yuki Inamori,3,2019050,2020
T63,T62,Kyle Jones,3,2019410,2020
T63,T62,Jason Kokrak,3,2020490,2020
T63,T62,Andrew Landry,3,2020490,2020
T63,T62,Hyungjoon Lee,3,2018030,2020
T63,T62,Soomin Lee,3,2017020,2020
T63,T62,Michael Lorenzo-Vera,3,2020090,2020
T63,T62,Tom Lovelady,3,2019400,2020
T63,T89,Kevin Na,3,2020500,2020
T63,T62,Ian Poulter,3,2020483,2020
T63,T62,Davis Riley,3,2019310,2020
T63,T62,Poom Saksansin,3,2018020,2020
T63,T62,Adam Scott,3,2020485,2020
T63,T62,Bob Shearer,3,1984320,2020
T63,T62,Andre Stolz,3,2011300,2020
T63,T89,Brendon Todd,3,2020500,2020
T63,T62,Peter Uihlein,3,2020470,2020
T63,T62,Scott Vincent,3,2015250,2020
T63,T62,Bernd Wiesberger,3,2020470,2020
T92,,Abraham Ancer,2,2020510,2020
T92,T89,Adam Bland,2,2018200,2020
T92,T89,Hayden Buckley,2,2019040,2020
T92,,Cameron Champ,2,2020510,2020
T92,T89,Kevin Chappell,2,2020410,2020
T92,T89,Minchel Choi,2,2019020,2020
T92,T89,George Coetzee,2,2019050,2020
T92,T89,Corey Conners,2,2020500,2020
T92,T89,Chris Couch,2,2019410,2020
T92,,Bryson DeChambeau,2,2020510,2020
T92,T89,Rhys Enoch,2,2018420,2020
T92,,Tony Finau,2,2020510,2020
T92,T89,Ryan Fox,2,2019420,2020
T92,T89,Will Gordon,2,2020481,2020
T92,T89,Chesson Hadley,2,2020481,2020
T92,T89,Harry Higgs,2,2020500,2020
T92,T89,Scott Hoch,2,2008100,2020
T92,,Billy Horschel,2,2020510,2020
T92,T89,Charles Howell III,2,2020500,2020
T92,T89,Jung-gon Hwang,2,2018030,2020
T92,,Sungjae Im,2,2020510,2020
T92,T89,Zach Johnson,2,2020490,2020
T92,T89,Matt Jones,2,2020490,2020
T92,T89,Masahiro Kawamura,2,2018420,2020
T92,T89,Jerry Kelly,2,2020150,2020
T92,T89,Sihwan Kim,2,2019020,2020
T92,T89,Chris Kirk,2,2020470,2020
T92,T89,Patton Kizzire,2,2020470,2020
T92,T89,Russell Knox,2,2020481,2020
T92,T89,Matt Kuchar,2,2020500,2020
T92,T89,Danny Lee,2,2020500,2020
T92,T89,Wonjoon Lee,2,2007310,2020
T92,,Marc Leishman,2,2020510,2020
T92,T89,Ben Leong,2,2016030,2020
T92,T89,Haotong Li,2,2020483,2020
T92,T89,WC Liang,2,2019050,2020
T92,T89,Yanwei Liu,2,2018050,2020
T92,T89,Zander Lombard,2,2020090,2020
T92,T89,Peter Malnati,2,2020481,2020
T92,T89,Billy Mayfair,2,2016360,2020
T92,T89,Mac McLendon,2,1980430,2020
T92,T89,Maverick McNealy,2,2020500,2020
T92,T89,Troy Merritt,2,2020490,2020
T92,,Collin Morikawa,2,2020510,2020
T92,T89,Jack Newton,2,1982420,2020
T92,,Joaquin Niemann,2,2020510,2020
T92,T89,Thorbjørn Olesen,2,2019420,2020
T92,T89,Rob Oppenheim,2,2020481,2020
T92,T89,Craig Parry,2,2008320,2020
T92,T89,Eddie Pepperell,2,2019420,2020
T92,T89,Victor Perez,2,2020483,2020
T92,T89,Scott Piercy,2,2020490,2020
T92,T89,J.T. Poston,2,2020500,2020
T92,T89,Seamus Power,2,2020481,2020
T92,T89,Dicky Pride,2,2019400,2020
T92,T89,Aaron Rai,2,2019190,2020
T92,T89,Hyun-woo Ryu,2,2018050,2020
T92,T89,Julio Santos,2,2018230,2020
T92,T89,John Schroeder,2,1995300,2020
T92,T89,Robby Shelton,2,2020500,2020
T92,T89,Roger Sloan,2,2020481,2020
T92,T89,Bob Smith,2,1985280,2020
T92,T89,Tyrone Van Aswegen,2,2019410,2020
T92,T89,Erik van Rooyen,2,2020483,2020
T92,T89,Daniel van Tonder,2,2015190,2020
T92,T89,Kris Ventura,2,2020481,2020
T92,T89,Paul Waring,2,2019420,2020
T92,T89,Richy Werenski,2,2020500,2020
1,1,Jordan Spieth,18,2021190,2021
2,2,Louis Oosthuizen,16,2021180,2021
T3,T3,Christiaan Bezuidenhout,13,2020490,2021
T3,T3,Shane Lowry,13,2021250,2021
T5,T5,Daniel Berger,11,2021310,2021
T5,T5,Harris English,11,2021340,2021
T5,T5,Seamus Power,11,2021220,2021
T8,T8,Sungjae Im,9,2021385,2021
T8,T8,Rory McIlroy,9,2021340,2021
T10,T10,Paul Casey,8,2021330,2021
T10,T10,Maverick McNealy,8,2021370,2021
T10,T10,Joaquin Niemann,8,2021400,2021
T10,T10,Ian Poulter,8,2021360,2021
T10,T10,Jon Rahm,8,2021350,2021
T10,T10,Scottie Scheffler,8,2021380,2021
T10,T10,Justin Thomas,8,2021370,2021
T17,T17,Mackenzie Hughes,7,2021400,2021
T17,T17,Brooks Koepka,7,2021400,2021
T17,T17,Kevin Na,7,2021410,2021
T17,T17,Sanghyun Park,7,2019020,2021
T17,T17,Cameron Percy,7,2021410,2021
T17,T17,Xander Schauffele,7,2021380,2021
T23,T23,Abraham Ancer,6,2021410,2021
T23,T23,Sam Burns,6,2021410,2021
T23,T23,Cam Davis,6,2021420,2021
T23,T23,Tony Finau,6,2021450,2021
T23,T23,Seungsu Han,6,2010300,2021
T23,T23,Tae Hee Lee,6,2019030,2021
T23,T23,Cameron Smith,6,2021410,2021
T23,T23,Doug Tewell,6,1999230,2021
T23,T23,Erik van Rooyen,6,2021460,2021
T23,T23,Camilo Villegas,6,2021420,2021
T23,T23,Ashun Wu,6,2015060,2021
T34,T34,Cameron Champ,5,2021430,2021
T34,T34,Corey Conners,5,2021450,2021
T34,T34,Bryson DeChambeau,5,2021450,2021
T34,T34,Tommy Fleetwood,5,2021385,2021
T34,T34,Gavin Kyle Green,5,2018020,2021
T34,T34,Max Homa,5,2021420,2021
T34,T34,Mikumu Horikawa,5,2019430,2021
T34,T34,Billy Horschel,5,2021450,2021
T34,T34,Viktor Hovland,5,2021450,2021
T34,T34,Mark Hubbard,5,2021430,2021
T34,T34,K.H. Lee,5,2021460,2021
T34,T34,Wayne Levi,5,2001300,2021
T34,T34,Wade Ormsby,5,2018200,2021
T34,T34,Scott Piercy,5,2021430,2021
T34,T34,Greyson Sigg,5,2021270,2021
T34,T34,Webb Simpson,5,2021450,2021
T34,T34,Cameron Tringale,5,2021420,2021
T34,T34,Daniel van Tonder,5,2015190,2021
T34,T34,Lee Westwood,5,2021400,2021
T53,T53,Richard Bland,4,2017040,2021
T53,T53,Patrick Cantlay,4,2021490,2021
T53,T53,Stewart Cink,4,2021490,2021
T53,T53,Jason Dufner,4,2021430,2021
T53,T53,Martin Flores,4,2018430,2021
T53,T53,Michael Gligic,4,2021440,2021
T53,T53,Lee Hodges,4,2021220,2021
T53,T53,Shugo Imahira,4,2020220,2021
T53,T53,Matthew Millar,4,2011310,2021
T53,T53,Keith Mitchell,4,2021460,2021
T53,T53,Wilco Nienaber,4,2021385,2021
T53,T53,Justin Rose,4,2021410,2021
T53,T53,Poom Saksansin,4,2018020,2021
T53,T53,Alex Smalley,4,2021030,2021
T53,T53,Kevin Streelman,4,2021450,2021
T53,T53,Harold Varner III,4,2021480,2021
T53,T53,Danny Willett,4,2021360,2021
T70,T70,Stuart Appleby,3,2019040,2021
T70,T70,Chris Baker,3,2021460,2021
T70,T70,Keegan Bradley,3,2021460,2021
T70,T70,Wesley Bryan,3,2021310,2021
T70,T70,Jonathan Byrd,3,2021440,2021
T70,T70,Yi Keun Chang,3,2017410,2021
T70,T70,MJ Daffue,3,2021440,2021
T70,T70,David Hearn,3,2021430,2021
T70,T70,Russell Henley,3,2021500,2021
T70,T70,Harry Higgs,3,2021500,2021
T70,T70,Ryosuke Kinoshita,3,2021160,2021
T70,T70,Chris Kirk,3,2021500,2021
T70,T70,Anirban Lahiri,3,2021440,2021
T70,T70,Hyungjoon Lee,3,2018030,2021
T70,T70,Soomin Lee,3,2017020,2021
T70,T70,Marc Leishman,3,2021490,2021
T70,T70,Hideki Matsuyama,3,2021510,2021
T70,T70,Denny McCarthy,3,2021460,2021
T70,T70,Sebastián Muñoz,3,2021500,2021
T70,T70,Carlos Ortiz,3,2021490,2021
T70,T70,Pat Perez,3,2021460,2021
T70,T70,Patrick Reed,3,2021460,2021
T70,T70,Bob Shearer,3,1984320,2021
T70,T70,Marcel Siem,3,2015430,2021
T70,T70,Andre Stolz,3,2011300,2021
T70,T70,Hudson Swafford,3,2021500,2021
T70,T70,Scott Vincent,3,2015250,2021
T70,T70,Aaron Wise,3,2021500,2021
T98,T98,Mark Anderson,2,2021480,2021
T98,T98,Kiradech Aphibarnrat,2,2021460,2021
T98,T98,John Augenstein,2,2021370,2021
T98,T98,Bobby Bai,2,2020090,2021
T98,T98,Paul Barjon,2,2021440,2021
T98,T98,Dean Burmester,2,2021360,2021
T98,T98,Laurie Canter,2,2017410,2021
T98,T98,Kevin Chappell,2,2021385,2021
T98,T98,Tyler Duncan,2,2021480,2021
T98,T98,Sergio Garcia,2,2021520,2021
T98,T98,Robert Garrigus,2,2021385,2021
T98,T98,Talor Gooch,2,2021510,2021
T98,T98,James Hahn,2,2021500,2021
T98,T98,Jeongwoo Ham,2,2020060,2021
T98,T98,Nick Hardy,2,2021160,2021
T98,T98,Brian Harman,2,2021510,2021
T98,T98,Garrick Higgo,2,2021490,2021
T98,T98,Scott Hoch,2,2008100,2021
T98,T98,Charley Hoffman,2,2021510,2021
T98,T98,Tom Hoge,2,2021510,2021
T98,T98,Sam Horsfield,2,2021360,2021
T98,T98,Charles Howell III,2,2021430,2021
T98,T98,Jung-gon Hwang,2,2018030,2021
T98,T98,Dustin Johnson,2,2021520,2021
T98,T98,Masahiro Kawamura,2,2018420,2021
T98,T98,Patton Kizzire,2,2021510,2021
T98,T98,Jason Kokrak,2,2021520,2021
T98,T98,Andrew Landry,2,2021480,2021
T98,T98,Nelson Ledesma,2,2021480,2021
T98,T98,Wonjoon Lee,2,2007310,2021
T98,T98,Steve Lewton,2,2015040,2021
T98,T98,WC Liang,2,2019050,2021
T98,T98,Zander Lombard,2,2020090,2021
T98,T98,Robert MacIntyre,2,2021490,2021
T98,T98,Willie Mack III,2,2021420,2021
T98,T98,Billy Mayfair,2,2016360,2021
T98,T98,Mac McLendon,2,1980430,2021
T98,T98,Jay McLuen,2,2020210,2021
T98,T98,Collin Morikawa,2,2021520,2021
T98,T98,Jack Newton,2,1982420,2021
T98,T98,Alex Noren,2,2021510,2021
T98,T98,Craig Parry,2,2008320,2021
T98,T98,Taylor Pendrith,2,2021440,2021
T98,T98,Aaron Rai,2,2021450,2021
T98,T98,JC Ritchie,2,2021230,2021
T98,T98,Antoine Rozner,2,2021380,2021
T98,T98,Isaiah Salinda,2,2021010,2021
T98,T98,John Schroeder,2,1995300,2021
T98,T98,Bob Smith,2,1985280,2021
T98,T98,Robert Streb,2,2021510,2021
T98,T98,Ben Taylor,2,2021480,2021
T98,T98,Sahith Theegala,2,2021440,2021
T98,T98,Kevin Tway,2,2021480,2021
T98,T98,Tiger Woods,2,2021070,2021
T98,T98,Will Zalatoris,2,2021490,2021
T98,T98,Andy Zhang,2,2020050,2021
1,1,Jon Rahm,18,2022130,2022
2,2,Xander Schauffele,11,2022300,2022
3,3,Cam Davis,10,2022340,2022
T4,T4,Patrick Cantlay,9,2022360,2022
T4,T4,Taylor Pendrith,9,2022200,2022
T6,T6,Hayden Buckley,8,2022380,2022
T6,T6,Tom Kim,8,2022380,2022
T6,T6,Taylor Moore,8,2022390,2022
T6,T6,Adam Scott,8,2022360,2022
T6,T6,Ashun Wu,8,2015060,2022
T11,T11,SSP Chawrasia,7,2008140,2022
T11,T11,Wyndham Clark,7,2022390,2022
T11,T11,Tony Finau,7,2022390,2022
T11,T11,Ross Fisher,7,2018300,2022
T11,T11,Matt Fitzpatrick,7,2022370,2022
T16,T16,Christiaan Bezuidenhout,6,2022400,2022
T16,T16,Paul Casey,6,2022050,2022
T16,T16,Corey Conners,6,2022420,2022
T16,T16,Tyrrell Hatton,6,2022380,2022
T16,T16,Sungjae Im,6,2022440,2022
T16,T16,Tae Hee Lee,6,2019030,2022
T16,T16,Doug Tewell,6,1999230,2022
T23,T23,Gaganjeet Bhullar,5,2014030,2022
T23,T23,Sam Burns,5,2022420,2022
T23,T23,MJ Daffue,5,2021440,2022
T23,T23,Thomas Detry,5,2022070,2022
T23,T23,Brian Harman,5,2022440,2022
T23,T23,Mikumu Horikawa,5,2019430,2022
T23,T23,Si Woo Kim,5,2022440,2022
T23,T23,Wayne Levi,5,2001300,2022
T23,T23,Troy Merritt,5,2022420,2022
T23,T23,Trey Mullinax,5,2022410,2022
T23,T23,Joaquin Niemann,5,2022420,2022
T23,T23,Wade Ormsby,5,2018200,2022
T23,T23,Pat Perez,5,2022290,2022
T23,T23,J.T. Poston,5,2022450,2022
T23,T23,Chez Reavie,5,2022430,2022
T23,T23,Patrick Reed,5,2022340,2022
T23,T23,Aaron Wise,5,2022440,2022
T23,T23,Cameron Young,5,2022440,2022
T23,T23,Will Zalatoris,5,2022440,2022
T42,T42,Steven Alker,4,2017400,2022
T42,T42,Rafa Cabrera Bello,4,2022370,2022
T42,T42,Laurie Canter,4,2017410,2022
T42,T42,Martin Flores,4,2018430,2022
T42,T42,Adam Hadwin,4,2022450,2022
T42,T42,Bo Hoag,4,2022430,2022
T42,T42,Lee Hodges,4,2022450,2022
T42,T42,Charley Hoffman,4,2022420,2022
T42,T42,Max Homa,4,2022460,2022
T42,T42,Viktor Hovland,4,2022440,2022
T42,T42,K.H. Lee,4,2022470,2022
T42,T42,Shane Lowry,4,2022440,2022
T42,T42,Wilco Nienaber,4,2021385,2022
T42,T42,Andrew Putnam,4,2022450,2022
T42,T42,Poom Saksansin,4,2018020,2022
T42,T42,Cameron Smith,4,2022420,2022
T42,T42,Sahith Theegala,4,2022460,2022
T42,T42,Justin Thomas,4,2022440,2022
T42,T42,Brendon Todd,4,2022400,2022
T61,T61,Byeong Hun An,3,2021500,2022
T61,T61,Stuart Appleby,3,2019040,2022
T61,T61,Marcus Armitage,3,2021450,2022
T61,T61,Chris Baker,3,2021460,2022
T61,T61,Mark Baldwin,3,2021480,2022
T61,T61,Rafael Campos,3,2021500,2022
T61,T61,Aaron Cockerill,3,2022370,2022
T61,T61,Tommy Fleetwood,3,2022390,2022
T61,T61,Lucas Glover,3,2022470,2022
T61,T61,Chris Gotterup,3,2022450,2022
T61,T61,Emiliano Grillo,3,2022450,2022
T61,T61,Bob Heintz,3,2010130,2022
T61,T61,Charles Howell III,3,2022360,2022
T61,T61,Stephan Jaeger,3,2022460,2022
T61,T61,David Lipsky,3,2022460,2022
T61,T61,Keith Mitchell,3,2022470,2022
T61,T61,Collin Morikawa,3,2022480,2022
T61,T61,John Parry,3,2013250,2022
T61,T61,Yannik Paul,3,2022410,2022
T61,T61,Thomas Pieters,3,2022340,2022
T61,T61,Davis Riley,3,2022470,2022
T61,T61,Sam Ryder,3,2022460,2022
T61,T61,Rory Sabbatini,3,2022400,2022
T61,T61,Matti Schmid,3,2021450,2022
T61,T61,Jason Scrivener,3,2022300,2022
T61,T61,Bob Shearer,3,1984320,2022
T61,T61,Conrad Shindler,3,2022330,2022
T61,T61,Andre Stolz,3,2011300,2022
T61,T61,Sepp Straka,3,2022480,2022
T61,T61,David Sutherland,3,2004390,2022
T61,T61,Adam Svensson,3,2022460,2022
T92,T92,Abraham Ancer,2,2022360,2022
T92,T92,Mark Anderson,2,2021480,2022
T92,T92,Kiradech Aphibarnrat,2,2022460,2022
T92,T92,Adri Arnaus,2,2022420,2022
T92,T92,Bobby Bai,2,2020090,2022
T92,T92,Lucas Bjerregaard,2,2022410,2022
T92,T92,Scott Brown,2,2022450,2022
T92,T92,Dean Burmester,2,2022420,2022
T92,T92,Sean Crocker,2,2022420,2022
T92,T92,Bryson DeChambeau,2,2022380,2022
T92,T92,Luke Donald,2,2022460,2022
T92,T92,Austin Eckroat,2,2022170,2022
T92,T92,Patrick Flavin,2,2022400,2022
T92,T92,Sebastian Garcia Rodriguez,2,2022410,2022
T92,T92,David Gilford,2,1996240,2022
T92,T92,James Hahn,2,2022470,2022
T92,T92,Jeongwoo Ham,2,2020060,2022
T92,T92,Tom Hearn,2,1995410,2022
T92,T92,Marcus Helligkilde,2,2022410,2022
T92,T92,Grant Hirschman,2,2018350,2022
T92,T92,Scott Hoch,2,2008100,2022
T92,T92,Tom Hoge,2,2022490,2022
T92,T92,Rasmus Hojgaard,2,2022420,2022
T92,T92,Billy Horschel,2,2022490,2022
T92,T92,Beau Hossler,2,2022460,2022
T92,T92,David Howell,2,2016050,2022
T92,T92,Mackenzie Hughes,2,2022480,2022
T92,T92,Scott Jamieson,2,2022410,2022
T92,T92,Dustin Johnson,2,2022380,2022
T92,T92,Zach Johnson,2,2022460,2022
T92,T92,Brad Kennedy,2,2021490,2022
T92,T92,Hanbyeol Kim,2,2021060,2022
T92,T92,S.H. Kim,2,2021060,2022
T92,T92,Kevin Kisner,2,2022480,2022
T92,T92,Søren Kjeldsen,2,2017460,2022
T92,T92,Espen Kofstad,2,2022410,2022
T92,T92,Mikko Korhonen,2,2019420,2022
T92,T92,Martin Laird,2,2022470,2022
T92,T92,David Law,2,2022420,2022
T92,T92,Thriston Lawrence,2,2022420,2022
T92,T92,Nelson Ledesma,2,2021480,2022
T92,T92,Marc Leishman,2,2022480,2022
T92,T92,Steve Lewton,2,2015040,2022
T92,T92,Hurly Long,2,2022410,2022
T92,T92,Justin Lower,2,2022460,2022
T92,T92,Hideki Matsuyama,2,2022490,2022
T92,T92,Billy Mayfair,2,2016360,2022
T92,T92,Denny McCarthy,2,2022480,2022
T92,T92,Ross McGowan,2,2010350,2022
T92,T92,Rory McIlroy,2,2022490,2022
T92,T92,Mac McLendon,2,1980430,2022
T92,T92,Maverick McNealy,2,2022480,2022
T92,T92,James Morrison,2,2022420,2022
T92,T92,Sebastián Muñoz,2,2022480,2022
T92,T92,Jack Newton,2,1982420,2022
T92,T92,Henrik Norlander,2,2022460,2022
T92,T92,Tomoharu Otsuki,2,2020070,2022
T92,T92,Craig Parry,2,2008320,2022
T92,T92,Matthieu Pavon,2,2022420,2022
T92,T92,Mito Pereira,2,2022480,2022
T92,T92,Paul Peterson,2,2016030,2022
T92,T92,Turk Pettit,2,2022310,2022
T92,T92,Alvaro Quiros,2,2015070,2022
T92,T92,Aaron Rai,2,2022470,2022
T92,T92,Doc Redman,2,2022460,2022
T92,T92,Kyle Reifers,2,2020110,2022
T92,T92,JC Ritchie,2,2021230,2022
T92,T92,Scottie Scheffler,2,2022490,2022
T92,T92,John Schroeder,2,1995300,2022
T92,T92,Charl Schwartzel,2,2022330,2022
T92,T92,Bob Smith,2,1985280,2022
T92,T92,Jordan L Smith,2,2022420,2022
T92,T92,J.J. Spaun,2,2022480,2022
T92,T92,Jordan Spieth,2,2022490,2022
T92,T92,Scott Stallings,2,2022490,2022
T92,T92,Stephen Stallings Jr.,2,2022150,2022
T92,T92,Preston Stanley,2,2022400,2022
T92,T92,Sam Stevens,2,2022200,2022
T92,T92,Robert Streb,2,2022470,2022
T92,T92,Ben Taylor,2,2021480,2022
T92,T92,Josh Teater,2,2022210,2022
T92,T92,Richy Werenski,2,2022460,2022
T92,T92,Andy Zhang,2,2020050,2022
