RK,Name,POS,GP,REC,TGTS,YDS,AVG,TD,LNG,BIG,YDS/G,FUM,LST,YAC,FD,Year
1,Greg JenningsGB,WR,4,21,33,303,14.4,2,31,9,75.8,1,1,86,11,2010
2,Jordy NelsonGB,WR,4,21,29,286,13.6,2,38,4,71.5,0,0,83,14,2010
3,Donald DriverGB,WR,4,14,20,169,12.1,0,24,5,42.3,0,0,52,8,2010
4,Braylon EdwardsNYJ,WR,3,9,15,164,18.2,1,37,3,54.7,1,0,33,8,2010
5,Brandon StokleySEA,WR,2,12,15,158,13.2,2,45,2,79.0,0,0,46,8,2010
6,Todd HeapBAL,TE,2,13,20,151,11.6,1,21,2,75.5,0,0,56,11,2010
7,Jerricho CotcheryNYJ,WR,3,12,18,146,12.2,1,58,1,48.7,0,0,113,7,2010
8,James JonesGB,WR,4,11,13,144,13.1,2,34,3,36.0,0,0,37,7,2010
8,Matt ForteCHI,RB,2,13,18,144,11.1,0,26,2,72.0,0,0,135,8,2010
10,Greg OlsenCHI,TE,2,6,14,143,23.8,1,58,3,71.5,0,0,69,5,2010
11,Santonio HolmesNYJ,WR,3,9,17,127,14.1,2,45,1,42.3,0,0,32,7,2010
12,Dustin KellerNYJ,TE,3,14,24,121,8.6,0,20,1,40.3,0,0,49,6,2010
13,Hines WardPIT,WR,3,12,17,117,9.8,2,17,0,39.0,0,0,35,7,2010
14,Mike WallacePIT,WR,3,13,26,115,8.8,1,25,2,38.3,0,0,62,5,2010
15,Pierre GarconIND,WR,1,5,7,112,22.4,1,57,2,112.0,0,0,52,3,2010
16,Ben ObomanuSEA,WR,2,9,19,111,12.3,0,46,1,55.5,0,0,47,5,2010
17,Johnny KnoxCHI,WR,2,6,13,104,17.3,0,32,2,52.0,1,0,30,4,2010
18,Jason AvantPHI,WR,1,7,9,93,13.3,1,24,2,93.0,0,0,26,3,2010
19,Emmanuel SandersPIT,WR,3,7,13,91,13.0,0,20,1,30.3,0,0,25,6,2010
20,Antonio BrownPIT,WR,3,5,8,90,18.0,0,58,1,30.0,0,0,33,2,2010
21,Heath MillerPIT,TE,3,9,15,89,9.9,1,24,1,29.7,0,0,31,5,2010
22,Mike WilliamsSEA,WR,2,9,21,83,9.2,3,38,1,41.5,0,0,16,5,2010
23,Devery HendersonNO,WR,1,7,8,77,11.0,1,40,1,77.0,0,0,13,3,2010
24,Ray RiceBAL,RB,2,12,14,74,6.2,1,11,0,37.0,1,1,83,4,2010
25,Jeremy MaclinPHI,WR,1,3,7,73,24.3,0,44,1,73.0,0,0,39,3,2010
26,Michael JenkinsATL,WR,1,6,8,67,11.2,0,22,2,67.0,1,1,9,3,2010
27,T.J. HoushmandzadehBAL,WR,2,4,6,66,16.5,0,28,1,33.0,0,0,35,4,2010
27,Marques ColstonNO,WR,1,4,8,66,16.5,0,30,1,66.0,0,0,26,4,2010
29,Rob GronkowskiNE,TE,1,4,6,65,16.3,0,37,1,65.0,0,0,39,3,2010
30,Brandon JacksonGB,RB,4,5,8,64,12.8,1,16,0,16.0,0,0,63,3,2010
30,Cameron MorrahSEA,TE,2,4,6,64,16.0,0,39,1,32.0,0,0,31,2,2010
32,Anquan BoldinBAL,WR,2,6,12,62,10.3,1,27,1,31.0,0,0,31,5,2010
33,Julius JonesNO,RB,1,6,9,61,10.2,0,33,1,61.0,0,0,77,2,2010
34,Deion BranchNE,WR,1,5,10,59,11.8,1,16,0,59.0,0,0,11,5,2010
35,Earl BennettCHI,WR,2,4,9,58,14.5,1,35,1,29.0,0,0,20,2,2010
36,Wes WelkerNE,WR,1,7,9,57,8.1,0,13,0,57.0,0,0,26,5,2010
36,Roddy WhiteATL,WR,1,6,10,57,9.5,1,12,0,57.0,0,0,13,4,2010
38,Blair WhiteIND,WR,1,6,8,54,9.0,0,23,1,54.0,0,0,25,3,2010
39,John KuhnGB,FB,4,6,7,53,8.8,1,16,0,13.3,0,0,50,4,2010
40,Rashard MendenhallPIT,RB,3,4,5,52,13.0,0,18,0,17.3,0,0,57,3,2010
40,Danny WoodheadNE,RB,1,6,9,52,8.7,0,19,0,52.0,0,0,62,3,2010
42,Antwaan Randle ElPIT,WR,3,2,3,50,25.0,0,37,1,16.7,0,0,16,2,2010
43,Lance MooreNO,WR,1,4,9,49,12.3,0,18,0,49.0,0,0,8,3,2010
44,Brian FinneranATL,WR,1,4,6,47,11.8,0,19,0,47.0,0,0,20,2,2010
44,DeSean JacksonPHI,WR,1,2,4,47,23.5,0,28,1,47.0,0,0,40,2,2010
46,Jacob TammeIND,TE,1,5,8,46,9.2,0,15,0,46.0,0,0,26,4,2010
46,Andrew QuarlessGB,TE,4,5,10,46,9.2,0,15,0,11.5,0,0,24,2,2010
48,Kellen DavisCHI,TE,2,2,3,42,21.0,1,39,1,21.0,0,0,17,1,2010
49,Alge CrumplerNE,TE,1,3,5,39,13.0,1,28,1,39.0,0,0,16,2,2010
50,David ThomasNO,TE,1,4,5,38,9.5,0,16,0,38.0,0,0,14,2,2010
1,Hakeem NicksNYG,WR,4,28,43,444,15.9,4,72,4,111.0,1,0,199,19,2011
2,Demaryius ThomasDEN,WR,2,10,16,297,29.7,1,80,4,148.5,0,0,149,8,2011
3,Vernon DavisSF,TE,2,10,15,292,29.2,4,73,6,146.0,0,0,120,7,2011
4,Victor CruzNYG,WR,4,21,31,269,12.8,1,36,2,67.3,0,0,49,17,2011
5,Rob GronkowskiNE,TE,3,17,23,258,15.2,3,28,6,86.0,0,0,79,15,2011
6,Marques ColstonNO,WR,2,16,19,256,16.0,1,40,5,128.0,1,1,36,14,2011
7,Calvin JohnsonDET,WR,1,12,15,211,17.6,2,42,4,211.0,0,0,68,10,2011
8,Andre JohnsonHOU,WR,2,13,24,201,15.5,1,40,2,100.5,0,0,17,11,2011
9,Mario ManninghamNYG,WR,4,13,22,189,14.5,3,38,2,47.3,0,0,26,10,2011
10,Aaron HernandezNE,TE,3,19,31,188,9.9,2,20,1,62.7,0,0,82,12,2011
11,Anquan BoldinBAL,WR,2,10,16,174,17.4,1,37,4,87.0,1,0,58,7,2011
12,Wes WelkerNE,WR,3,19,23,168,8.8,1,19,0,56.0,0,0,34,9,2011
13,Jimmy GrahamNO,TE,2,12,19,158,13.2,3,66,1,79.0,0,0,52,8,2011
14,Darren SprolesNO,RB,2,19,24,152,8.0,1,44,1,76.0,0,0,115,6,2011
15,Deion BranchNE,WR,3,8,13,148,18.5,1,61,1,49.3,0,0,44,7,2011
16,Robert MeachemNO,WR,2,7,12,130,18.6,1,56,2,65.0,0,0,20,3,2011
17,Ahmad BradshawNYG,RB,4,16,21,114,7.1,0,30,1,28.5,0,0,98,3,2011
18,Devery HendersonNO,WR,2,6,10,113,18.8,1,41,2,56.5,0,0,13,5,2011
19,Torrey SmithBAL,WR,2,4,9,91,22.8,1,42,2,45.5,0,0,29,3,2011
20,Frank GoreSF,RB,2,13,15,83,6.4,0,24,1,41.5,0,0,90,3,2011
21,Emmanuel SandersPIT,WR,1,6,8,81,13.5,0,18,0,81.0,0,0,32,3,2011
22,Eddie RoyalDEN,WR,2,5,15,74,14.8,1,30,1,37.0,0,0,17,4,2011
23,Dennis PittaBAL,TE,2,7,12,70,10.0,1,16,0,35.0,0,0,9,5,2011
23,Antonio BrownPIT,WR,1,5,7,70,14.0,0,25,2,70.0,0,0,20,4,2011
25,Lee EvansBAL,WR,2,4,5,69,17.3,0,30,2,34.5,0,0,7,3,2011
26,Julio JonesATL,WR,1,7,8,64,9.1,0,20,1,64.0,0,0,0,2,2011
27,Heath MillerPIT,TE,1,5,7,60,12.0,0,33,1,60.0,0,0,44,2,2011
27,Pierre ThomasNO,RB,2,7,7,60,8.6,0,14,0,30.0,1,1,3,3,2011
29,Daniel FellsDEN,TE,2,2,2,57,28.5,0,40,1,28.5,0,0,10,2,2011
30,Owen DanielsHOU,TE,2,4,9,55,13.8,0,21,1,27.5,0,0,6,3,2011
31,Roddy WhiteATL,WR,1,5,12,52,10.4,0,21,1,52.0,0,0,0,2,2011
32,Arian FosterHOU,RB,2,8,8,51,6.4,0,16,0,25.5,0,0,37,4,2011
33,Nate BurlesonDET,WR,1,4,5,50,12.5,0,21,2,50.0,0,0,15,2,2011
34,Danny WoodheadNE,RB,3,5,6,49,9.8,1,19,0,16.3,0,0,2,3,2011
34,Brandon PettigrewDET,TE,1,4,5,49,12.3,0,22,1,49.0,0,0,15,2,2011
36,A.J. GreenCIN,WR,1,5,12,47,9.4,0,21,1,47.0,0,0,10,2,2011
37,Jermaine GreshamCIN,TE,1,5,6,46,9.2,0,16,0,46.0,0,0,24,2,2011
38,Donald DriverGB,WR,1,3,3,45,15.0,1,16,0,45.0,0,0,0,3,2011
38,Travis BeckumNYG,TE,4,7,8,45,6.4,0,12,0,11.3,0,0,27,4,2011
40,Tony GonzalezATL,TE,1,4,6,44,11.0,0,16,0,44.0,0,0,0,4,2011
41,Jake BallardNYG,TE,4,5,15,43,8.6,0,17,0,10.8,0,0,9,2,2011
42,Greg JenningsGB,WR,1,4,7,40,10.0,0,14,0,40.0,0,0,7,3,2011
43,Jordy NelsonGB,WR,1,3,7,39,13.0,0,17,0,39.0,0,0,7,3,2011
43,Bear PascoeNYG,TE,4,5,5,39,7.8,1,12,0,9.8,0,0,20,3,2011
43,Henry HynoskiNYG,FB,4,5,5,39,7.8,0,13,0,9.8,0,0,32,3,2011
46,Randall CobbGB,WR,1,3,3,38,12.7,0,21,1,38.0,0,0,23,1,2011
47,Jermichael FinleyGB,TE,1,4,9,37,9.3,0,19,0,37.0,0,0,8,2,2011
47,Ed DicksonBAL,TE,2,3,8,37,12.3,0,16,0,18.5,0,0,37,1,2011
49,Donald LeeCIN,TE,1,1,1,36,36.0,0,36,1,36.0,0,0,23,1,2011
49,Kevin WalterHOU,WR,2,3,10,36,12.0,0,19,0,18.0,0,0,1,2,2011
1,Anquan BoldinBAL,WR,4,22,36,380,17.3,4,50,6,95.0,0,0,75,19,2012
2,Michael CrabtreeSF,WR,3,20,28,285,14.3,3,33,5,95.0,1,1,138,13,2012
3,Vernon DavisSF,TE,3,12,19,254,21.2,1,44,6,84.7,0,0,90,11,2012
4,Wes WelkerNE,WR,2,16,25,248,15.5,1,47,5,124.0,0,0,129,9,2012
5,Julio JonesATL,WR,2,17,23,241,14.2,2,46,5,120.5,0,0,60,12,2012
6,Torrey SmithBAL,WR,4,11,25,233,21.2,2,59,6,58.3,0,0,28,9,2012
7,Zach MillerSEA,TE,2,12,15,190,15.8,1,34,5,95.0,0,0,81,9,2012
8,Roddy WhiteATL,WR,2,12,24,176,14.7,1,47,2,88.0,0,0,11,9,2012
9,Owen DanielsHOU,TE,2,18,25,172,9.6,0,24,1,86.0,0,0,59,8,2012
10,Aaron HernandezNE,TE,2,15,22,168,11.2,0,40,1,84.0,0,0,107,11,2012
11,Dennis PittaBAL,TE,4,14,19,163,11.6,3,24,3,40.8,0,0,67,10,2012
12,Andre JohnsonHOU,WR,2,12,16,157,13.1,0,22,2,78.5,0,0,27,9,2012
13,Jacoby JonesBAL,WR,4,5,11,147,29.4,2,70,2,36.8,0,0,35,3,2012
14,James JonesGB,WR,2,8,10,138,17.3,1,44,3,69.0,0,0,30,6,2012
14,Golden TateSEA,WR,2,10,13,138,13.8,1,29,2,69.0,0,0,32,7,2012
16,Tony GonzalezATL,TE,2,14,15,129,9.2,2,19,0,64.5,0,0,33,10,2012
17,Greg JenningsGB,WR,2,10,13,115,11.5,1,32,2,57.5,0,0,44,4,2012
18,Reggie WayneIND,WR,1,9,17,114,12.7,0,20,2,114.0,0,0,24,7,2012
19,Randy MossSF,WR,3,7,13,112,16.0,0,32,2,37.3,0,0,21,6,2012
20,Shane VereenNE,RB,2,7,10,105,15.0,2,33,2,52.5,0,0,64,4,2012
21,Brandon LloydNE,WR,2,12,23,102,8.5,1,16,0,51.0,0,0,18,7,2012
22,Jordy NelsonGB,WR,2,8,13,97,12.1,0,23,2,48.5,0,0,15,7,2012
22,Arian FosterHOU,RB,2,15,17,97,6.5,1,28,1,48.5,0,0,112,6,2012
24,Michael JenkinsMIN,WR,1,3,5,96,32.0,1,50,2,96.0,0,0,32,3,2012
25,Ed DicksonBAL,TE,4,6,8,90,15.0,0,24,2,22.5,0,0,47,5,2012
26,Ray RiceBAL,RB,4,8,14,88,11.0,0,47,1,22.0,1,1,99,4,2012
27,Sidney RiceSEA,WR,2,5,13,87,17.4,0,27,2,43.5,0,0,5,5,2012
28,Delanie WalkerSF,TE,3,5,11,85,17.0,0,28,2,28.3,0,0,5,4,2012
29,Eric DeckerDEN,WR,1,6,10,84,14.0,0,32,1,84.0,0,0,21,6,2012
30,A.J. GreenCIN,WR,1,5,11,80,16.0,0,45,1,80.0,0,0,23,2,2012
31,T.Y. HiltonIND,WR,1,8,13,66,8.3,0,25,1,66.0,0,0,42,1,2012
32,DuJuan HarrisGB,RB,2,7,10,64,9.1,0,16,0,32.0,0,0,65,4,2012
33,Harry DouglasATL,WR,2,5,6,60,12.0,0,22,2,30.0,0,0,5,4,2012
34,Dwayne AllenIND,TE,1,4,6,51,12.8,0,22,1,51.0,0,0,34,3,2012
35,Pierre GarconWSH,WR,1,4,6,50,12.5,0,30,1,50.0,0,0,34,2,2012
36,James CaseyHOU,TE,2,4,9,49,12.3,0,20,1,24.5,0,0,34,3,2012
37,Frank GoreSF,RB,3,2,2,48,24.0,0,45,1,16.0,0,0,31,1,2012
38,DeVier PoseyHOU,WR,2,3,5,47,15.7,1,25,2,23.5,0,0,9,2,2012
39,Joel DreessenDEN,TE,1,6,8,46,7.7,0,11,0,46.0,0,0,16,1,2012
39,Marshawn LynchSEA,RB,2,4,4,46,11.5,0,24,1,23.0,0,0,51,2,2012
41,Jermichael FinleyGB,TE,2,5,8,45,9.0,0,19,0,22.5,0,0,18,3,2012
41,Doug BaldwinSEA,WR,2,3,8,45,15.0,0,33,1,22.5,0,0,21,2,2012
43,Jacob TammeDEN,TE,1,3,3,44,14.7,0,21,1,44.0,0,0,16,2,2012
44,Robert TurbinSEA,RB,2,3,4,43,14.3,0,30,1,21.5,0,0,38,1,2012
45,Garrett GrahamHOU,TE,2,5,5,42,8.4,0,20,1,21.0,0,0,19,2,2012
45,Kyle RudolphMIN,TE,1,3,3,42,14.0,0,23,1,42.0,0,0,4,2,2012
47,Kevin WalterHOU,WR,2,6,7,41,6.8,0,12,0,20.5,1,0,7,2,2012
48,Demaryius ThomasDEN,WR,1,3,7,37,12.3,1,17,0,37.0,0,0,23,2,2012
49,Marvin Jones Jr.CIN,WR,1,3,5,34,11.3,0,15,0,34.0,0,0,8,2,2012
50,Vonta LeachBAL,FB,4,6,6,31,5.2,0,17,0,7.8,1,0,35,2,2012
1,T.Y. HiltonIND,WR,2,17,24,327,19.2,2,64,5,163.5,0,0,88,14,2013
2,Demaryius ThomasDEN,WR,3,28,38,306,10.9,3,30,5,102.0,1,1,80,13,2013
3,Anquan BoldinSF,WR,3,16,27,227,14.2,1,45,3,75.7,0,0,62,11,2013
4,Michael CrabtreeSF,WR,3,15,28,203,13.5,0,31,4,67.7,1,0,62,10,2013
5,Doug BaldwinSEA,WR,3,13,15,202,15.5,1,51,4,67.3,0,0,39,9,2013
6,Julius ThomasDEN,TE,3,18,24,188,10.4,0,37,2,62.7,1,1,79,9,2013
7,Julian EdelmanNE,WR,2,16,24,173,10.8,1,27,2,86.5,0,0,78,9,2013
8,Keenan AllenSD,WR,2,8,12,163,20.4,2,49,2,81.5,0,0,37,8,2013
9,Wes WelkerDEN,WR,3,18,24,160,8.9,1,22,1,53.3,0,0,34,7,2013
9,Marques ColstonNO,WR,2,13,18,160,12.3,1,25,1,80.0,0,0,53,10,2013
11,Dwayne BoweKC,WR,1,8,13,150,18.8,1,63,3,150.0,0,0,84,7,2013
12,Jermaine KearseSEA,WR,3,7,11,134,19.1,2,35,4,44.7,1,0,12,5,2013
13,Marvin Jones Jr.CIN,WR,1,8,12,130,16.3,0,49,2,130.0,0,0,28,6,2013
14,LaVon BrazillIND,WR,2,6,13,127,21.2,2,38,3,63.5,0,0,32,4,2013
15,Coby FleenerIND,TE,2,11,18,120,10.9,1,29,1,60.0,0,0,37,8,2013
16,Eric DeckerDEN,WR,3,8,18,111,13.9,0,21,1,37.0,0,0,40,8,2013
17,Robert MeachemNO,WR,2,3,3,109,36.3,0,52,2,54.5,0,0,14,3,2013
18,Ted Ginn Jr.CAR,WR,1,4,6,104,26.0,0,59,1,104.0,0,0,74,3,2013
19,Griff WhalenIND,WR,2,7,13,93,13.3,0,22,1,46.5,0,0,31,6,2013
20,Donnie AveryKC,WR,1,1,3,79,79.0,1,79,1,79.0,0,0,34,1,2013
21,Danny AmendolaNE,WR,2,3,6,77,25.7,0,53,1,38.5,0,0,16,3,2013
22,Shane VereenNE,RB,2,7,14,75,10.7,0,24,1,37.5,0,0,61,4,2013
23,Steve Smith Sr.CAR,WR,1,4,5,74,18.5,1,31,2,74.0,0,0,12,2,2013
24,Giovani BernardCIN,RB,1,7,11,73,10.4,0,17,0,73.0,1,1,49,4,2013
25,Austin CollieNE,WR,2,5,7,72,14.4,0,20,1,36.0,0,0,21,5,2013
26,Riley CooperPHI,WR,1,6,8,68,11.3,1,22,1,68.0,0,0,9,4,2013
27,Jermaine GreshamCIN,TE,1,7,8,64,9.1,1,13,0,64.0,0,0,26,5,2013
28,Darren SprolesNO,RB,2,9,13,63,7.0,0,14,0,31.5,0,0,43,2,2013
28,Eddie RoyalSD,WR,2,2,4,63,31.5,0,33,2,31.5,0,0,16,2,2013
30,Jordy NelsonGB,WR,1,7,8,62,8.9,1,19,0,62.0,0,0,17,3,2013
31,Golden TateSEA,WR,3,8,15,61,7.6,0,13,0,20.3,0,0,24,5,2013
32,Greg OlsenCAR,TE,1,4,6,55,13.8,0,35,1,55.0,0,0,13,2,2013
33,Vernon DavisSF,TE,3,5,14,54,10.8,2,28,1,18.0,0,0,5,4,2013
33,Knowshon MorenoDEN,RB,3,6,8,54,9.0,0,18,0,18.0,0,0,41,1,2013
35,DeSean JacksonPHI,WR,1,3,6,53,17.7,0,40,1,53.0,0,0,9,2,2013
36,Dexter McClusterKC,RB,1,7,8,52,7.4,0,19,0,52.0,0,0,51,1,2013
36,Jimmy GrahamNO,TE,2,4,10,52,13.0,0,21,1,26.0,0,0,10,2,2013
38,Lance MooreNO,WR,2,4,8,51,12.8,1,24,1,25.5,0,0,18,4,2013
38,Randall CobbGB,WR,1,2,2,51,25.5,0,26,2,51.0,0,0,12,2,2013
40,Donald BrownIND,RB,2,5,7,50,10.0,1,25,1,25.0,0,0,54,3,2013
41,Zach MillerSEA,TE,3,5,6,46,9.2,0,15,0,15.3,0,0,31,1,2013
41,Da'Rick RogersIND,WR,2,1,6,46,46.0,0,46,1,23.0,0,0,3,1,2013
43,Ladarius GreenSD,TE,2,5,6,41,8.2,1,22,1,20.5,0,0,9,4,2013
44,Michael HoomanawanuiNE,TE,2,3,4,39,13.0,0,18,0,19.5,0,0,6,2,2013
45,Frank GoreSF,RB,3,3,5,36,12.0,0,17,0,12.0,0,0,15,3,2013
46,Kenny StillsNO,WR,2,3,5,35,11.7,0,14,0,17.5,0,0,6,2,2013
47,Brandon LaFellCAR,WR,1,4,7,34,8.5,0,13,0,34.0,0,0,5,2,2013
47,A.J. GreenCIN,WR,1,3,9,34,11.3,0,14,0,34.0,0,0,0,2,2013
49,Jacob TammeDEN,TE,3,4,4,33,8.3,1,23,1,11.0,0,0,20,3,2013
49,Knile DavisKC,RB,1,7,7,33,4.7,1,13,0,33.0,0,0,28,2,2013
1,Julian EdelmanNE,WR,3,26,37,281,10.8,1,23,5,93.7,1,0,77,18,2014
2,T.Y. HiltonIND,WR,3,11,28,211,19.2,0,36,5,70.3,0,0,57,10,2014
3,Jermaine KearseSEA,WR,3,7,15,209,29.9,2,63,5,69.7,0,0,54,6,2014
4,Rob GronkowskiNE,TE,3,16,31,204,12.8,3,46,4,68.0,0,0,51,12,2014
5,Randall CobbGB,WR,2,15,21,178,11.9,1,31,2,89.0,0,0,65,9,2014
6,Doug BaldwinSEA,WR,3,10,14,147,14.7,2,35,3,49.0,0,0,51,8,2014
7,Steve Smith Sr.BAL,WR,2,8,11,145,18.1,1,40,2,72.5,0,0,25,6,2014
8,Shane VereenNE,RB,3,18,21,144,8.0,0,30,1,48.0,0,0,24,8,2014
9,Danny AmendolaNE,WR,3,11,16,137,12.5,3,51,1,45.7,0,0,38,7,2014
10,Jason WittenDAL,TE,2,11,14,134,12.2,0,21,1,67.0,0,0,52,8,2014
11,Terrance WilliamsDAL,WR,2,4,8,130,32.5,3,76,2,65.0,0,0,97,3,2014
12,Daniel HerronIND,RB,3,20,23,128,6.4,0,18,0,42.7,1,1,129,5,2014
13,Davante AdamsGB,WR,2,8,14,124,15.5,1,46,2,62.0,0,0,82,5,2014
14,Brandon LaFellNE,WR,3,13,20,119,9.2,2,23,1,39.7,0,0,23,6,2014
15,Antonio BrownPIT,WR,1,9,14,117,13.0,0,44,1,117.0,0,0,27,5,2014
16,Owen DanielsBAL,TE,2,8,16,111,13.9,1,23,1,55.5,0,0,47,7,2014
17,Chris MatthewsSEA,WR,3,4,5,109,27.3,1,45,2,36.3,0,0,0,3,2014
18,Kelvin BenjaminCAR,WR,2,11,17,108,9.8,2,28,1,54.0,0,0,34,7,2014
19,Cole BeasleyDAL,WR,2,7,11,101,14.4,0,19,0,50.5,0,0,64,4,2014
20,Hakeem NicksIND,WR,3,6,8,98,16.3,1,45,1,32.7,0,0,24,5,2014
21,Coby FleenerIND,TE,3,7,13,97,13.9,0,32,1,32.3,0,0,51,5,2014
22,Greg OlsenCAR,TE,2,7,11,95,13.6,0,31,1,47.5,0,0,16,4,2014
23,Jordy NelsonGB,WR,2,7,13,93,13.3,0,23,1,46.5,0,0,23,6,2014
24,Torrey SmithBAL,WR,2,5,12,90,18.0,1,35,2,45.0,0,0,10,4,2014
24,Ricardo LocketteSEA,WR,3,6,9,90,15.0,0,25,2,30.0,0,0,12,5,2014
24,Dwayne AllenIND,TE,3,11,13,90,8.2,1,18,0,30.0,0,0,43,6,2014
27,Golden TateDET,WR,1,6,10,89,14.8,1,51,1,89.0,0,0,50,4,2014
28,Dez BryantDAL,WR,2,6,7,86,14.3,0,43,2,43.0,1,0,54,3,2014
28,Donte MoncriefIND,WR,3,5,12,86,17.2,1,36,2,28.7,0,0,9,4,2014
30,Calvin JohnsonDET,WR,1,5,8,85,17.0,0,28,1,85.0,0,0,28,4,2014
31,Luke WillsonSEA,TE,3,6,9,79,13.2,1,29,2,26.3,0,0,54,4,2014
32,Heath MillerPIT,TE,1,6,9,76,12.7,0,30,1,76.0,1,1,30,2,2014
33,Ed DicksonCAR,TE,2,3,7,67,22.3,0,34,1,33.5,0,0,41,3,2014
34,Markus WheatonPIT,WR,1,5,6,66,13.2,0,17,0,66.0,0,0,26,4,2014
35,Marshawn LynchSEA,RB,3,5,8,63,12.6,0,31,2,21.0,0,0,19,2,2014
36,Martavis BryantPIT,WR,1,5,9,61,12.2,1,22,1,61.0,0,0,15,3,2014
36,Corey BrownCAR,WR,2,5,11,61,12.2,0,23,1,30.5,0,0,14,4,2014
38,Demaryius ThomasDEN,WR,1,5,12,59,11.8,1,24,1,59.0,0,0,16,4,2014
39,Michael HoomanawanuiNE,TE,3,6,6,53,8.8,0,16,0,17.7,0,0,18,2,2014
39,Julius ThomasDEN,TE,1,6,7,53,8.8,0,32,1,53.0,0,0,14,2,2014
41,Marlon BrownBAL,WR,2,6,10,48,8.0,0,13,0,24.0,0,0,11,2,2014
41,Richard RodgersGB,TE,2,5,6,48,9.6,1,13,0,24.0,0,0,9,4,2014
43,Emmanuel SandersDEN,WR,1,7,15,46,6.6,0,17,0,46.0,0,0,17,2,2014
43,Giovani BernardCIN,RB,1,8,9,46,5.8,0,13,0,46.0,0,0,48,2,2014
45,Kyle JuszczykBAL,FB,2,6,9,45,7.5,0,11,0,22.5,1,0,34,3,2014
46,Joique BellDET,RB,1,4,4,42,10.5,0,18,0,42.0,0,0,49,2,2014
47,Jerricho CotcheryCAR,WR,2,6,11,39,6.5,0,13,0,19.5,0,0,11,1,2014
47,Fozzy WhittakerCAR,RB,2,1,1,39,39.0,1,39,1,19.5,0,0,45,1,2014
47,Theo RiddickDET,RB,1,4,6,39,9.8,0,15,0,39.0,0,0,38,2,2014
47,Michael CampanaroBAL,WR,2,4,4,39,9.8,0,16,0,19.5,0,0,21,2,2014
1,Greg OlsenCAR,TE,3,16,23,231,14.4,1,54,3,77.0,0,0,70,10,2015
2,Emmanuel SandersDEN,WR,3,16,24,230,14.4,0,34,4,76.7,0,0,34,11,2015
3,Rob GronkowskiNE,TE,2,15,23,227,15.1,3,40,4,113.5,0,0,87,10,2015
4,Corey BrownCAR,WR,3,10,19,215,21.5,1,86,3,71.7,0,0,76,6,2015
5,Larry FitzgeraldARI,WR,2,12,19,206,17.2,1,75,3,103.0,0,0,116,8,2015
6,Martavis BryantPIT,WR,2,14,21,183,13.1,1,52,3,91.5,0,0,93,6,2015
7,Julian EdelmanNE,WR,2,17,29,153,9.0,0,19,0,76.5,0,0,44,9,2015
8,Travis KelceKC,TE,2,14,19,151,10.8,0,48,2,75.5,0,0,88,6,2015
9,Jeff JanisGB,WR,2,7,11,145,20.7,2,60,2,72.5,0,0,15,5,2015
10,Jermaine KearseSEA,WR,2,14,19,128,9.1,2,17,0,64.0,0,0,26,7,2015
11,Ted Ginn Jr.CAR,WR,3,6,13,126,21.0,0,45,2,42.0,0,0,14,5,2015
12,Doug BaldwinSEA,WR,2,13,19,124,9.5,1,22,2,62.0,0,0,34,9,2015
13,Jordan ReedWSH,TE,1,9,17,120,13.3,1,24,3,120.0,0,0,44,6,2015
14,Antonio BrownPIT,WR,1,7,12,119,17.0,0,60,2,119.0,0,0,74,4,2015
15,David JohnsonARI,RB,2,15,18,111,7.4,0,16,0,55.5,0,0,90,5,2015
16,Tyler LockettSEA,WR,2,4,9,110,27.5,1,35,3,55.0,0,0,24,3,2015
17,John BrownARI,WR,2,7,17,105,15.0,0,21,1,52.5,0,0,22,6,2015
18,Chris ThompsonWSH,RB,1,8,8,89,11.1,0,38,1,89.0,0,0,70,2,2015
19,James WhiteNE,RB,2,7,19,84,12.0,0,29,1,42.0,1,0,64,4,2015
20,James JonesGB,WR,2,7,13,81,11.6,0,34,1,40.5,0,0,15,3,2015
21,Devin FunchessCAR,TE,3,5,9,73,14.6,1,24,1,24.3,0,0,5,5,2015
22,A.J. GreenCIN,WR,1,5,8,71,14.2,1,25,2,71.0,0,0,2,3,2015
23,Pierre GarconWSH,WR,1,5,8,70,14.0,0,21,1,70.0,0,0,20,4,2015
24,Jason AvantKC,WR,2,4,5,69,17.3,0,26,2,34.5,0,0,7,3,2015
24,DeAndre HopkinsHOU,WR,1,6,11,69,11.5,0,17,0,69.0,0,0,17,5,2015
24,Jared AbbrederisGB,WR,2,6,16,69,11.5,0,18,0,34.5,0,0,27,4,2015
27,Albert WilsonKC,WR,2,7,15,66,9.4,1,19,0,33.0,0,0,21,5,2015
28,Darrius Heyward-BeyPIT,WR,2,2,4,64,32.0,0,58,1,32.0,0,0,36,1,2015
29,Michael FloydARI,WR,2,6,15,63,10.5,2,15,0,31.5,0,0,28,6,2015
30,Fitzgerald ToussaintPIT,RB,2,7,11,62,8.9,0,27,1,31.0,0,0,64,4,2015
31,Owen DanielsDEN,TE,3,5,8,61,12.2,2,21,1,20.3,0,0,11,3,2015
31,Sammie CoatesPIT,WR,1,2,3,61,30.5,0,37,2,61.0,0,0,43,2,2015
33,Demaryius ThomasDEN,WR,3,7,21,60,8.6,0,15,0,20.0,0,0,13,4,2015
34,Tyler EifertCIN,TE,1,5,9,58,11.6,0,18,0,58.0,0,0,36,2,2015
35,Danny AmendolaNE,WR,2,7,11,57,8.1,0,16,0,28.5,0,0,25,2,2015
35,Keshawn MartinNE,WR,2,2,5,57,28.5,0,42,1,28.5,0,0,20,2,2015
37,Jerricho CotcheryCAR,WR,3,7,11,56,8.0,0,12,0,18.7,0,0,18,3,2015
37,Richard RodgersGB,TE,2,7,12,56,8.0,0,15,0,28.0,0,0,16,4,2015
39,Luke WillsonSEA,TE,1,4,7,54,13.5,0,22,1,54.0,0,0,39,4,2015
40,Markus WheatonPIT,WR,2,7,13,53,7.6,0,24,1,26.5,1,1,27,2,2015
41,Jeremy MaclinKC,WR,2,5,7,52,10.4,0,16,0,26.0,0,0,3,3,2015
42,Darren FellsARI,TE,2,4,6,50,12.5,1,21,1,25.0,0,0,20,2,2015
43,Davante AdamsGB,WR,1,4,4,48,12.0,1,20,1,48.0,0,0,23,2,2015
44,Fred JacksonSEA,RB,2,4,8,42,10.5,0,13,0,21.0,0,0,30,2,2015
44,Chris ConleyKC,WR,2,6,10,42,7.0,1,16,0,21.0,0,0,23,2,2015
46,C.J. AndersonDEN,RB,3,9,10,39,4.3,0,8,0,13.0,0,0,26,0,2015
47,Randall CobbGB,WR,2,3,9,38,12.7,1,15,0,19.0,0,0,14,3,2015
48,Andre Jerome CaldwellDEN,WR,3,3,4,36,12.0,0,22,1,12.0,0,0,4,2,2015
49,Bennie FowlerDEN,WR,3,2,5,35,17.5,0,31,1,11.7,0,0,14,1,2015
50,J.J. NelsonARI,WR,2,3,4,33,11.0,0,15,0,16.5,0,0,-1,2,2015
1,Julian EdelmanNE,WR,3,21,36,342,16.3,1,48,6,114.0,0,0,111,14,2016
2,Julio JonesATL,WR,3,19,24,334,17.6,3,73,6,111.3,0,0,110,17,2016
3,Chris HoganNE,WR,3,17,23,332,19.5,2,45,8,110.7,0,0,68,15,2016
4,Antonio BrownPIT,WR,3,18,29,309,17.2,2,62,4,103.0,0,0,166,11,2016
5,Randall CobbGB,WR,3,18,24,260,14.4,3,42,5,86.7,0,0,80,12,2016
6,Jared CookGB,TE,3,18,32,229,12.7,2,35,3,76.3,0,0,51,13,2016
7,Davante AdamsGB,WR,3,16,25,217,13.6,2,32,4,72.3,0,0,83,12,2016
8,Doug BaldwinSEA,WR,2,16,21,184,11.5,2,42,2,92.0,0,0,62,9,2016
9,Taylor GabrielATL,WR,3,9,14,171,19.0,0,37,3,57.0,0,0,54,7,2016
10,Devonta FreemanATL,RB,3,10,12,168,16.8,1,53,2,56.0,0,0,101,5,2016
11,James WhiteNE,RB,3,18,21,137,7.6,2,28,1,45.7,0,0,17,7,2016
11,Jesse JamesPIT,TE,3,11,15,137,12.5,0,26,2,45.7,0,0,53,7,2016
13,Dez BryantDAL,WR,1,9,12,132,14.7,2,40,2,132.0,0,0,45,6,2016
13,DeAndre HopkinsHOU,WR,2,11,18,132,12.0,1,38,1,66.0,0,0,33,5,2016
15,Paul Richardson Jr.SEA,WR,2,7,9,131,18.7,1,40,3,65.5,0,0,28,5,2016
16,Mohamed SanuATL,WR,3,11,14,121,11.0,2,22,1,40.3,0,0,12,11,2016
17,Eli RogersPIT,WR,3,13,18,112,8.6,0,19,0,37.3,1,1,45,6,2016
18,Jarvis LandryMIA,WR,1,11,14,102,9.3,0,17,0,102.0,0,0,45,8,2016
19,Martellus BennettNE,TE,3,11,15,98,8.9,0,25,1,32.7,0,0,20,5,2016
20,Danny AmendolaNE,WR,3,10,15,90,9.0,1,20,1,30.0,0,0,0,6,2016
21,Kenny StillsMIA,WR,1,5,5,82,16.4,0,36,2,82.0,0,0,4,4,2016
22,Marvin Jones Jr.DET,WR,1,4,7,81,20.3,0,30,2,81.0,0,0,9,4,2016
23,Jordy NelsonGB,WR,2,7,12,80,11.4,1,27,1,40.0,0,0,10,4,2016
24,Travis KelceKC,TE,1,5,7,77,15.4,0,24,2,77.0,0,0,38,3,2016
24,Ty MontgomeryGB,WR,3,10,14,77,7.7,0,34,1,25.7,0,0,66,4,2016
26,Malcolm MitchellNE,WR,2,7,11,75,10.7,0,18,0,37.5,0,0,0,4,2016
27,Tavarres KingNYG,WR,1,3,6,73,24.3,1,41,1,73.0,0,0,29,3,2016
28,C.J. FiedorowiczHOU,TE,2,5,9,71,14.2,1,18,0,35.5,0,0,27,4,2016
29,Terrance WilliamsDAL,WR,1,4,6,68,17.0,0,24,1,68.0,0,0,19,4,2016
30,Will TyeNYG,TE,1,4,6,66,16.5,0,51,1,66.0,0,0,35,1,2016
31,Austin HooperATL,TE,3,6,9,65,10.8,1,19,0,21.7,0,0,23,4,2016
31,Geronimo AllisonGB,WR,3,5,8,65,13.0,0,26,1,21.7,0,0,21,4,2016
33,Sterling ShepardNYG,WR,1,4,9,63,15.8,0,26,1,63.0,0,0,6,4,2016
33,Tevin ColemanATL,RB,3,7,8,63,9.0,2,17,0,21.0,0,0,35,5,2016
35,Jason WittenDAL,TE,1,6,9,59,9.8,1,15,0,59.0,0,0,10,5,2016
35,Jimmy GrahamSEA,TE,2,6,7,59,9.8,1,14,0,29.5,0,0,23,4,2016
37,DeVante ParkerMIA,WR,1,4,6,55,13.8,0,37,1,55.0,0,0,13,2,2016
38,Zach ZennerDET,RB,1,6,6,54,9.0,0,23,1,54.0,0,0,60,1,2016
39,William Fuller VHOU,WR,2,7,12,53,7.6,0,19,0,26.5,0,0,20,2,2016
40,DeAngelo WilliamsPIT,RB,3,7,7,51,7.3,0,10,0,17.0,0,0,35,4,2016
40,Cobi HamiltonPIT,WR,3,4,7,51,12.8,1,30,1,17.0,0,0,8,3,2016
42,Andre HolmesOAK,WR,1,4,5,50,12.5,1,20,1,50.0,0,0,0,4,2016
43,Cole BeasleyDAL,WR,1,4,6,45,11.3,0,18,0,45.0,0,0,29,1,2016
44,Patrick DiMarcoATL,FB,3,3,4,43,14.3,0,31,1,14.3,0,0,27,2,2016
44,Jonathan GrimesHOU,RB,2,4,4,43,10.8,0,15,0,21.5,0,0,38,3,2016
46,Aaron RipkowskiGB,FB,3,4,5,39,9.8,0,20,1,13.0,0,0,28,3,2016
47,Dion SimsMIA,TE,1,5,5,34,6.8,0,17,0,34.0,0,0,6,1,2016
47,Richard RodgersGB,TE,3,1,2,34,34.0,1,34,1,11.3,0,0,3,1,2016
47,Sammie CoatesPIT,WR,3,2,5,34,17.0,0,30,1,11.3,0,0,7,1,2016
50,Michael CrabtreeOAK,WR,1,2,7,33,16.5,0,19,0,33.0,0,0,12,2,2016
1,Danny AmendolaNE,WR,3,26,33,348,13.4,2,50,6,116.0,0,0,51,17,2017
2,Alshon JefferyPHI,WR,3,12,18,219,18.3,3,53,4,73.0,0,0,36,11,2017
3,Rob GronkowskiNE,TE,3,16,27,218,13.6,3,27,4,72.7,0,0,25,15,2017
4,Michael ThomasNO,WR,2,15,22,216,14.4,2,46,3,108.0,0,0,66,12,2017
5,Stefon DiggsMIN,WR,2,14,22,207,14.8,1,61,3,103.5,0,0,53,9,2017
6,Julio JonesATL,WR,2,18,26,195,10.8,1,27,3,97.5,0,0,58,12,2017
7,Zach ErtzPHI,TE,3,18,21,192,10.7,1,36,1,64.0,0,0,57,12,2017
8,Ted Ginn Jr.NO,WR,2,12,17,187,15.6,1,80,1,93.5,0,0,59,6,2017
9,Nelson AgholorPHI,WR,3,15,18,167,11.1,0,42,2,55.7,0,0,51,8,2017
10,Torrey SmithPHI,WR,3,13,21,157,12.1,1,41,2,52.3,0,0,40,8,2017
11,Brandin CooksNE,WR,3,10,19,155,15.5,0,31,2,51.7,0,0,31,9,2017
12,Chris HoganNE,WR,3,9,16,152,16.9,2,43,3,50.7,0,0,6,7,2017
13,Robert WoodsLAR,WR,1,9,14,142,15.8,0,38,2,142.0,0,0,26,7,2017
14,Corey ClementPHI,RB,3,10,11,139,13.9,1,55,2,46.3,0,0,44,6,2017
15,Antonio BrownPIT,WR,1,7,11,132,18.9,2,43,3,132.0,0,0,28,5,2017
16,Mohamed SanuATL,WR,2,7,13,125,17.9,0,52,2,62.5,0,0,92,6,2017
17,Delanie WalkerTEN,TE,2,9,14,123,13.7,0,36,2,61.5,0,0,58,5,2017
18,Vance McDonaldPIT,TE,1,10,16,112,11.2,0,22,1,112.0,0,0,98,8,2017
19,Dion LewisNE,RB,3,16,18,111,6.9,0,31,2,37.0,1,1,67,2,2017
20,Greg OlsenCAR,TE,1,8,12,107,13.4,1,24,2,107.0,0,0,24,5,2017
20,Jarius WrightMIN,WR,2,6,12,107,17.8,0,33,3,53.5,0,0,28,5,2017
22,Eric DeckerTEN,WR,2,8,12,106,13.3,1,22,3,53.0,0,0,14,5,2017
23,Josh HillNO,TE,2,6,10,103,17.2,1,25,2,51.5,0,0,44,6,2017
24,Adam ThielenMIN,WR,2,9,18,102,11.3,0,24,1,51.0,0,0,4,5,2017
25,Christian McCaffreyCAR,RB,1,6,8,101,16.8,1,56,1,101.0,0,0,70,4,2017
26,Corey DavisTEN,WR,2,9,15,98,10.9,2,17,0,49.0,0,0,25,7,2017
27,Jerick McKinnonMIN,RB,2,14,16,92,6.6,0,13,0,46.0,0,0,123,6,2017
27,Allen HurnsJAX,WR,3,7,10,92,13.1,0,27,2,30.7,0,0,35,5,2017
29,Le'Veon BellPIT,RB,1,9,13,88,9.8,1,22,1,88.0,0,0,83,4,2017
30,Tyreek HillKC,WR,1,7,11,87,12.4,0,45,2,87.0,0,0,80,2,2017
31,Dede WestbrookJAX,WR,3,7,14,85,12.1,0,29,2,28.3,0,0,33,5,2017
32,Keelan ColeJAX,WR,3,3,6,82,27.3,0,45,2,27.3,0,0,2,3,2017
33,Devin FunchessCAR,TE,1,4,8,79,19.8,0,24,1,79.0,0,0,11,4,2017
34,Martavis BryantPIT,WR,1,2,4,78,39.0,1,42,2,78.0,0,0,22,2,2017
35,James WhiteNE,RB,3,9,18,72,8.0,1,15,0,24.0,0,0,66,6,2017
35,Alvin KamaraNO,RB,2,5,10,72,14.4,1,23,1,36.0,0,0,67,4,2017
37,Jay AjayiPHI,RB,3,6,8,70,11.7,0,32,1,23.3,0,0,102,3,2017
38,Marqise LeeJAX,WR,3,7,15,69,9.9,0,18,0,23.0,0,0,23,5,2017
38,Cooper KuppLAR,WR,1,8,13,69,8.6,1,15,0,69.0,0,0,11,4,2017
40,Travis KelceKC,TE,1,4,4,66,16.5,1,27,1,66.0,0,0,20,3,2017
41,T.J. YeldonJAX,RB,2,5,6,63,12.6,0,40,1,31.5,0,0,69,3,2017
42,Corey GrantJAX,RB,3,3,3,59,19.7,0,24,2,19.7,0,0,65,3,2017
43,Demarcus RobinsonKC,WR,1,4,4,57,14.3,1,15,0,57.0,0,0,17,4,2017
44,Derrick HenryTEN,RB,2,5,6,56,11.2,0,29,1,28.0,0,0,51,1,2017
45,Kyle RudolphMIN,TE,2,6,12,53,8.8,1,25,1,26.5,0,0,11,2,2017
46,Phillip DorsettNE,WR,2,2,3,50,25.0,0,31,1,25.0,0,0,7,2,2017
47,Rex BurkheadNE,RB,2,1,2,46,46.0,0,46,1,23.0,0,0,0,1,2017
48,LeSean McCoyBUF,RB,1,6,8,44,7.3,0,16,0,44.0,0,0,51,1,2017
48,Brandon ColemanNO,WR,1,4,5,44,11.0,0,18,0,44.0,1,0,9,3,2017
48,Leonard FournetteJAX,RB,3,7,12,44,6.3,0,12,0,14.7,0,0,32,3,2017
1,Julian EdelmanNE,WR,3,26,35,388,14.9,0,35,7,129.3,0,0,84,22,2018
2,Brandin CooksLAR,WR,3,19,27,292,15.4,0,36,6,97.3,0,0,29,14,2018
3,Michael ThomasNO,WR,2,16,23,207,12.9,1,42,5,103.5,0,0,69,8,2018
4,Rob GronkowskiNE,TE,3,13,19,191,14.7,0,29,3,63.7,0,0,50,8,2018
5,Sammy WatkinsKC,WR,2,10,16,176,17.6,0,54,3,88.0,1,1,81,6,2018
6,Robert WoodsLAR,WR,3,17,29,172,10.1,0,18,0,57.3,0,0,47,8,2018
7,Amari CooperDAL,WR,2,13,18,171,13.2,1,34,3,85.5,1,0,33,5,2018
8,James WhiteNE,RB,3,20,27,151,7.6,0,30,3,50.3,0,0,167,8,2018
9,Alshon JefferyPHI,WR,2,11,17,145,13.2,0,30,2,72.5,0,0,21,8,2018
9,T.Y. HiltonIND,WR,2,9,21,145,16.1,1,38,3,72.5,0,0,5,7,2018
11,Allen Robinson IICHI,WR,1,10,13,143,14.3,1,45,3,143.0,0,0,0,5,2018
12,Michael GallupDAL,WR,2,8,15,137,17.1,1,44,3,68.5,0,0,0,5,2018
13,Travis KelceKC,TE,2,10,16,131,13.1,1,30,1,65.5,0,0,72,7,2018
13,Alvin KamaraNO,RB,2,15,17,131,8.7,0,23,2,65.5,0,0,116,6,2018
15,Josh ReynoldsLAR,WR,3,8,18,121,15.1,0,33,1,40.3,0,0,26,6,2018
16,Tyler LockettSEA,WR,1,4,6,120,30.0,0,53,3,120.0,0,0,0,3,2018
17,Tyreek HillKC,WR,2,9,16,114,12.7,0,42,1,57.0,0,0,28,6,2018
18,Keenan AllenLAC,WR,2,6,12,112,18.7,1,43,2,56.0,0,0,16,4,2018
19,Mike WilliamsLAC,WR,2,7,16,110,15.7,0,28,2,55.0,0,0,7,6,2018
19,Keke CouteeHOU,WR,1,11,14,110,10.0,1,20,1,110.0,0,0,0,6,2018
21,Dontrelle InmanIND,WR,2,8,8,108,13.5,1,21,2,54.0,0,0,7,7,2018
22,Tyrell WilliamsLAC,WR,2,7,11,103,14.7,0,29,2,51.5,0,0,2,4,2018
23,Ted Ginn Jr.NO,WR,2,6,13,102,17.0,0,43,2,51.0,1,0,9,4,2018
23,Zach ErtzPHI,TE,2,10,15,102,10.2,0,17,0,51.0,0,0,21,6,2018
25,Damien WilliamsKC,RB,2,10,14,91,9.1,2,33,2,45.5,0,0,96,3,2018
26,Eric EbronIND,TE,2,8,15,77,9.6,1,21,1,38.5,0,0,8,5,2018
27,Antonio GatesLAC,TE,2,9,12,76,8.4,1,14,0,38.0,0,0,9,6,2018
27,Chester RogersIND,WR,2,9,11,76,8.4,0,16,0,38.0,0,0,24,5,2018
29,Phillip DorsettNE,WR,3,5,8,70,14.0,2,29,1,23.3,0,0,5,5,2018
30,Golden TatePHI,WR,2,7,13,64,9.1,1,28,1,32.0,0,0,7,4,2018
31,Lamar MillerHOU,RB,1,8,10,63,7.9,0,12,0,63.0,0,0,0,2,2018
32,Chris HoganNE,WR,3,8,18,58,7.3,0,11,0,19.3,0,0,4,4,2018
33,Tyler HigbeeLAR,TE,3,6,8,55,9.2,1,19,0,18.3,0,0,53,4,2018
34,Kenneth DixonBAL,RB,1,3,3,53,17.7,0,39,1,53.0,0,0,0,2,2018
35,Ezekiel ElliottDAL,RB,2,6,10,51,8.5,0,12,0,25.5,0,0,33,2,2018
36,Willie Snead IVBAL,WR,1,3,6,50,16.7,0,29,1,50.0,0,0,0,2,2018
36,Gerald EverettLAR,TE,3,2,7,50,25.0,0,39,1,16.7,0,0,25,2,2018
38,Rex BurkheadNE,RB,3,7,7,45,6.4,0,8,0,15.0,0,0,33,1,2018
39,Cole BeasleyDAL,WR,2,4,5,43,10.8,0,15,0,21.5,0,0,10,3,2018
40,Ed DicksonSEA,TE,1,4,5,42,10.5,0,26,1,42.0,0,0,0,1,2018
41,Michael CrabtreeBAL,WR,1,2,4,38,19.0,2,31,1,38.0,0,0,0,2,2018
41,Nelson AgholorPHI,WR,2,4,9,38,9.5,0,13,0,19.0,0,0,8,3,2018
43,DeAndre HopkinsHOU,WR,1,5,10,37,7.4,0,13,0,37.0,0,0,0,4,2018
43,Jordan MatthewsPHI,TE,2,1,2,37,37.0,1,37,1,18.5,0,0,0,1,2018
43,Taylor GabrielCHI,WR,1,4,9,37,9.3,0,19,0,37.0,0,0,0,3,2018
46,Darren SprolesPHI,RB,2,5,7,35,7.0,0,14,0,17.5,0,0,17,2,2018
47,Josh BellamyCHI,WR,1,1,1,34,34.0,0,34,1,34.0,0,0,0,1,2018
47,Anthony MillerCHI,WR,1,3,5,34,11.3,0,23,1,34.0,0,0,0,2,2018
49,Austin EkelerLAC,RB,2,7,9,33,4.7,0,9,0,16.5,0,0,26,1,2018
50,Doug BaldwinSEA,WR,1,3,6,32,10.7,0,22,1,32.0,0,0,0,1,2018
1,Davante AdamsGB,WR,2,17,22,298,17.5,2,65,4,149.0,0,0,117,13,2019
2,Sammy WatkinsKC,WR,3,14,18,288,20.6,1,60,5,96.0,0,0,82,12,2019
3,DK MetcalfSEA,WR,2,11,14,219,19.9,1,53,5,109.5,0,0,66,7,2019
4,Tyreek HillKC,WR,3,17,27,213,12.5,2,44,4,71.0,0,0,85,9,2019
5,DeAndre HopkinsHOU,WR,2,15,22,208,13.9,0,41,4,104.0,2,1,28,9,2019
6,Travis KelceKC,TE,3,19,22,207,10.9,4,28,4,69.0,0,0,85,13,2019
7,Tyler LockettSEA,WR,2,13,18,198,15.2,1,31,3,99.0,0,0,35,11,2019
8,Adam ThielenMIN,WR,2,12,16,179,14.9,0,43,2,89.5,1,1,26,9,2019
9,Deebo SamuelSF,WR,3,10,18,127,12.7,0,30,1,42.3,0,0,80,8,2019
10,Kenny StillsHOU,WR,2,7,11,126,18.0,1,54,2,63.0,0,0,42,6,2019
10,Marquise BrownBAL,WR,1,7,11,126,18.0,0,38,2,126.0,0,0,21,6,2019
12,Jimmy GrahamGB,TE,2,7,9,108,15.4,0,42,2,54.0,0,0,50,4,2019
13,Damien WilliamsKC,RB,3,11,20,94,8.5,2,17,0,31.3,0,0,81,5,2019
14,William Fuller VHOU,WR,1,5,8,89,17.8,0,39,2,89.0,0,0,23,5,2019
15,Kendrick BourneSF,WR,3,6,10,88,14.7,1,26,2,29.3,0,0,22,5,2019
16,Stefon DiggsMIN,WR,2,4,8,76,19.0,1,41,1,38.0,0,0,32,4,2019
16,Devin SingletaryBUF,RB,1,6,7,76,12.7,0,38,1,76.0,0,0,74,4,2019
18,Dallas GoedertPHI,TE,1,7,8,73,10.4,0,17,0,73.0,0,0,18,4,2019
19,Emmanuel SandersSF,WR,3,5,8,71,14.2,0,22,1,23.7,0,0,5,4,2019
19,George KittleSF,TE,3,8,13,71,8.9,0,19,0,23.7,0,0,53,4,2019
21,Michael ThomasNO,WR,1,7,8,70,10.0,0,20,1,70.0,0,0,9,4,2019
22,Corey DavisTEN,WR,3,6,12,68,11.3,1,22,1,22.7,0,0,24,5,2019
23,A.J. BrownTEN,WR,3,5,10,64,12.8,0,37,1,21.3,0,0,36,3,2019
24,Jacob HollisterSEA,TE,2,7,10,63,9.0,0,19,0,31.5,0,0,24,2,2019
25,James WhiteNE,RB,1,5,5,62,12.4,0,29,2,62.0,0,0,64,2,2019
26,Darren FellsHOU,TE,2,7,12,59,8.4,1,14,0,29.5,0,0,25,4,2019
26,Jonnu SmithTEN,TE,3,6,9,59,9.8,1,22,1,19.7,0,0,28,2,2019
28,David MooreSEA,WR,2,2,4,57,28.5,0,38,1,28.5,0,0,41,2,2019
29,Willie Snead IVBAL,WR,1,6,8,56,9.3,0,26,1,56.0,0,0,11,3,2019
30,Jared CookNO,TE,1,5,5,54,10.8,0,14,0,54.0,0,0,20,4,2019
31,Duke JohnsonHOU,RB,2,8,11,53,6.6,0,18,0,26.5,0,0,59,2,2019
31,Hayden HurstBAL,TE,1,4,6,53,13.3,1,18,0,53.0,0,0,19,3,2019
33,John BrownBUF,WR,1,4,8,50,12.5,0,28,1,50.0,0,0,14,2,2019
33,Deonte HartyNO,WR,1,1,1,50,50.0,0,50,1,50.0,0,0,2,1,2019
35,Duke WilliamsBUF,WR,1,4,10,49,12.3,0,20,1,49.0,0,0,5,3,2019
36,Taiwan JonesHOU,RB,2,2,2,48,24.0,0,34,1,24.0,0,0,48,2,2019
37,Kalif RaymondTEN,WR,2,1,1,45,45.0,1,45,1,22.5,0,0,0,1,2019
37,Anthony FirkserTEN,TE,3,3,5,45,15.0,2,22,1,15.0,0,0,0,3,2019
39,Cole BeasleyBUF,WR,1,4,5,44,11.0,0,21,1,44.0,0,0,31,2,2019
39,Zach ErtzPHI,TE,1,2,4,44,22.0,0,32,1,44.0,0,0,17,2,2019
39,Dalvin CookMIN,RB,2,9,13,44,4.9,0,19,0,22.0,1,0,49,1,2019
42,Kyle JuszczykSF,FB,3,3,3,39,13.0,1,15,0,13.0,0,0,22,3,2019
42,Mark AndrewsBAL,TE,1,4,7,39,9.8,0,16,0,39.0,0,0,7,3,2019
42,Irv Smith Jr.MIN,TE,2,3,3,39,13.0,0,21,1,19.5,0,0,11,1,2019
45,Ben WatsonNE,TE,1,3,4,38,12.7,0,21,1,38.0,0,0,6,3,2019
46,Allen LazardGB,WR,2,3,4,36,12.0,0,19,0,18.0,0,0,9,3,2019
47,Kyle RudolphMIN,TE,2,6,10,35,5.8,1,13,0,17.5,0,0,19,2,2019
47,Demarcus RobinsonKC,WR,3,3,6,35,11.7,0,24,1,11.7,0,0,21,1,2019
49,Alvin KamaraNO,RB,1,8,9,34,4.3,0,9,0,34.0,0,0,37,0,2019
50,Rex BurkheadNE,RB,1,3,3,32,10.7,0,12,0,32.0,0,0,41,1,2019
1,Travis KelceKC,TE,3,31,40,360,11.6,3,33,4,120.0,0,0,133,19,2020
2,Tyreek HillKC,WR,3,24,31,355,14.8,0,71,6,118.3,0,0,193,15,2020
3,Stefon DiggsBUF,WR,3,20,31,311,15.6,2,36,5,103.7,0,0,76,18,2020
4,Chris GodwinTB,WR,4,16,32,232,14.5,1,52,2,58.0,0,0,107,10,2020
5,Mike EvansTB,WR,4,11,22,204,18.5,2,35,4,51.0,0,0,38,10,2020
6,Marquise BrownBAL,WR,2,11,16,196,17.8,0,30,5,98.0,0,0,52,7,2020
7,Cameron BrateTB,TE,4,14,19,175,12.5,1,24,2,43.8,1,0,64,9,2020
8,Allen LazardGB,WR,2,7,14,158,22.6,1,58,4,79.0,0,0,58,7,2020
9,JuJu Smith-SchusterPIT,WR,1,13,19,157,12.1,1,33,3,157.0,0,0,44,7,2020
10,Marquez Valdes-ScantlingGB,WR,2,8,14,148,18.5,1,50,3,74.0,0,0,61,7,2020
10,Leonard FournetteTB,RB,4,18,21,148,8.2,1,22,1,37.0,0,0,139,10,2020
12,Cole BeasleyBUF,WR,3,14,18,145,10.4,0,23,1,48.3,0,0,64,6,2020
13,Davante AdamsGB,WR,2,18,25,133,7.4,2,21,1,66.5,0,0,73,9,2020
14,Diontae JohnsonPIT,WR,1,11,16,117,10.6,0,19,0,117.0,0,0,27,8,2020
15,Rashard HigginsCLE,WR,2,7,14,116,16.6,0,25,2,58.0,1,1,29,5,2020
16,Jarvis LandryCLE,WR,2,12,18,112,9.3,2,40,1,56.0,0,0,71,6,2020
17,Rob GronkowskiTB,TE,4,8,14,110,13.8,2,29,2,27.5,0,0,76,6,2020
18,Cam SimsWSH,WR,1,7,13,104,14.9,0,36,2,104.0,0,0,23,5,2020
19,Robert WoodsLAR,WR,2,12,18,96,8.0,1,20,1,48.0,0,0,24,8,2020
19,DK MetcalfSEA,WR,1,5,11,96,19.2,2,51,1,96.0,0,0,22,2,2020
21,Michael Pittman Jr.IND,WR,1,5,10,90,18.0,0,32,3,90.0,1,0,52,3,2020
22,John BrownBUF,WR,3,10,19,86,8.6,0,21,1,28.7,0,0,15,4,2020
23,Tre'Quan SmithNO,WR,1,3,3,85,28.3,2,56,1,85.0,0,0,28,3,2020
23,Gabe DavisBUF,WR,3,4,11,85,21.3,0,37,1,28.3,0,0,0,4,2020
25,A.J. BrownTEN,WR,1,6,10,83,13.8,1,28,1,83.0,0,0,21,5,2020
26,Robert TonyanGB,TE,2,8,8,82,10.3,1,33,1,41.0,0,0,44,4,2020
26,Deonte HartyNO,WR,2,8,8,82,10.3,0,24,1,41.0,0,0,61,5,2020
28,Antonio BrownTB,WR,3,8,12,81,10.1,2,36,1,27.0,0,0,23,5,2020
29,Scotty MillerTB,WR,4,4,6,80,20.0,1,39,2,20.0,0,0,6,3,2020
30,Cooper KuppLAR,WR,1,4,9,78,19.5,0,44,1,78.0,0,0,11,3,2020
31,Terry McLaurinWSH,WR,1,6,7,75,12.5,0,18,0,75.0,0,0,10,5,2020
32,Logan ThomasWSH,TE,1,5,9,74,14.8,0,29,2,74.0,0,0,29,3,2020
33,Michael ThomasNO,WR,2,5,11,73,14.6,1,38,1,36.5,0,0,24,3,2020
33,Nick ChubbCLE,RB,2,6,9,73,12.2,1,40,2,36.5,0,0,87,2,2020
35,James WashingtonPIT,WR,1,5,6,72,14.4,0,27,1,72.0,0,0,21,4,2020
36,Jack DoyleIND,TE,1,7,9,70,10.0,1,27,1,70.0,0,0,9,4,2020
37,Mark AndrewsBAL,TE,2,8,17,69,8.6,0,17,0,34.5,0,0,26,3,2020
38,Jared CookNO,TE,2,9,14,68,7.6,0,12,0,34.0,1,1,24,2,2020
39,David NjokuCLE,TE,2,5,6,66,13.2,0,27,2,33.0,0,0,40,3,2020
39,Mecole HardmanKC,WR,3,8,13,66,8.3,1,42,1,22.0,0,0,82,4,2020
41,Josh ReynoldsLAR,WR,2,3,4,65,21.7,0,28,2,32.5,0,0,23,3,2020
41,Dawson KnoxBUF,TE,3,10,13,65,6.5,2,14,0,21.7,0,0,47,6,2020
43,Eric EbronPIT,TE,1,7,11,62,8.9,1,17,0,62.0,0,0,35,5,2020
43,Austin HooperCLE,TE,2,9,14,62,6.9,1,11,0,31.0,0,0,12,5,2020
45,Chase ClaypoolPIT,WR,1,5,7,59,11.8,2,29,1,59.0,0,0,9,3,2020
46,Allen Robinson IICHI,WR,1,6,7,55,9.2,0,21,1,55.0,0,0,15,2,2020
47,Emmanuel SandersNO,WR,2,8,12,51,6.4,0,16,0,25.5,0,0,19,4,2020
47,Cam AkersLAR,RB,2,3,3,51,17.0,0,44,1,25.5,0,0,44,1,2020
49,Van JeffersonLAR,WR,2,6,7,46,7.7,1,16,0,23.0,0,0,10,3,2020
50,J.K. DobbinsBAL,RB,2,4,6,45,11.3,0,31,1,22.5,0,0,21,3,2020
1,Cooper KuppLAR,WR,4,33,42,478,14.5,6,70,7,119.5,1,1,206,19,2021
2,Ja'Marr ChaseCIN,WR,4,25,35,368,14.7,1,57,5,92.0,0,0,171,16,2021
3,Tee HigginsCIN,WR,4,18,30,309,17.2,2,75,3,77.3,0,0,134,13,2021
4,Travis KelceKC,TE,3,23,27,299,13.0,3,48,4,99.7,0,0,136,17,2021
5,Odell Beckham Jr.LAR,WR,4,21,26,288,13.7,2,35,5,72.0,0,0,81,15,2021
6,Tyreek HillKC,WR,3,23,28,285,12.4,3,64,5,95.0,0,0,135,12,2021
7,Gabe DavisBUF,WR,2,10,13,242,24.2,5,75,4,121.0,0,0,42,10,2021
8,Mike EvansTB,WR,2,17,26,236,13.9,2,55,3,118.0,0,0,79,10,2021
9,Jerick McKinnonKC,RB,3,14,17,165,11.8,1,23,3,55.0,0,0,196,11,2021
10,Deebo SamuelSF,WR,3,10,14,154,15.4,1,44,1,51.3,0,0,154,7,2021
11,C.J. UzomahCIN,TE,4,15,18,146,9.7,1,32,2,36.5,0,0,80,7,2021
12,A.J. BrownTEN,WR,1,5,9,142,28.4,1,41,4,142.0,0,0,15,4,2021
13,Brandon AiyukSF,WR,3,9,15,135,15.0,0,37,2,45.0,0,0,38,7,2021
14,Aaron JonesGB,RB,1,9,10,129,14.3,0,75,1,129.0,0,0,106,2,2021
15,Mecole HardmanKC,WR,3,8,9,121,15.1,1,44,3,40.3,0,0,79,5,2021
16,Rob GronkowskiTB,TE,2,9,17,116,12.9,1,42,2,58.0,0,0,69,5,2021
17,Tyler BoydCIN,WR,4,15,20,110,7.3,1,16,0,27.5,0,0,43,7,2021
18,George KittleSF,TE,3,7,14,108,15.4,1,24,1,36.0,0,0,39,7,2021
19,Joe MixonCIN,RB,4,18,21,107,5.9,0,21,2,26.8,0,0,128,4,2021
20,Van JeffersonLAR,WR,4,9,17,102,11.3,0,41,1,25.5,0,0,52,4,2021
21,Dawson KnoxBUF,TE,2,7,9,98,14.0,2,38,2,49.0,0,0,19,4,2021
22,Dallas GoedertPHI,TE,1,6,12,92,15.3,0,28,1,92.0,0,0,34,5,2021
23,Davante AdamsGB,WR,1,9,11,90,10.0,0,25,1,90.0,0,0,21,5,2021
24,Dalton SchultzDAL,TE,1,7,8,89,12.7,0,38,1,89.0,0,0,31,4,2021
25,Byron PringleKC,WR,3,12,17,82,6.8,3,15,0,27.3,0,0,30,7,2021
26,Cole BeasleyBUF,WR,2,7,9,79,11.3,0,24,1,39.5,0,0,38,3,2021
27,Kendrick BourneNE,WR,1,7,8,77,11.0,2,43,1,77.0,0,0,22,5,2021
28,Darren WallerLV,TE,1,7,12,76,10.9,0,23,1,76.0,0,0,16,5,2021
28,Demarcus RobinsonKC,WR,3,4,9,76,19.0,0,29,2,25.3,0,0,28,3,2021
28,Cam AkersLAR,RB,4,8,10,76,9.5,0,40,1,19.0,0,0,60,4,2021
31,Kendall BlantonLAR,TE,4,7,7,75,10.7,1,20,1,18.8,0,0,56,5,2021
32,Stefon DiggsBUF,WR,2,6,10,67,11.2,0,45,1,33.5,0,0,16,2,2021
33,Amari CooperDAL,WR,1,6,10,64,10.7,1,20,1,64.0,0,0,3,3,2021
34,Julio JonesTEN,WR,1,6,7,62,10.3,0,16,0,62.0,0,0,24,4,2021
34,Cedrick Wilson Jr.DAL,WR,1,5,10,62,12.4,0,24,1,62.0,1,0,21,1,2021
36,Zay JonesLV,WR,1,5,8,61,12.2,1,17,0,61.0,0,0,2,4,2021
37,DeVonta SmithPHI,WR,1,4,11,60,15.0,0,31,1,60.0,0,0,50,2,2021
38,Hunter RenfrowLV,WR,1,8,11,58,7.3,0,16,0,58.0,0,0,35,1,2021
39,Elijah MitchellSF,RB,3,7,9,57,8.1,0,21,1,19.0,0,0,57,4,2021
40,Leonard FournetteTB,RB,1,9,9,56,6.2,0,19,0,56.0,0,0,64,2,2021
41,Emmanuel SandersBUF,WR,2,3,4,52,17.3,1,34,1,26.0,0,0,0,2,2021
42,Christian KirkARI,WR,1,6,11,51,8.5,0,23,1,51.0,0,0,10,1,2021
43,Kenneth GainwellPHI,RB,1,5,5,49,9.8,1,20,1,49.0,0,0,56,2,2021
44,Isaiah McKenzieBUF,WR,2,4,4,48,12.0,0,19,0,24.0,0,0,37,2,2021
45,Samaje PerineCIN,RB,4,4,7,47,11.8,1,41,1,11.8,0,0,59,1,2021
45,Brycen HopkinsLAR,TE,3,4,4,47,11.8,0,16,0,15.7,0,0,22,3,2021
47,Scotty MillerTB,WR,2,5,7,46,9.2,0,19,0,23.0,0,0,4,2,2021
48,Tyler JohnsonTB,WR,2,5,9,45,9.0,0,17,0,22.5,0,0,29,3,2021
49,Josh JacobsLV,RB,1,4,5,44,11.0,0,15,0,44.0,0,0,42,2,2021
50,Jauan JenningsSF,WR,3,6,9,43,7.2,0,13,0,14.3,0,0,15,4,2021
1,DK MetcalfSEA,WR,1,10,13,136,13.6,2,50,2,136.0,0,0,45,7,2022
2,Deebo SamuelSF,WR,1,6,9,133,22.2,1,74,2,133.0,0,0,111,4,2022
3,T.J. HockensonMIN,TE,1,10,11,129,12.9,0,28,2,129.0,0,0,65,6,2022
4,Stefon DiggsBUF,WR,1,7,9,114,16.3,0,52,2,114.0,0,0,18,4,2022
5,Gabe DavisBUF,WR,1,6,9,113,18.8,1,33,2,113.0,0,0,7,5,2022
6,Gerald EverettLAC,TE,1,6,8,109,18.2,1,25,4,109.0,0,0,75,5,2022
7,Isaiah HodginsNYG,WR,1,8,9,105,13.1,1,32,1,105.0,0,0,35,4,2022
8,Dalton SchultzDAL,TE,1,7,8,95,13.6,2,26,3,95.0,0,0,11,5,2022
9,Evan EngramJAX,TE,1,7,11,93,13.3,1,24,2,93.0,0,0,55,6,2022
10,Darius SlaytonNYG,WR,1,4,8,88,22.0,0,47,2,88.0,0,0,45,4,2022
11,Chris GodwinTB,WR,1,10,13,85,8.5,0,16,0,85.0,0,0,53,5,2022
12,Ja'Marr ChaseCIN,WR,1,9,12,84,9.3,1,19,0,84.0,0,0,25,5,2022
13,Christian KirkJAX,WR,1,8,14,78,9.8,1,17,0,78.0,0,0,26,6,2022
14,Julio JonesTB,WR,1,7,11,74,10.6,1,30,1,74.0,0,0,17,3,2022
14,Mike EvansTB,WR,1,6,11,74,12.3,0,20,1,74.0,0,0,17,4,2022
14,Zay JonesJAX,WR,1,8,13,74,9.3,1,39,1,74.0,0,0,-2,2,2022
17,Mark AndrewsBAL,TE,1,5,10,73,14.6,0,29,2,73.0,0,0,24,3,2022
17,Brandon AiyukSF,WR,1,3,5,73,24.3,0,31,2,73.0,0,0,17,3,2022
19,Tyreek HillMIA,WR,1,7,15,69,9.9,0,19,0,69.0,0,0,35,4,2022
20,CeeDee LambDAL,WR,1,4,6,68,17.0,1,26,2,68.0,0,0,17,3,2022
21,Keenan AllenLAC,WR,1,6,13,61,10.2,0,23,1,61.0,0,0,34,4,2022
22,Cade OttonTB,TE,1,4,7,58,14.5,0,17,0,58.0,0,0,42,4,2022
23,Saquon BarkleyNYG,RB,1,5,6,56,11.2,0,24,1,56.0,0,0,68,4,2022
24,Khalil ShakirBUF,WR,1,3,5,51,17.0,0,31,1,51.0,0,0,1,2,2022
25,Adam ThielenMIN,WR,1,3,4,50,16.7,0,25,1,50.0,0,0,5,3,2022
26,Demarcus RobinsonBAL,WR,1,2,3,49,24.5,1,41,1,49.0,0,0,15,1,2022
27,Justin JeffersonMIN,WR,1,7,9,47,6.7,0,10,0,47.0,0,0,7,3,2022
28,Michael GallupDAL,WR,1,5,6,46,9.2,1,15,0,46.0,0,0,9,4,2022
29,Hayden HurstCIN,TE,1,4,6,45,11.3,0,18,0,45.0,1,1,20,2,2022
29,Salvon AhmedMIA,RB,1,3,5,45,15.0,0,20,1,45.0,0,0,32,2,2022
31,Jaylen WaddleMIA,WR,1,3,7,44,14.7,0,25,1,44.0,0,0,6,1,2022
32,J.K. DobbinsBAL,RB,1,4,5,43,10.8,1,27,1,43.0,0,0,39,3,2022
33,Jauan JenningsSF,WR,1,2,5,41,20.5,0,33,1,41.0,0,0,7,2,2022
34,Tyler LockettSEA,WR,1,6,8,39,6.5,0,10,0,39.0,0,0,6,3,2022
34,Cade JohnsonSEA,WR,1,3,3,39,13.0,0,24,1,39.0,0,0,6,2,2022
36,George KittleSF,TE,1,2,2,37,18.5,0,23,1,37.0,0,0,12,2,2022
36,Tee HigginsCIN,WR,1,4,6,37,9.3,0,12,0,37.0,0,0,15,2,2022
38,Rachaad WhiteTB,RB,1,4,6,36,9.0,0,11,0,36.0,0,0,37,2,2022
39,Cole BeasleyBUF,WR,1,2,5,35,17.5,1,29,1,35.0,0,0,28,2,2022
40,Jake FergusonDAL,TE,1,1,1,34,34.0,0,34,1,34.0,0,0,32,1,2022
41,Richie JamesNYG,WR,1,4,6,31,7.8,0,13,0,31.0,0,0,20,1,2022
41,Joshua PalmerLAC,WR,1,2,6,31,15.5,0,18,0,31.0,0,0,9,2,2022
43,Marvin Jones Jr.JAX,WR,1,3,6,29,9.7,1,12,0,29.0,0,0,10,3,2022
44,Tyler BoydCIN,WR,1,3,3,26,8.7,0,11,0,26.0,0,0,8,2,2022
44,Josh OliverBAL,TE,1,2,2,26,13.0,0,19,0,26.0,0,0,16,2,2022
46,Elijah MitchellSF,RB,1,2,3,25,12.5,1,18,0,25.0,0,0,22,2,2022
47,T.Y. HiltonDAL,WR,1,2,4,23,11.5,0,14,0,23.0,0,0,12,1,2022
47,Donald Parham Jr.LAC,TE,1,4,5,23,5.8,0,12,0,23.0,0,0,2,1,2022
49,Durham SmytheMIA,TE,1,1,1,20,20.0,0,20,1,20.0,0,0,8,1,2022
49,K.J. OsbornMIN,WR,1,2,3,20,10.0,1,11,0,20.0,0,0,4,1,2022
