RK,Name,POS,GP,ATT,YDS,AVG,LNG,BIG,TD,YDS/G,FUM,LST,FD,Year
1,James StarksGB,RB,4,81,315,3.9,27,1,1,78.8,0,0,16,2010
2,Rashard MendenhallPIT,RB,3,61,230,3.8,35,1,4,76.7,2,2,12,2010
3,Shonn GreeneNYJ,RB,3,45,198,4.4,23,2,1,66.0,0,0,9,2010
4,Matt ForteCHI,RB,2,42,150,3.6,14,0,0,75.0,0,0,5,2010
5,LaDainian TomlinsonNYJ,RB,3,35,141,4.0,23,1,2,47.0,1,0,7,2010
6,Marshawn LynchSEA,RB,2,23,133,5.8,67,1,1,66.5,0,0,3,2010
7,Ray RiceBAL,RB,2,29,89,3.1,14,0,1,44.5,0,0,3,2010
8,Jamaal CharlesKC,RB,1,9,82,9.1,41,1,1,82.0,1,1,4,2010
9,Ben RoethlisbergerPIT,QB,3,21,63,3.0,18,0,1,21.0,2,0,6,2010
10,Joseph AddaiIND,RB,1,13,60,4.6,14,0,0,60.0,0,0,2,2010
11,Julius JonesNO,RB,1,15,59,3.9,15,0,2,59.0,1,1,5,2010
12,Aaron RodgersGB,QB,4,14,54,3.9,25,1,2,13.5,1,0,6,2010
13,Jay CutlerCHI,QB,2,10,53,5.3,21,1,2,26.5,0,0,5,2010
14,Isaac RedmanPIT,RB,3,7,50,7.1,16,0,0,16.7,0,0,4,2010
15,Willis McGaheeBAL,RB,2,14,48,3.4,25,1,1,24.0,0,0,1,2010
16,Chester TaylorCHI,RB,2,14,46,3.3,11,0,2,23.0,0,0,6,2010
16,Danny WoodheadNE,RB,1,14,46,3.3,8,0,0,46.0,1,0,1,2010
16,LeSean McCoyPHI,RB,1,12,46,3.8,9,0,0,46.0,0,0,1,2010
19,BenJarvus Green-EllisNE,RB,1,9,43,4.8,10,0,0,43.0,0,0,2,2010
20,Michael TurnerATL,RB,1,10,39,3.9,12,0,1,39.0,0,0,1,2010
21,Dominic RhodesIND,RB,1,14,33,2.4,9,0,0,33.0,0,0,3,2010
22,Mike VickPHI,QB,1,8,32,4.0,14,0,1,32.0,0,0,4,2010
23,Justin ForsettSEA,RB,2,8,29,3.6,8,0,0,14.5,0,0,1,2010
24,Brandon JacksonGB,RB,4,6,28,4.7,13,0,0,7.0,0,0,2,2010
25,Joe FlaccoBAL,QB,2,9,25,2.8,13,0,0,12.5,2,1,1,2010
26,Mewelde MoorePIT,RB,3,6,22,3.7,7,0,0,7.3,0,0,3,2010
27,Thomas JonesKC,RB,1,5,15,3.0,10,0,0,15.0,0,0,2,2010
28,Jalen ParmeleBAL,RB,2,4,13,3.3,6,0,0,6.5,0,0,1,2010
28,Golden TateSEA,WR,2,1,13,13.0,13,0,0,6.5,0,0,1,2010
30,Reggie BushNO,RB,1,5,12,2.4,4,0,0,12.0,0,0,1,2010
31,Brad SmithNYJ,WR,2,2,11,5.5,8,0,0,5.5,0,0,0,2010
31,Mark SanchezNYJ,QB,3,5,11,2.2,6,0,0,3.7,1,0,1,2010
31,Brandon TateNE,WR,1,1,11,11.0,11,0,0,11.0,0,0,1,2010
31,Julian EdelmanNE,WR,1,1,11,11.0,11,0,0,11.0,0,0,1,2010
35,Leon WashingtonSEA,RB,2,1,9,9.0,9,0,0,4.5,0,0,0,2010
36,John KuhnGB,FB,4,6,8,1.3,4,0,1,2.0,1,0,2,2010
37,Earl BennettCHI,WR,2,2,7,3.5,9,0,0,3.5,0,0,0,2010
38,Drew BreesNO,QB,1,2,6,3.0,6,0,0,6.0,1,0,1,2010
38,Matt CasselKC,QB,1,3,6,2.0,5,0,0,6.0,0,0,0,2010
40,Dexter McClusterKC,RB,1,2,5,2.5,3,0,0,5.0,0,0,0,2010
41,Gartrell JohnsonATL,RB,1,1,4,4.0,4,0,0,4.0,0,0,0,2010
42,Jerome HarrisonPHI,RB,1,1,3,3.0,3,0,0,3.0,0,0,1,2010
42,Caleb HanieCHI,QB,1,1,3,3.0,3,0,0,3.0,0,0,0,2010
44,Tom BradyNE,QB,1,2,2,1.0,3,0,0,2.0,0,0,1,2010
44,Joe McKnightNYJ,RB,2,1,2,2.0,2,0,0,1.0,0,0,0,2010
46,Donte' StallworthBAL,WR,2,1,1,1.0,1,0,0,0.5,0,0,0,2010
46,Ovie MughelliATL,FB,1,1,1,1.0,1,0,0,1.0,0,0,1,2010
46,Michael RobinsonSEA,FB,2,1,1,1.0,1,0,0,0.5,0,0,0,2010
46,Le'Ron McClainBAL,FB,2,1,1,1.0,1,0,0,0.5,0,0,0,2010
46,Jason SnellingATL,FB,1,1,1,1.0,1,0,0,1.0,0,0,0,2010
1,Arian FosterHOU,RB,2,51,285,5.6,42,3,3,142.5,1,0,12,2011
2,Ahmad BradshawNYG,RB,4,63,272,4.3,30,4,1,68.0,1,0,11,2011
3,Brandon JacobsNYG,RB,4,37,164,4.4,34,1,1,41.0,0,0,9,2011
4,Frank GoreSF,RB,2,29,163,5.6,42,1,0,81.5,1,0,7,2011
5,BenJarvus Green-EllisNE,RB,3,38,140,3.7,17,0,1,46.7,0,0,9,2011
6,Willis McGaheeDEN,RB,2,36,137,3.8,19,0,1,68.5,2,1,7,2011
7,Ray RiceBAL,RB,2,42,127,3.0,12,0,0,63.5,1,0,3,2011
8,Isaac RedmanPIT,RB,1,17,121,7.1,32,2,0,121.0,0,0,7,2011
9,Pierre ThomasNO,RB,2,9,72,8.0,31,1,1,36.0,0,0,3,2011
10,Alex SmithSF,QB,2,7,70,10.0,28,1,1,35.0,0,0,2,2011
10,Aaron HernandezNE,TE,3,8,70,8.8,43,1,0,23.3,0,0,3,2011
10,Chris IvoryNO,RB,2,22,70,3.2,19,0,0,35.0,0,0,5,2011
13,Aaron RodgersGB,QB,1,7,66,9.4,16,0,0,66.0,0,0,6,2011
14,Tim TebowDEN,TE,2,15,63,4.2,14,0,1,31.5,0,0,5,2011
15,Danny WoodheadNE,RB,3,17,61,3.6,11,0,0,20.3,0,0,3,2011
16,Lance BallDEN,RB,2,17,55,3.2,13,0,0,27.5,0,0,1,2011
17,Darren SprolesNO,RB,2,13,54,4.2,17,0,2,27.0,0,0,5,2011
17,Kendall HunterSF,RB,2,10,54,5.4,18,0,0,27.0,1,0,3,2011
19,Ricky WilliamsBAL,RB,2,12,49,4.1,9,0,0,24.5,0,0,3,2011
20,James StarksGB,RB,1,6,43,7.2,29,1,0,43.0,0,0,1,2011
21,Michael TurnerATL,RB,1,15,41,2.7,10,0,0,41.0,0,0,3,2011
22,Ben TateHOU,RB,2,9,37,4.1,9,0,0,18.5,0,0,2,2011
23,Brian LeonardCIN,RB,1,3,34,11.3,19,0,0,34.0,0,0,2,2011
24,Ryan GrantGB,RB,1,8,33,4.1,19,0,0,33.0,0,0,1,2011
25,Joe FlaccoBAL,QB,2,6,26,4.3,14,0,0,13.0,0,0,1,2011
26,Wes WelkerNE,WR,3,2,21,10.5,11,0,0,7.0,0,0,2,2011
26,Kevin SmithDET,RB,1,6,21,3.5,9,0,0,21.0,0,0,0,2011
26,Stevan RidleyNE,RB,1,4,21,5.3,11,0,0,21.0,0,0,1,2011
29,Eli ManningNYG,QB,4,8,20,2.5,14,0,0,5.0,0,0,1,2011
30,Antonio BrownPIT,WR,1,1,18,18.0,18,0,0,18.0,0,0,1,2011
31,Andy DaltonCIN,QB,1,3,17,5.7,15,0,0,17.0,1,0,2,2011
32,Ben RoethlisbergerPIT,QB,1,3,15,5.0,9,0,0,15.0,0,0,0,2011
33,Cedric BensonCIN,RB,1,7,14,2.0,7,0,1,14.0,0,0,1,2011
34,Julio JonesATL,WR,1,1,13,13.0,13,0,0,13.0,0,0,1,2011
35,Bernard ScottCIN,RB,1,6,11,1.8,4,0,0,11.0,0,0,3,2011
36,Tom BradyNE,QB,3,9,10,1.1,4,0,1,3.3,0,0,4,2011
36,D.J. WareNYG,RB,4,4,10,2.5,6,0,0,2.5,0,0,0,2011
36,Jeremiah JohnsonDEN,RB,2,4,10,2.5,6,0,0,5.0,0,0,0,2011
39,Eric DeckerDEN,WR,1,1,9,9.0,9,0,0,9.0,0,0,0,2011
40,Titus YoungDET,WR,1,1,8,8.0,8,0,0,8.0,0,0,0,2011
41,Jason SnellingATL,FB,1,2,7,3.5,6,0,0,7.0,0,0,0,2011
42,Drew BreesNO,QB,2,5,4,0.8,5,0,0,2.0,0,0,1,2011
42,Devery HendersonNO,WR,2,1,4,4.0,4,0,0,2.0,0,0,0,2011
44,Lousaka PoliteNE,FB,3,1,3,3.0,3,0,0,1.0,0,0,1,2011
44,Ted Ginn Jr.SF,WR,1,1,3,3.0,3,0,0,3.0,0,0,0,2011
44,Matt RyanATL,QB,1,3,3,1.0,3,0,0,3.0,0,0,0,2011
44,Boobie DixonSF,RB,2,3,3,1.0,3,0,0,1.5,0,0,0,2011
44,Brandon SaineGB,RB,1,1,3,3.0,3,0,0,3.0,0,0,0,2011
49,Nate BurlesonDET,WR,1,1,2,2.0,2,0,0,2.0,0,0,1,2011
49,John KuhnGB,FB,1,1,2,2.0,2,0,0,2.0,1,1,0,2011
1,Frank GoreSF,RB,3,63,319,5.1,33,3,4,106.3,0,0,15,2012
2,Ray RiceBAL,RB,4,84,306,3.6,32,2,2,76.5,2,2,12,2012
3,Colin KaepernickSF,QB,3,25,264,10.6,56,3,3,88.0,1,0,12,2012
4,Arian FosterHOU,RB,2,54,230,4.3,21,1,2,115.0,0,0,11,2012
5,Bernard PierceBAL,RB,4,39,202,5.2,43,1,0,50.5,0,0,10,2012
6,Marshawn LynchSEA,RB,2,36,178,4.9,27,2,2,89.0,2,2,9,2012
7,Stevan RidleyNE,RB,2,33,152,4.6,23,1,1,76.0,1,1,9,2012
8,Michael TurnerATL,RB,2,22,128,5.8,33,1,0,64.0,0,0,7,2012
9,Russell WilsonSEA,QB,2,15,127,8.5,28,1,1,63.5,1,0,8,2012
10,DuJuan HarrisGB,RB,2,28,100,3.6,18,0,2,50.0,0,0,4,2012
11,Adrian PetersonMIN,RB,1,22,99,4.5,18,0,0,99.0,0,0,7,2012
12,Jacquizz RodgersATL,RB,2,20,96,4.8,45,1,0,48.0,0,0,3,2012
13,Vick BallardIND,RB,1,22,91,4.1,24,1,0,91.0,0,0,2,2012
14,Ronnie HillmanDEN,RB,1,22,83,3.8,11,0,0,83.0,0,0,5,2012
15,Alfred MorrisWSH,RB,1,16,80,5.0,18,0,0,80.0,0,0,3,2012
16,Joe WebbMIN,QB,1,7,68,9.7,17,0,0,68.0,0,0,4,2012
17,LaMike JamesSF,RB,3,11,65,5.9,15,0,1,21.7,1,1,3,2012
18,BenJarvus Green-EllisCIN,RB,1,11,63,5.7,29,1,0,63.0,0,0,4,2012
19,Shane VereenNE,RB,2,11,57,5.2,22,1,1,28.5,0,0,4,2012
20,Aaron RodgersGB,QB,2,5,40,8.0,17,0,0,20.0,1,0,1,2012
20,Robert TurbinSEA,RB,2,12,40,3.3,7,0,0,20.0,0,0,2,2012
22,Andrew LuckIND,QB,1,4,35,8.8,18,0,0,35.0,0,0,3,2012
23,Knowshon MorenoDEN,RB,1,10,32,3.2,8,0,0,32.0,0,0,2,2012
24,Randall CobbGB,WR,2,4,29,7.3,19,0,0,14.5,0,0,1,2012
25,Robert Griffin IIIWSH,QB,1,5,21,4.2,9,0,0,21.0,1,1,2,2012
26,Joe FlaccoBAL,QB,4,8,16,2.0,14,0,0,4.0,1,1,1,2012
26,Keshawn MartinHOU,WR,2,1,16,16.0,16,0,0,8.0,0,0,1,2012
28,Vonta LeachBAL,FB,4,5,15,3.0,5,0,1,3.8,0,0,2,2012
28,Donnie AveryIND,WR,1,1,15,15.0,15,0,0,15.0,0,0,1,2012
28,Andy DaltonCIN,QB,1,4,15,3.8,12,0,0,15.0,0,0,1,2012
31,Jason SnellingATL,FB,2,2,12,6.0,12,0,0,6.0,0,0,1,2012
32,Mewelde MooreIND,RB,1,3,11,3.7,6,0,0,11.0,0,0,0,2012
32,Jacob HesterDEN,RB,1,8,11,1.4,2,0,0,11.0,0,0,2,2012
32,Danny WoodheadNE,RB,2,4,11,2.8,7,0,0,5.5,0,0,1,2012
35,Matt RyanATL,QB,2,3,9,3.0,6,0,0,4.5,1,1,0,2012
36,Justin TuckerBAL,PK,4,1,8,8.0,8,0,0,2.0,0,0,0,2012
37,Ryan GrantGB,RB,2,7,7,1.0,7,0,0,3.5,0,0,0,2012
38,Boobie DixonSF,RB,3,2,6,3.0,4,0,1,2.0,0,0,2,2012
38,Aaron HernandezNE,TE,2,1,6,6.0,6,0,0,3.0,0,0,0,2012
40,Tom BradyNE,QB,2,3,4,1.3,3,0,0,2.0,0,0,0,2012
40,John KuhnGB,FB,2,3,4,1.3,3,0,1,2.0,0,0,1,2012
40,Mike CoxATL,FB,2,1,4,4.0,4,0,0,2.0,0,0,0,2012
43,Darrel YoungWSH,FB,1,1,3,3.0,3,0,0,3.0,0,0,0,2012
44,Matt SchaubHOU,QB,2,5,2,0.4,2,0,0,1.0,0,0,1,2012
44,Michael RobinsonSEA,FB,2,2,2,1.0,3,0,0,1.0,0,0,1,2012
44,Brian LeonardCIN,RB,1,1,2,2.0,2,0,0,2.0,0,0,0,2012
47,Ben TateHOU,RB,1,2,1,0.5,1,0,0,1.0,0,0,0,2012
48,Torrey SmithBAL,WR,4,1,0,0.0,0,0,0,0.0,0,0,0,2012
48,Kirk CousinsWSH,QB,1,1,0,0.0,0,0,0,0.0,1,0,0,2012
50,Peyton ManningDEN,QB,1,1,-1,-1.0,-1,0,0,-1.0,0,0,0,2012
1,Marshawn LynchSEA,RB,3,65,288,4.4,40,2,4,96.0,0,0,14,2013
2,Colin KaepernickSF,QB,3,26,243,9.3,58,4,1,81.0,1,0,11,2013
3,LeGarrette BlountNE,RB,2,29,172,5.9,73,2,4,86.0,0,0,8,2013
4,Frank GoreSF,RB,3,48,164,3.4,39,1,1,54.7,0,0,6,2013
5,Knowshon MorenoDEN,RB,3,42,158,3.8,28,1,1,52.7,1,0,11,2013
6,Mark Ingram IINO,RB,2,28,146,5.2,18,0,1,73.0,1,1,10,2013
7,Donald BrownIND,RB,2,28,118,4.2,16,0,1,59.0,1,0,4,2013
8,Khiry RobinsonNO,RB,2,21,102,4.9,17,0,1,51.0,0,0,5,2013
9,Montee BallDEN,RB,3,28,96,3.4,9,0,0,32.0,0,0,9,2013
10,Danny WoodheadSD,RB,2,24,83,3.5,9,0,1,41.5,0,0,2,2013
11,Eddie LacyGB,RB,1,21,81,3.9,8,0,0,81.0,0,0,6,2013
12,Ryan MathewsSD,RB,2,18,78,4.3,16,0,0,39.0,0,0,3,2013
13,Ronnie BrownSD,RB,2,9,77,8.6,58,1,1,38.5,0,0,2,2013
13,LeSean McCoyPHI,RB,1,21,77,3.7,11,0,1,77.0,0,0,6,2013
15,Stevan RidleyNE,RB,2,19,69,3.6,10,0,2,34.5,0,0,3,2013
16,Knile DavisKC,RB,1,18,67,3.7,13,0,1,67.0,0,0,6,2013
17,Alex SmithKC,QB,1,8,57,7.1,16,0,0,57.0,0,0,4,2013
18,Percy HarvinSEA,WR,2,3,54,18.0,30,1,0,27.0,0,0,2,2013
18,Cam NewtonCAR,QB,1,10,54,5.4,11,0,0,54.0,0,0,4,2013
20,Shane VereenNE,RB,2,9,51,5.7,11,0,0,25.5,0,0,4,2013
21,Andrew LuckIND,QB,2,8,50,6.3,21,1,0,25.0,0,0,3,2013
22,Kendall HunterSF,RB,3,14,47,3.4,17,0,0,15.7,0,0,3,2013
23,Giovani BernardCIN,RB,1,12,45,3.8,12,0,0,45.0,0,0,2,2013
24,BenJarvus Green-EllisCIN,RB,1,8,42,5.3,12,0,0,42.0,0,0,4,2013
24,Russell WilsonSEA,QB,3,11,42,3.8,16,0,0,14.0,1,0,0,2013
26,Robert TurbinSEA,RB,3,14,40,2.9,6,0,0,13.3,0,0,1,2013
27,Darren SprolesNO,RB,2,7,31,4.4,13,0,0,15.5,0,0,2,2013
28,James StarksGB,RB,1,5,29,5.8,10,0,0,29.0,0,0,2,2013
29,Andy DaltonCIN,QB,1,5,26,5.2,12,0,0,26.0,2,1,0,2013
30,Mike TolbertCAR,FB,1,8,20,2.5,5,0,0,20.0,0,0,2,2013
31,Jamaal CharlesKC,RB,1,3,18,6.0,7,0,0,18.0,0,0,1,2013
32,Philip RiversSD,QB,2,5,14,2.8,6,0,0,7.0,0,0,0,2013
33,Drew BreesNO,QB,2,5,13,2.6,5,0,0,6.5,0,0,3,2013
33,DeAngelo WilliamsCAR,RB,1,5,13,2.6,7,0,0,13.0,0,0,0,2013
35,Aaron RodgersGB,QB,1,2,11,5.5,9,0,0,11.0,0,0,1,2013
36,Eddie RoyalSD,WR,2,1,9,9.0,9,0,0,4.5,0,0,0,2013
36,C.J. AndersonDEN,RB,1,2,9,4.5,6,0,0,9.0,0,0,0,2013
38,Tom BradyNE,QB,2,3,6,2.0,5,0,1,3.0,0,0,2,2013
38,Brandon LaFellCAR,WR,1,1,6,6.0,6,0,0,6.0,0,0,1,2013
38,Virgil GreenDEN,TE,3,1,6,6.0,6,0,0,2.0,0,0,0,2013
41,Cyrus GrayKC,RB,1,2,5,2.5,3,0,0,5.0,0,0,0,2013
42,Dexter McClusterKC,RB,1,1,3,3.0,3,0,0,3.0,0,0,0,2013
42,Nick FolesPHI,QB,1,1,3,3.0,3,0,0,3.0,0,0,0,2013
44,John KuhnGB,FB,1,2,2,1.0,1,0,1,2.0,1,0,1,2013
45,Boobie DixonSF,RB,3,2,1,0.5,1,0,1,0.3,0,0,1,2013
45,Randall CobbGB,WR,1,1,1,1.0,1,0,0,1.0,0,0,0,2013
45,Trent RichardsonIND,RB,2,4,1,0.3,2,0,0,0.5,1,1,0,2013
45,Kenny StillsNO,WR,2,1,1,1.0,1,0,0,0.5,0,0,0,2013
49,Le'Ron McClainSD,FB,2,1,0,0.0,0,0,0,0.0,0,0,0,2013
49,James DevelinNE,FB,2,1,0,0.0,0,0,0,0.0,0,0,0,2013
1,Marshawn LynchSEA,RB,3,63,318,5.0,25,2,2,106.0,1,0,15,2014
2,DeMarco MurrayDAL,RB,2,44,198,4.5,30,2,2,99.0,1,1,12,2014
3,Jonathan StewartCAR,RB,2,37,193,5.2,35,1,1,96.5,0,0,8,2014
4,LeGarrette BlountNE,RB,3,47,189,4.0,22,1,3,63.0,0,0,12,2014
5,Eddie LacyGB,RB,2,40,174,4.3,29,1,0,87.0,0,0,8,2014
6,Daniel HerronIND,RB,3,45,170,3.8,27,1,2,56.7,1,0,10,2014
7,Justin ForsettBAL,RB,2,40,169,4.2,19,0,0,84.5,1,1,13,2014
8,Russell WilsonSEA,QB,3,17,86,5.1,17,0,1,28.7,2,0,6,2014
9,C.J. AndersonDEN,RB,1,18,80,4.4,22,1,0,80.0,0,0,5,2014
10,Cam NewtonCAR,QB,2,18,72,4.0,13,0,0,36.0,2,1,5,2014
11,Zurlon TiptonIND,RB,3,18,68,3.8,11,0,1,22.7,0,0,5,2014
12,James StarksGB,RB,2,10,60,6.0,32,1,0,30.0,0,0,2,2014
13,Andrew LuckIND,QB,3,8,57,7.1,20,1,0,19.0,0,0,3,2014
14,Robert TurbinSEA,RB,3,11,48,4.4,19,0,0,16.0,0,0,2,2014
15,Jeremy HillCIN,RB,1,13,47,3.6,18,0,1,47.0,0,0,3,2014
16,Joique BellDET,RB,1,12,43,3.6,11,0,0,43.0,0,0,2,2014
17,Reggie BushDET,RB,1,8,37,4.6,18,0,1,37.0,0,0,1,2014
18,Andy DaltonCIN,QB,1,4,34,8.5,16,0,0,34.0,0,0,2,2014
19,DeAngelo WilliamsCAR,RB,2,6,30,5.0,12,0,0,15.0,0,0,1,2014
20,Josh HarrisPIT,RB,1,9,25,2.8,8,0,0,25.0,0,0,2,2014
21,Rex BurkheadCIN,RB,1,1,23,23.0,23,1,0,23.0,0,0,1,2014
21,Kerwynn WilliamsARI,RB,1,10,23,2.3,9,0,0,23.0,0,0,1,2014
23,Shane VereenNE,RB,3,6,21,3.5,7,0,0,7.0,0,0,1,2014
24,Julian EdelmanNE,WR,3,2,19,9.5,12,0,0,6.3,1,0,1,2014
24,Ben TatePIT,RB,1,5,19,3.8,8,0,0,19.0,1,0,1,2014
26,Mike TolbertCAR,FB,2,4,17,4.3,7,0,0,8.5,0,0,2,2014
27,Ben RoethlisbergerPIT,QB,1,2,16,8.0,16,0,0,16.0,0,0,1,2014
28,Joseph RandleDAL,RB,2,2,15,7.5,13,0,0,7.5,0,0,1,2014
29,Tom BradyNE,QB,3,11,10,0.9,9,0,1,3.3,0,0,4,2014
30,Matthew StaffordDET,QB,1,1,9,9.0,9,0,0,9.0,0,0,1,2014
31,Aaron RodgersGB,QB,2,4,8,2.0,12,0,0,4.0,0,0,1,2014
31,Joe FlaccoBAL,QB,2,8,8,1.0,9,0,0,4.0,0,0,1,2014
31,Ronnie HillmanDEN,RB,1,2,8,4.0,10,0,0,8.0,0,0,1,2014
34,John KuhnGB,FB,2,3,7,2.3,4,0,0,3.5,0,0,1,2014
34,Bernard PierceBAL,RB,2,2,7,3.5,5,0,1,3.5,0,0,1,2014
34,Brandon BoldenNE,RB,3,3,7,2.3,4,0,0,2.3,0,0,1,2014
37,Giovani BernardCIN,RB,1,3,6,2.0,6,0,0,6.0,0,0,0,2014
37,Martavis BryantPIT,WR,1,1,6,6.0,6,0,0,6.0,0,0,0,2014
39,Tony RomoDAL,QB,2,3,5,1.7,7,0,0,2.5,0,0,0,2014
39,Jerricho CotcheryCAR,WR,2,2,5,2.5,5,0,0,2.5,0,0,1,2014
39,Randall CobbGB,WR,2,2,5,2.5,3,0,0,2.5,0,0,0,2014
39,Fozzy WhittakerCAR,RB,2,2,5,2.5,4,0,0,2.5,0,0,1,2014
39,Fitzgerald ToussaintBAL,RB,2,2,5,2.5,3,0,0,2.5,0,0,0,2014
44,Ricardo LocketteSEA,WR,3,1,4,4.0,4,0,0,1.3,0,0,0,2014
44,Jonas GrayNE,RB,1,4,4,1.0,2,0,0,4.0,0,0,0,2014
46,Will JohnsonPIT,FB,1,1,3,3.0,3,0,0,3.0,0,0,1,2014
46,Stepfan TaylorARI,RB,1,3,3,1.0,2,0,0,3.0,0,0,0,2014
48,Jed CollinsDET,FB,1,1,1,1.0,1,0,0,1.0,0,0,0,2014
48,T.Y. HiltonIND,WR,3,1,1,1.0,1,0,0,0.3,0,0,0,2014
48,Marion GriceARI,RB,1,1,1,1.0,1,0,1,1.0,0,0,1,2014
1,C.J. AndersonDEN,RB,3,54,234,4.3,34,3,2,78.0,0,0,9,2015
2,Jonathan StewartCAR,RB,3,50,218,4.4,59,2,3,72.7,0,0,10,2015
3,Eddie LacyGB,RB,2,24,152,6.3,61,2,1,76.0,1,1,6,2015
4,Alfred BlueHOU,RB,1,17,99,5.8,49,1,0,99.0,0,0,3,2015
5,Fitzgerald ToussaintPIT,RB,2,29,97,3.3,15,0,1,48.5,1,1,5,2015
6,Cam NewtonCAR,QB,3,27,95,3.5,14,0,2,31.7,0,0,9,2015
6,David JohnsonARI,RB,2,30,95,3.2,23,1,1,47.5,0,0,7,2015
8,Charcandrick WestKC,RB,2,25,87,3.5,17,0,1,43.5,0,0,6,2015
9,Martavis BryantPIT,WR,2,3,84,28.0,44,2,0,42.0,0,0,2,2015
10,James StarksGB,RB,2,19,76,4.0,22,1,1,38.0,0,0,6,2015
11,Alex SmithKC,QB,2,14,71,5.1,15,0,0,35.5,0,0,6,2015
11,Jordan TodmanPIT,RB,2,16,71,4.4,25,1,0,35.5,1,0,3,2015
13,Christine MichaelSEA,RB,2,21,70,3.3,13,0,0,35.0,0,0,1,2015
14,Spencer WareKC,RB,2,16,67,4.2,23,1,1,33.5,0,0,4,2015
15,Ronnie HillmanDEN,RB,3,32,54,1.7,9,0,0,18.0,0,0,2,2015
16,Russell WilsonSEA,QB,2,8,53,6.6,14,0,0,26.5,0,0,2,2015
17,Alfred MorrisWSH,RB,1,11,50,4.5,19,0,0,50.0,0,0,3,2015
17,Jeremy HillCIN,RB,1,12,50,4.2,38,1,1,50.0,1,1,3,2015
19,Adrian PetersonMIN,RB,1,23,45,2.0,13,0,0,45.0,0,0,2,2015
20,Knile DavisKC,RB,2,10,42,4.2,11,0,0,21.0,0,0,2,2015
21,Mike TolbertCAR,FB,3,15,39,2.6,11,0,0,13.0,2,1,0,2015
22,Ted Ginn Jr.CAR,WR,3,2,33,16.5,22,1,1,11.0,0,0,2,2015
23,Giovani BernardCIN,RB,1,6,28,4.7,14,0,0,28.0,0,0,1,2015
24,Chris ThompsonWSH,RB,1,1,25,25.0,25,1,0,25.0,0,0,1,2015
25,Steven JacksonNE,RB,2,10,24,2.4,8,0,1,12.0,0,0,2,2015
25,Randall CobbGB,WR,2,5,24,4.8,9,0,0,12.0,0,0,1,2015
25,Fozzy WhittakerCAR,RB,2,6,24,4.0,15,0,0,12.0,0,0,2,2015
28,Aaron RodgersGB,QB,2,3,20,6.7,19,0,0,10.0,0,0,1,2015
28,Marshawn LynchSEA,RB,1,6,20,3.3,9,0,0,20.0,0,0,1,2015
30,Tom BradyNE,QB,2,9,19,2.1,11,0,1,9.5,0,0,3,2015
31,DeShawn SheadSEA,CB,2,1,17,17.0,17,0,0,8.5,0,0,1,2015
32,James WhiteNE,RB,2,6,16,2.7,8,0,0,8.0,0,0,0,2015
33,Jonathan GrimesHOU,RB,1,4,15,3.8,8,0,0,15.0,0,0,0,2015
34,Brandon BoldenNE,RB,2,5,12,2.4,4,0,0,6.0,0,0,0,2015
35,Fred JacksonSEA,RB,2,3,11,3.7,6,0,0,5.5,0,0,2,2015
35,Julian EdelmanNE,WR,2,1,11,11.0,11,0,0,5.5,0,0,1,2015
35,Albert WilsonKC,WR,2,2,11,5.5,9,0,0,5.5,0,0,0,2015
38,Peyton ManningDEN,QB,3,5,10,2.0,12,0,0,3.3,2,1,1,2015
39,AJ McCarronCIN,QB,1,5,9,1.8,6,0,0,9.0,1,0,1,2015
40,Pierre ThomasWSH,RB,1,4,7,1.8,7,0,0,7.0,0,0,0,2015
40,Jerick McKinnonMIN,RB,1,2,7,3.5,6,0,0,7.0,0,0,1,2015
40,Cameron Artis-PayneCAR,RB,1,3,7,2.3,3,0,0,7.0,1,0,0,2015
43,Stefon DiggsMIN,WR,1,1,6,6.0,6,0,0,6.0,0,0,0,2015
44,John KuhnGB,FB,2,3,4,1.3,2,0,0,2.0,0,0,2,2015
44,Jon RyanSEA,P,2,1,4,4.0,4,0,0,2.0,0,0,0,2015
44,Rex BurkheadCIN,RB,1,1,4,4.0,4,0,0,4.0,0,0,0,2015
47,Andre EllingtonARI,RB,2,4,3,0.8,5,0,0,1.5,0,0,0,2015
48,Kirk CousinsWSH,QB,1,2,2,1.0,3,0,1,2.0,0,0,1,2015
48,John BrownARI,WR,2,1,2,2.0,2,0,0,1.0,0,0,0,2015
48,Jay ProschHOU,FB,1,1,2,2.0,2,0,0,2.0,0,0,0,2015
1,Le'Veon BellPIT,RB,3,65,357,5.5,38,3,2,119.0,0,0,19,2016
2,Thomas RawlsSEA,RB,2,38,195,5.1,32,2,1,97.5,0,0,12,2016
3,Devonta FreemanATL,RB,3,39,162,4.2,37,1,2,54.0,0,0,8,2016
4,Lamar MillerHOU,RB,2,50,147,2.9,19,0,1,73.5,0,0,4,2016
5,Ezekiel ElliottDAL,RB,1,22,125,5.7,22,1,0,125.0,0,0,5,2016
6,Tevin ColemanATL,RB,3,29,115,4.0,15,0,1,38.3,0,0,7,2016
7,LeGarrette BlountNE,RB,3,35,109,3.1,18,0,1,36.3,1,1,8,2016
8,Ty MontgomeryGB,WR,3,25,91,3.6,15,0,2,30.3,0,0,5,2016
9,Dion LewisNE,RB,3,25,79,3.2,13,0,1,26.3,1,0,5,2016
10,Aaron RodgersGB,QB,3,8,62,7.8,28,1,0,20.7,0,0,4,2016
11,Christine MichaelGB,RB,3,16,58,3.6,10,0,0,19.3,0,0,4,2016
12,Russell WilsonSEA,QB,2,9,46,5.1,14,0,0,23.0,0,0,3,2016
13,Jonathan GrimesHOU,RB,2,6,41,6.8,12,0,0,20.5,0,0,3,2016
14,Latavius MurrayOAK,RB,1,12,39,3.3,18,0,1,39.0,0,0,2,2016
15,DeAngelo WilliamsPIT,RB,3,16,36,2.3,15,0,1,12.0,0,0,3,2016
15,Aaron RipkowskiGB,FB,3,9,36,4.0,20,1,1,12.0,1,1,2,2016
17,Spencer WareKC,RB,1,8,35,4.4,11,0,1,35.0,0,0,3,2016
18,Zach ZennerDET,RB,1,11,34,3.1,17,0,0,34.0,0,0,1,2016
19,Brock OsweilerHOU,QB,2,7,33,4.7,18,0,1,16.5,1,0,3,2016
19,Jay AjayiMIA,RB,1,16,33,2.1,8,0,0,33.0,0,0,0,2016
21,Paul PerkinsNYG,RB,1,10,30,3.0,14,0,0,30.0,0,0,1,2016
22,Rashad JenningsNYG,RB,1,5,29,5.8,11,0,0,29.0,0,0,1,2016
22,James WhiteNE,RB,3,7,29,4.1,10,0,2,9.7,0,0,4,2016
24,Alex CollinsSEA,RB,2,8,27,3.4,10,0,0,13.5,0,0,1,2016
25,Matt RyanATL,QB,3,6,20,3.3,14,0,1,6.7,1,0,1,2016
26,Tyreek HillKC,WR,1,3,18,6.0,8,0,0,18.0,0,0,1,2016
27,DeAndre WashingtonOAK,RB,1,4,16,4.0,14,0,0,16.0,0,0,1,2016
28,Danny AmendolaNE,WR,3,1,15,15.0,15,0,0,5.0,0,0,1,2016
28,Matthew StaffordDET,QB,1,3,15,5.0,11,0,0,15.0,0,0,1,2016
30,Julian EdelmanNE,WR,3,2,14,7.0,12,0,0,4.7,0,0,1,2016
30,Damien WilliamsMIA,RB,1,3,14,4.7,15,0,0,14.0,0,0,0,2016
30,Brett HundleyGB,QB,1,1,14,14.0,14,0,0,14.0,0,0,1,2016
33,Tom BradyNE,QB,3,9,13,1.4,15,0,0,4.3,0,0,2,2016
33,Dak PrescottDAL,QB,1,2,13,6.5,9,0,0,13.0,0,0,2,2016
35,Eli ManningNYG,QB,1,1,11,11.0,11,0,0,11.0,0,0,1,2016
35,Ben RoethlisbergerPIT,QB,3,8,11,1.4,8,0,0,3.7,0,0,0,2016
37,Alex SmithKC,QB,1,2,9,4.5,5,0,0,9.0,0,0,0,2016
38,Doug BaldwinSEA,WR,2,2,7,3.5,6,0,0,3.5,0,0,0,2016
38,Mohamed SanuATL,WR,3,1,7,7.0,7,0,0,2.3,0,0,0,2016
40,Jamize OlawaleOAK,FB,1,1,6,6.0,6,0,0,6.0,0,0,0,2016
40,Alfred BlueHOU,RB,2,3,6,2.0,4,0,0,3.0,0,0,0,2016
42,Michael ThomasMIA,S,1,1,3,3.0,3,0,0,3.0,0,0,1,2016
42,J.D. McKissicSEA,RB,2,1,3,3.0,3,0,0,1.5,0,0,0,2016
42,Jalen RichardOAK,RB,1,3,3,1.0,4,0,0,3.0,0,0,0,2016
45,Matt MooreMIA,QB,1,1,2,2.0,2,0,0,2.0,0,0,0,2016
46,Jay ProschHOU,FB,2,1,1,1.0,1,0,0,0.5,0,0,1,2016
47,Marcel ReeceSEA,FB,2,1,0,0.0,0,0,0,0.0,0,0,0,2016
47,Golden TateDET,WR,1,1,0,0.0,0,0,0,0.0,0,0,0,2016
47,Bobby Rainey Jr.NYG,RB,1,1,0,0.0,0,0,0,0.0,0,0,0,2016
47,Taylor GabrielATL,WR,3,1,0,0.0,0,0,0,0.0,1,0,0,2016
1,Leonard FournetteJAX,RB,3,70,242,3.5,18,0,4,80.7,0,0,15,2017
2,Jay AjayiPHI,RB,3,42,184,4.4,26,1,0,61.3,1,1,8,2017
2,Derrick HenryTEN,RB,2,35,184,5.3,35,2,1,92.0,1,0,6,2017
4,Dion LewisNE,RB,3,33,135,4.1,18,0,0,45.0,0,0,5,2017
5,LeGarrette BlountPHI,RB,3,29,130,4.5,36,2,3,43.3,0,0,8,2017
6,Blake BortlesJAX,QB,3,17,121,7.1,20,1,0,40.3,2,0,8,2017
7,Tevin ColemanATL,RB,2,24,119,5.0,23,1,0,59.5,0,0,8,2017
8,Todd Gurley IILAR,RB,1,14,101,7.2,33,2,0,101.0,0,0,5,2017
9,Marcus MariotaTEN,QB,2,12,83,6.9,17,0,0,41.5,0,0,6,2017
10,LeSean McCoyBUF,RB,1,19,75,3.9,25,1,0,75.0,0,0,3,2017
11,Jerick McKinnonMIN,RB,2,18,74,4.1,14,0,1,37.0,0,0,6,2017
12,Devonta FreemanATL,RB,2,28,73,2.6,22,1,1,36.5,0,0,3,2017
13,Latavius MurrayMIN,RB,2,25,68,2.7,14,0,1,34.0,0,0,4,2017
14,Le'Veon BellPIT,RB,1,16,67,4.2,21,2,1,67.0,0,0,3,2017
15,Alvin KamaraNO,RB,2,21,66,3.1,10,0,1,33.0,0,0,3,2017
16,James WhiteNE,RB,3,14,60,4.3,26,1,3,20.0,0,0,4,2017
17,Jonathan StewartCAR,RB,1,11,51,4.6,29,1,0,51.0,0,0,2,2017
18,Mark Ingram IINO,RB,2,19,47,2.5,9,0,0,23.5,0,0,2,2017
19,T.J. YeldonJAX,RB,2,10,45,4.5,12,0,1,22.5,0,0,1,2017
20,Kareem HuntKC,RB,1,11,42,3.8,16,0,1,42.0,0,0,2,2017
21,Cam NewtonCAR,QB,1,8,37,4.6,10,0,0,37.0,0,0,2,2017
22,Corey ClementPHI,RB,3,6,33,5.5,14,0,0,11.0,0,0,3,2017
23,Nelson AgholorPHI,WR,3,4,29,7.3,21,1,0,9.7,0,0,2,2017
24,Tyrod TaylorBUF,QB,1,7,27,3.9,9,0,0,27.0,0,0,2,2017
24,Brandon BoldenNE,RB,3,4,27,6.8,20,1,1,9.0,0,0,3,2017
26,Rex BurkheadNE,RB,2,4,23,5.8,9,0,0,11.5,0,0,1,2017
27,Ben RoethlisbergerPIT,QB,1,2,16,8.0,15,0,0,16.0,0,0,1,2017
27,Christian McCaffreyCAR,RB,1,6,16,2.7,7,0,0,16.0,0,0,0,2017
29,Mike TolbertBUF,FB,1,4,15,3.8,11,0,0,15.0,0,0,1,2017
30,Malcolm BrownLAR,RB,1,2,14,7.0,11,0,0,14.0,0,0,0,2017
30,Tyreek HillKC,WR,1,1,14,14.0,14,0,0,14.0,0,0,1,2017
32,Alex SmithKC,QB,1,4,13,3.3,11,0,0,13.0,0,0,0,2017
32,Julio JonesATL,WR,2,1,13,13.0,13,0,0,6.5,0,0,1,2017
34,Case KeenumMIN,QB,2,2,12,6.0,8,0,0,6.0,0,0,0,2017
35,Ted Ginn Jr.NO,WR,2,1,11,11.0,11,0,0,5.5,0,0,1,2017
36,Deonte ThompsonBUF,WR,1,1,9,9.0,9,0,0,9.0,0,0,1,2017
37,Tom BradyNE,QB,3,7,8,1.1,6,0,0,2.7,0,0,2,2017
38,C.J. HamMIN,FB,2,1,7,7.0,7,0,0,3.5,0,0,1,2017
39,Matt RyanATL,QB,2,6,5,0.8,4,0,0,2.5,0,0,1,2017
39,Marqise LeeJAX,WR,3,1,5,5.0,5,0,0,1.7,0,0,0,2017
39,Corey GrantJAX,RB,3,2,5,2.5,3,0,0,1.7,0,0,0,2017
42,Chris HoganNE,WR,3,1,4,4.0,4,0,0,1.3,0,0,0,2017
42,Jarius WrightMIN,WR,2,1,4,4.0,4,0,0,2.0,0,0,0,2017
42,Nathan PetermanBUF,QB,1,1,4,4.0,4,0,0,4.0,1,0,1,2017
45,Danny AmendolaNE,WR,3,1,3,3.0,3,0,0,1.0,0,0,0,2017
45,Fozzy WhittakerCAR,RB,1,1,3,3.0,3,0,0,3.0,0,0,1,2017
47,Chris IvoryJAX,RB,1,1,2,2.0,2,0,0,2.0,0,0,0,2017
48,Zach LineNO,FB,2,1,1,1.0,1,0,1,0.5,0,0,1,2017
48,Brandin CooksNE,WR,3,1,1,1.0,1,0,0,0.3,0,0,0,2017
50,Drew BreesNO,QB,2,3,0,0.0,2,0,0,0.0,0,0,1,2017
1,Sony MichelNE,RB,3,71,336,4.7,40,2,6,112.0,0,0,19,2018
2,Marlon MackIND,RB,2,33,194,5.9,29,4,1,97.0,0,0,10,2018
3,C.J. AndersonLAR,RB,3,46,189,4.1,15,0,2,63.0,1,0,14,2018
4,Ezekiel ElliottDAL,RB,2,46,184,4.0,44,1,2,92.0,0,0,10,2018
5,Todd Gurley IILAR,RB,3,30,160,5.3,35,1,2,53.3,0,0,5,2018
6,Damien WilliamsKC,RB,2,35,159,4.5,24,1,2,79.5,0,0,11,2018
7,Rex BurkheadNE,RB,3,23,96,4.2,26,1,3,32.0,0,0,7,2018
8,Alvin KamaraNO,RB,2,24,86,3.6,15,0,0,43.0,0,0,7,2018
9,Mark Ingram IINO,RB,2,18,84,4.7,36,1,0,42.0,0,0,4,2018
10,Deshaun WatsonHOU,QB,1,8,76,9.5,21,1,0,76.0,0,0,4,2018
11,Melvin Gordon IIILAC,RB,2,26,55,2.1,14,0,2,27.5,0,0,4,2018
12,Lamar JacksonBAL,QB,1,9,54,6.0,17,0,0,54.0,1,0,4,2018
13,Wendell SmallwoodPHI,RB,2,18,53,2.9,10,0,0,26.5,0,0,1,2018
14,Andrew LuckIND,QB,2,10,46,4.6,10,0,0,23.0,0,0,2,2018
15,Tyreek HillKC,WR,2,1,36,36.0,36,1,1,18.0,0,0,1,2018
16,Jordan HowardCHI,RB,1,10,35,3.5,12,0,0,35.0,0,0,2,2018
17,Dak PrescottDAL,QB,2,8,32,4.0,16,0,2,16.0,0,0,5,2018
18,Austin EkelerLAC,RB,2,11,29,2.6,7,0,0,14.5,0,0,0,2018
18,Rashaad PennySEA,RB,1,4,29,7.3,28,1,0,29.0,0,0,2,2018
20,James WhiteNE,RB,3,8,27,3.4,9,0,0,9.0,0,0,3,2018
21,Darren SprolesPHI,RB,2,16,25,1.6,10,0,0,12.5,0,0,1,2018
21,Josh ReynoldsLAR,WR,3,2,25,12.5,16,0,0,8.3,0,0,1,2018
23,Nyheim HinesIND,RB,2,3,24,8.0,14,0,0,12.0,0,0,1,2018
24,Gus EdwardsBAL,RB,1,8,23,2.9,5,0,0,23.0,0,0,0,2018
25,Jared GoffLAR,QB,3,9,22,2.4,11,0,0,7.3,2,0,3,2018
26,Taylor GabrielCHI,WR,1,2,20,10.0,21,1,0,20.0,0,0,1,2018
26,Chris CarsonSEA,RB,1,13,20,1.5,5,0,0,20.0,0,0,0,2018
28,Patrick MahomesKC,QB,2,5,19,3.8,9,0,1,9.5,1,0,2,2018
29,Lamar MillerHOU,RB,1,5,18,3.6,8,0,0,18.0,0,0,2,2018
30,Philip RiversLAC,QB,2,3,15,5.0,9,0,0,7.5,0,0,1,2018
30,Julian EdelmanNE,WR,3,2,15,7.5,8,0,0,5.0,0,0,0,2018
32,Russell WilsonSEA,QB,1,3,14,4.7,7,0,1,14.0,0,0,2,2018
32,Zach PascalIND,WR,2,1,14,14.0,14,0,0,7.0,0,0,1,2018
34,Kenneth DixonBAL,RB,1,6,13,2.2,4,0,0,13.0,1,1,0,2018
35,Nelson AgholorPHI,WR,2,1,12,12.0,12,0,0,6.0,0,0,1,2018
36,Robert WoodsLAR,WR,3,4,11,2.8,9,0,0,3.7,0,0,0,2018
37,Cordarrelle PattersonNE,RB,3,3,10,3.3,6,0,0,3.3,0,0,0,2018
37,Mike DavisSEA,RB,1,4,10,2.5,3,0,0,10.0,0,0,1,2018
39,Mitch TrubiskyCHI,QB,1,3,9,3.0,6,0,0,9.0,0,0,0,2018
39,Jordan WilkinsIND,RB,2,2,9,4.5,6,0,0,4.5,0,0,0,2018
39,Darrel WilliamsKC,RB,2,3,9,3.0,6,0,1,4.5,0,0,1,2018
39,Justin JacksonLAC,RB,2,3,9,3.0,4,0,0,4.5,0,0,0,2018
43,Alfred BlueHOU,RB,1,2,8,4.0,4,0,0,8.0,0,0,1,2018
43,Taysom HillNO,TE,2,3,8,2.7,4,0,0,4.0,1,0,1,2018
45,James DevelinNE,FB,3,2,5,2.5,3,0,0,1.7,0,0,2,2018
45,Brandin CooksLAR,WR,3,1,5,5.0,5,0,0,1.7,0,0,1,2018
45,Tre'Quan SmithNO,WR,2,1,5,5.0,5,0,0,2.5,0,0,0,2018
48,Zach LineNO,FB,2,1,4,4.0,4,0,0,2.0,0,0,1,2018
49,D'Onta ForemanHOU,RB,1,1,3,3.0,3,0,0,3.0,0,0,0,2018
50,Benny CunninghamCHI,RB,1,1,2,2.0,2,0,0,2.0,0,0,0,2018
1,Derrick HenryTEN,RB,3,83,446,5.4,66,4,2,148.7,0,0,21,2019
2,Raheem MostertSF,RB,3,53,336,6.3,36,3,5,112.0,0,0,17,2019
3,Damien WilliamsKC,RB,3,46,196,4.3,38,2,4,65.3,1,0,17,2019
4,Tevin ColemanSF,RB,3,33,154,4.7,17,0,2,51.3,0,0,9,2019
5,Lamar JacksonBAL,QB,1,20,143,7.2,30,3,0,143.0,0,0,9,2019
6,Patrick MahomesKC,QB,3,24,135,5.6,27,2,2,45.0,2,0,11,2019
7,Aaron JonesGB,RB,2,33,118,3.6,23,1,3,59.0,0,0,8,2019
8,Dalvin CookMIN,RB,2,37,112,3.0,22,1,2,56.0,0,0,7,2019
9,Russell WilsonSEA,QB,2,16,109,6.8,22,2,0,54.5,1,0,7,2019
10,Deebo SamuelSF,WR,3,6,102,17.0,32,2,0,34.0,0,0,5,2019
11,Carlos HydeHOU,RB,2,29,92,3.2,8,0,0,46.0,0,0,3,2019
11,Deshaun WatsonHOU,QB,2,20,92,4.6,20,1,2,46.0,1,0,3,2019
11,Josh AllenBUF,QB,1,9,92,10.2,42,1,0,92.0,1,0,6,2019
14,Miles SandersPHI,RB,1,14,69,4.9,18,0,0,69.0,0,0,3,2019
15,Sony MichelNE,RB,1,14,61,4.4,25,1,0,61.0,0,0,3,2019
16,Devin SingletaryBUF,RB,1,13,58,4.5,18,0,0,58.0,0,0,2,2019
17,Taysom HillNO,TE,1,4,50,12.5,28,1,0,50.0,0,0,4,2019
18,Duke JohnsonHOU,RB,2,4,49,12.3,19,0,0,24.5,0,0,3,2019
19,Ryan TannehillTEN,QB,3,13,35,2.7,9,0,1,11.7,1,0,5,2019
20,Marshawn LynchSEA,RB,2,18,33,1.8,8,0,3,16.5,0,0,3,2019
21,Tyler ErvinGB,RB,2,2,25,12.5,18,0,0,12.5,0,0,1,2019
21,Boston ScottPHI,RB,1,6,25,4.2,15,0,0,25.0,0,0,2,2019
21,Travis HomerSEA,RB,2,14,25,1.8,12,0,0,12.5,1,0,2,2019
24,Josh McCownPHI,QB,1,5,23,4.6,11,0,0,23.0,1,0,2,2019
24,Alexander MattisonMIN,RB,2,6,23,3.8,16,0,0,11.5,0,0,1,2019
26,Frank GoreBUF,RB,1,8,22,2.8,14,0,0,22.0,0,0,2,2019
26,Mark Ingram IIBAL,RB,1,6,22,3.7,7,0,0,22.0,0,0,0,2019
28,Latavius MurrayNO,RB,1,5,21,4.2,8,0,0,21.0,0,0,1,2019
28,Alvin KamaraNO,RB,1,7,21,3.0,5,0,1,21.0,0,0,1,2019
30,Gus EdwardsBAL,RB,1,3,20,6.7,19,0,0,20.0,0,0,1,2019
31,Matt BreidaSF,RB,3,9,19,2.1,6,0,0,6.3,1,1,0,2019
32,Aaron RodgersGB,QB,2,6,14,2.3,14,0,0,7.0,1,1,2,2019
32,Sammy WatkinsKC,WR,3,1,14,14.0,14,0,0,4.7,0,0,1,2019
32,James WhiteNE,RB,1,1,14,14.0,14,0,0,14.0,0,0,1,2019
35,Julian EdelmanNE,WR,1,2,12,6.0,7,0,1,12.0,0,0,2,2019
36,Tyreek HillKC,WR,3,2,11,5.5,7,0,0,3.7,0,0,0,2019
37,Ameer AbdullahMIN,RB,2,1,9,9.0,9,0,0,4.5,0,0,0,2019
37,Jamaal WilliamsGB,RB,2,4,9,2.3,4,0,0,4.5,0,0,0,2019
37,A.J. BrownTEN,WR,3,1,9,9.0,9,0,0,3.0,0,0,0,2019
40,Dion LewisTEN,RB,3,2,8,4.0,6,0,0,2.7,0,0,0,2019
40,Stefon DiggsMIN,WR,2,2,8,4.0,6,0,0,4.0,0,0,0,2019
42,N'Keal HarryNE,WR,1,1,7,7.0,7,0,0,7.0,0,0,0,2019
42,Darwin ThompsonKC,RB,3,2,7,3.5,7,0,0,2.3,0,0,1,2019
44,David MooreSEA,WR,2,1,6,6.0,6,0,0,3.0,0,0,0,2019
45,Drew BreesNO,QB,1,1,5,5.0,5,0,0,5.0,0,0,0,2019
45,Marcus MariotaTEN,QB,3,1,5,5.0,5,0,0,1.7,0,0,0,2019
45,Allen LazardGB,WR,2,1,5,5.0,5,0,0,2.5,0,0,0,2019
48,Rex BurkheadNE,RB,1,3,4,1.3,4,0,0,4.0,0,0,0,2019
49,Adam ThielenMIN,WR,2,1,3,3.0,3,0,0,1.5,0,0,0,2019
49,Greg WardPHI,WR,1,1,3,3.0,3,0,0,3.0,0,0,0,2019
1,Leonard FournetteTB,RB,4,64,300,4.7,27,2,3,75.0,0,0,14,2020
2,Cam AkersLAR,RB,2,46,221,4.8,20,1,2,110.5,0,0,13,2020
3,Alvin KamaraNO,RB,2,41,184,4.5,25,1,1,92.0,0,0,10,2020
4,Lamar JacksonBAL,QB,2,25,170,6.8,48,3,1,85.0,1,0,7,2020
5,Nick ChubbCLE,RB,2,31,145,4.7,23,2,0,72.5,0,0,7,2020
5,Josh AllenBUF,QB,3,25,145,5.8,18,0,1,48.3,0,0,7,2020
7,Ronald JonesTB,RB,3,35,139,4.0,13,0,0,46.3,0,0,8,2020
8,Darrel WilliamsKC,RB,3,28,135,4.8,16,0,1,45.0,0,0,9,2020
9,Aaron JonesGB,RB,2,20,126,6.3,60,1,1,63.0,0,0,6,2020
10,Jamaal WilliamsGB,RB,2,19,88,4.6,12,0,0,44.0,0,0,7,2020
11,J.K. DobbinsBAL,RB,2,19,85,4.5,13,0,1,42.5,0,0,7,2020
12,Gus EdwardsBAL,RB,2,18,80,4.4,12,0,0,40.0,1,0,8,2020
12,Kareem HuntCLE,RB,2,14,80,5.7,13,0,3,40.0,0,0,5,2020
14,Jonathan TaylorIND,RB,1,21,78,3.7,20,1,1,78.0,0,0,7,2020
15,Chris CarsonSEA,RB,1,16,77,4.8,14,0,0,77.0,0,0,3,2020
16,Nyheim HinesIND,RB,1,6,75,12.5,33,2,0,75.0,0,0,2,2020
17,Clyde Edwards-HelaireKC,RB,2,15,71,4.7,26,1,1,35.5,0,0,6,2020
18,Devin SingletaryBUF,RB,3,16,63,3.9,13,0,0,21.0,0,0,3,2020
19,Mecole HardmanKC,WR,3,2,54,27.0,50,1,0,18.0,0,0,1,2020
20,Patrick MahomesKC,QB,3,13,52,4.0,13,0,1,17.3,0,0,5,2020
21,Russell WilsonSEA,QB,1,4,50,12.5,23,1,0,50.0,0,0,2,2020
22,Taylor HeinickeWSH,QB,1,6,46,7.7,13,0,1,46.0,0,0,4,2020
23,AJ DillonGB,RB,2,9,44,4.9,9,0,0,22.0,1,0,1,2020
24,Derrick HenryTEN,RB,1,18,40,2.2,8,0,0,40.0,0,0,0,2020
25,James ConnerPIT,RB,1,11,37,3.4,9,0,1,37.0,0,0,2,2020
26,Tyler HuntleyBAL,QB,1,3,32,10.7,19,0,0,32.0,0,0,1,2020
27,David MontgomeryCHI,RB,1,12,31,2.6,6,0,0,31.0,0,0,2,2020
27,Antonio GibsonWSH,RB,1,14,31,2.2,11,0,0,31.0,0,0,2,2020
29,Malcolm BrownLAR,RB,2,9,30,3.3,6,0,0,15.0,0,0,1,2020
30,Antonio BrownTB,WR,3,1,22,22.0,22,1,0,7.3,0,0,1,2020
31,Ke'Shawn VaughnTB,RB,1,5,21,4.2,6,0,0,21.0,1,1,0,2020
31,Zack MossBUF,RB,1,7,21,3.0,8,0,0,21.0,0,0,0,2020
33,T.J. YeldonBUF,RB,2,5,19,3.8,7,0,0,9.5,0,0,1,2020
33,Marquise BrownBAL,WR,2,2,19,9.5,15,0,0,9.5,0,0,1,2020
35,Taysom HillNO,TE,1,4,15,3.8,10,0,0,15.0,0,0,2,2020
36,Ty MontgomeryNO,WR,1,4,14,3.5,5,0,0,14.0,0,0,1,2020
36,Baker MayfieldCLE,QB,2,8,14,1.8,6,0,0,7.0,0,0,4,2020
36,Tyreek HillKC,WR,3,4,14,3.5,5,0,0,4.7,0,0,1,2020
39,Benny Snell Jr.PIT,RB,1,2,13,6.5,11,0,0,13.0,0,0,2,2020
40,Chad HenneKC,QB,1,2,12,6.0,13,0,0,12.0,0,0,0,2020
41,Michael Pittman Jr.IND,WR,1,1,11,11.0,11,0,0,11.0,0,0,1,2020
42,Mitch TrubiskyCHI,QB,1,3,10,3.3,7,0,0,10.0,0,0,1,2020
42,Jared GoffLAR,QB,2,5,10,2.0,6,0,0,5.0,0,0,1,2020
44,Latavius MurrayNO,RB,1,4,9,2.3,4,0,0,9.0,0,0,0,2020
44,Isaiah McKenzieBUF,WR,3,2,9,4.5,5,0,0,3.0,0,0,2,2020
46,Ryan TannehillTEN,QB,1,2,6,3.0,4,0,0,6.0,0,0,1,2020
46,Le'Veon BellKC,RB,1,2,6,3.0,4,0,0,6.0,0,0,0,2020
46,Chris GodwinTB,WR,4,1,6,6.0,6,0,0,1.5,0,0,1,2020
49,Drew BreesNO,QB,2,5,5,1.0,2,0,0,2.5,1,0,3,2020
49,Carlos HydeSEA,RB,1,4,5,1.3,3,0,0,5.0,0,0,1,2020
1,Joe MixonCIN,RB,4,67,262,3.9,23,1,1,65.5,0,0,12,2021
2,Cam AkersLAR,RB,4,67,172,2.6,15,0,0,43.0,2,2,6,2021
3,Elijah MitchellSF,RB,3,55,169,3.1,16,0,1,56.3,0,0,8,2021
4,Jerick McKinnonKC,RB,3,34,150,4.4,15,0,0,50.0,1,0,6,2021
5,Deebo SamuelSF,WR,3,27,137,5.1,26,1,1,45.7,0,0,4,2021
6,Josh AllenBUF,QB,2,17,134,7.9,26,1,0,67.0,0,0,10,2021
7,Patrick MahomesKC,QB,3,13,117,9.0,34,2,1,39.0,0,0,5,2021
8,Devin SingletaryBUF,RB,2,26,107,4.1,16,0,3,53.5,0,0,11,2021
9,Clyde Edwards-HelaireKC,RB,2,13,96,7.4,22,2,0,48.0,0,0,4,2021
10,Josh JacobsLV,RB,1,13,83,6.4,35,1,0,83.0,0,0,3,2021
11,Sony MichelLAR,RB,4,26,80,3.1,35,1,0,20.0,0,0,3,2021
12,D'Onta ForemanTEN,RB,1,4,66,16.5,45,1,0,66.0,0,0,2,2021
13,Derrick HenryTEN,RB,1,20,62,3.1,9,0,1,62.0,0,0,5,2021
14,Mecole HardmanKC,WR,3,6,55,9.2,25,1,1,18.3,1,0,2,2021
15,Ke'Shawn VaughnTB,RB,2,17,53,3.1,17,0,1,26.5,0,0,5,2021
16,Leonard FournetteTB,RB,1,13,51,3.9,11,0,2,51.0,0,0,5,2021
17,Giovani BernardTB,RB,2,13,44,3.4,8,0,1,22.0,0,0,2,2021
17,Isaiah McKenzieBUF,WR,2,6,44,7.3,15,0,0,22.0,0,0,2,2021
19,Matthew StaffordLAR,QB,4,18,42,2.3,14,0,2,10.5,0,0,5,2021
20,Aaron JonesGB,RB,1,12,41,3.4,14,0,0,41.0,0,0,3,2021
21,Jalen HurtsPHI,QB,1,8,39,4.9,11,0,0,39.0,0,0,1,2021
22,Boston ScottPHI,RB,1,1,34,34.0,34,1,1,34.0,0,0,1,2021
23,Ja'Marr ChaseCIN,WR,4,6,32,5.3,15,0,0,8.0,0,0,3,2021
24,Ezekiel ElliottDAL,RB,1,12,31,2.6,9,0,0,31.0,0,0,4,2021
24,Joe BurrowCIN,QB,4,11,31,2.8,11,0,0,7.8,0,0,6,2021
26,Damien HarrisNE,RB,1,9,30,3.3,14,0,0,30.0,0,0,1,2021
27,Najee HarrisPIT,RB,1,12,29,2.4,8,0,0,29.0,0,0,0,2021
28,Chase EdmondsARI,RB,1,8,28,3.5,10,0,0,28.0,0,0,2,2021
29,Dak PrescottDAL,QB,1,4,27,6.8,17,0,1,27.0,0,0,2,2021
29,Rhamondre StevensonNE,RB,1,8,27,3.4,8,0,0,27.0,0,0,2,2021
31,AJ DillonGB,RB,1,7,25,3.6,6,0,1,25.0,0,0,2,2021
32,Derek CarrLV,QB,1,1,20,20.0,20,1,0,20.0,0,0,1,2021
33,James ConnerARI,RB,1,4,19,4.8,11,0,1,19.0,0,0,3,2021
34,Mac JonesNE,QB,1,2,18,9.0,16,0,0,18.0,0,0,1,2021
35,Miles SandersPHI,RB,1,7,16,2.3,14,0,0,16.0,0,0,1,2021
36,Van JeffersonLAR,WR,4,1,15,15.0,15,0,0,3.8,0,0,1,2021
36,Benny Snell Jr.PIT,RB,1,2,15,7.5,8,0,0,15.0,0,0,1,2021
38,Kyle JuszczykSF,FB,3,3,14,4.7,13,0,0,4.7,0,0,1,2021
38,Kendrick BourneNE,WR,1,1,14,14.0,14,0,0,14.0,0,0,1,2021
38,Tony PollardDAL,RB,1,4,14,3.5,8,0,0,14.0,0,0,0,2021
41,Kalen BallagePIT,RB,1,4,13,3.3,5,0,0,13.0,0,0,2,2021
41,Chris EvansCIN,RB,4,2,13,6.5,9,0,0,3.3,0,0,0,2021
43,Ryan TannehillTEN,QB,1,3,12,4.0,8,0,0,12.0,0,0,0,2021
44,Scotty MillerTB,WR,2,1,9,9.0,9,0,0,4.5,0,0,1,2021
45,Eno BenjaminARI,RB,1,4,8,2.0,5,0,0,8.0,0,0,0,2021
46,Darrell Henderson Jr.LAR,RB,1,4,7,1.8,5,0,0,7.0,0,0,0,2021
47,Kyler MurrayARI,QB,1,2,6,3.0,7,0,0,6.0,0,0,1,2021
47,Kenneth GainwellPHI,RB,1,1,6,6.0,6,0,0,6.0,0,0,0,2021
49,Jimmy GaroppoloSF,QB,3,2,5,2.5,4,0,0,1.7,0,0,0,2021
49,Cooper KuppLAR,WR,4,2,5,2.5,7,0,0,1.3,0,0,1,2021
1,Christian McCaffreySF,RB,1,15,119,7.9,68,1,0,119.0,0,0,4,2022
2,Travis Etienne Jr.JAX,RB,1,20,109,5.4,25,1,0,109.0,0,0,5,2022
3,Daniel JonesNYG,QB,1,17,78,4.6,15,0,0,78.0,0,0,7,2022
4,Tony PollardDAL,RB,1,15,77,5.1,18,0,0,77.0,0,0,3,2022
5,Kenneth Walker IIISEA,RB,1,15,63,4.2,9,0,1,63.0,0,0,4,2022
6,J.K. DobbinsBAL,RB,1,13,62,4.8,15,0,0,62.0,0,0,3,2022
7,Dalvin CookMIN,RB,1,15,60,4.0,11,0,0,60.0,0,0,2,2022
8,Tyler HuntleyBAL,QB,1,9,54,6.0,35,1,0,54.0,1,1,3,2022
9,Saquon BarkleyNYG,RB,1,9,53,5.9,28,1,2,53.0,0,0,3,2022
10,Devin SingletaryBUF,RB,1,10,48,4.8,13,0,0,48.0,0,0,4,2022
11,Rachaad WhiteTB,RB,1,7,41,5.9,12,0,0,41.0,0,0,3,2022
12,Gus EdwardsBAL,RB,1,12,39,3.3,9,0,0,39.0,0,0,4,2022
12,Joe MixonCIN,RB,1,11,39,3.5,11,0,0,39.0,0,0,2,2022
12,James CookBUF,RB,1,12,39,3.3,13,0,1,39.0,0,0,2,2022
15,Austin EkelerLAC,RB,1,13,35,2.7,13,0,2,35.0,0,0,3,2022
16,Deebo SamuelSF,WR,1,3,32,10.7,22,1,0,32.0,0,0,1,2022
17,Geno SmithSEA,QB,1,4,28,7.0,11,0,0,28.0,0,0,2,2022
18,Ezekiel ElliottDAL,RB,1,13,27,2.1,9,0,0,27.0,0,0,3,2022
19,Dak PrescottDAL,QB,1,7,24,3.4,11,0,1,24.0,0,0,2,2022
20,Jeff Wilson Jr.MIA,RB,1,10,23,2.3,6,0,1,23.0,0,0,1,2022
21,Joshua KelleyLAC,RB,1,7,20,2.9,5,0,0,20.0,0,0,0,2022
21,Josh AllenBUF,QB,1,4,20,5.0,12,0,0,20.0,1,0,2,2022
23,Brock PurdySF,QB,1,4,16,4.0,13,0,1,16.0,0,0,3,2022
24,DeeJay DallasSEA,RB,1,6,13,2.2,7,0,0,13.0,0,0,0,2022
25,Justin HerbertLAC,QB,1,3,12,4.0,13,0,0,12.0,1,0,1,2022
25,Jordan MasonSF,RB,1,2,12,6.0,8,0,0,12.0,0,0,1,2022
27,Leonard FournetteTB,RB,1,5,11,2.2,6,0,0,11.0,0,0,1,2022
28,Joe BurrowCIN,QB,1,5,9,1.8,4,0,1,9.0,0,0,2,2022
29,Matt BreidaNYG,RB,1,3,8,2.7,4,0,0,8.0,0,0,1,2022
29,Trevor LawrenceJAX,QB,1,1,8,8.0,8,0,0,8.0,0,0,0,2022
29,Jaylen WaddleMIA,WR,1,1,8,8.0,8,0,0,8.0,0,0,1,2022
32,Tyreek HillMIA,WR,1,2,5,2.5,8,0,0,5.0,0,0,1,2022
33,Samaje PerineCIN,RB,1,2,3,1.5,2,0,0,3.0,0,0,1,2022
33,Darius SlaytonNYG,WR,1,1,3,3.0,3,0,0,3.0,0,0,0,2022
33,Skylar ThompsonMIA,QB,1,2,3,1.5,2,0,0,3.0,0,0,0,2022
33,Salvon AhmedMIA,RB,1,5,3,0.6,6,0,0,3.0,0,0,0,2022
37,Elijah MitchellSF,RB,1,9,2,0.2,4,0,0,2.0,0,0,0,2022
38,Kirk CousinsMIN,QB,1,1,1,1.0,1,0,1,1.0,0,0,1,2022
39,Mark AndrewsBAL,TE,1,1,0,0.0,0,0,0,0.0,0,0,0,2022
