name,year,selling_price,km_driven,fuel,seller_type,transmission,owner
Maruti 800 AC,2007,60000,70000,Petrol,Individual,Manual,First Owner
Maruti Wagon R LXI Minor,2007,135000,50000,Petrol,Individual,Manual,First Owner
Maruti Alto LX BSIII,2007,140000,125000,Petrol,Individual,Manual,First Owner
Maruti 800 AC,2007,60000,70000,Petrol,Individual,Manual,First Owner
Maruti Wagon R LXI Minor,2007,135000,50000,Petrol,Individual,Manual,First Owner
Maruti Alto LX BSIII,2007,140000,125000,Petrol,Individual,Manual,First Owner
Hyundai Santro Xing GLS,2009,150000,79000,Petrol,Individual,Manual,Third Owner
Maruti Alto LXi,2006,100000,80000,Petrol,Individual,Manual,First Owner
Maruti Alto LXi,2012,160000,60000,Petrol,Individual,Manual,Second Owner
Tata Indica DLS,2005,70000,80000,Diesel,Individual,Manual,First Owner
Maruti Alto LXi,2009,151000,66764,Petrol,Dealer,Manual,Second Owner
Maruti Alto LXi,2009,140000,100000,Petrol,Individual,Manual,First Owner
Tata Indigo Classic Dicor,2007,100000,39000,Diesel,Individual,Manual,First Owner
Tata Indica Vista Quadrajet LS,2014,125000,166000,Diesel,Individual,Manual,Fourth & Above Owner
Maruti Swift 1.3 VXi,2006,130000,110000,Petrol,Individual,Manual,Third Owner
Hyundai Getz GLS,2005,80000,120000,Petrol,Individual,Manual,Third Owner
Hyundai Santro Xing XO,2007,80000,58000,Petrol,Dealer,Manual,Second Owner
Maruti SX4 Zxi BSIII,2008,175000,29173,Petrol,Dealer,Manual,First Owner
Maruti Wagon R LXI Minor,2010,100000,60000,Petrol,Individual,Manual,Fourth & Above Owner
Maruti SX4 Vxi BSIII,2007,120000,90000,Petrol,Individual,Manual,Second Owner
Chevrolet Beat Diesel,2013,165000,60000,Diesel,Individual,Manual,Second Owner
Maruti Zen LX,2004,95000,50000,Petrol,Individual,Manual,First Owner
Maruti Swift Vdi BSIII,2007,100000,110000,Diesel,Individual,Manual,Fourth & Above Owner
Tata Nano Lx BSIV,2012,100000,50000,Petrol,Individual,Manual,Second Owner
Tata Indica Vista Aqua 1.4 TDI,2010,125000,81000,Diesel,Individual,Manual,Second Owner
Maruti 800 Std,1998,40000,40000,Petrol,Individual,Manual,Fourth & Above Owner
Chevrolet Spark 1.0 LS,2012,130000,80000,Petrol,Individual,Manual,First Owner
Tata Indica Vista Aqua TDI BSIII,2011,120000,70000,Diesel,Individual,Manual,First Owner
Hyundai Santro LP zipPlus,2003,75000,57000,Petrol,Individual,Manual,First Owner
Maruti 800 AC BSIII,2005,100000,30000,Petrol,Individual,Manual,First Owner
Hyundai Santro LE,2002,65000,70000,Petrol,Individual,Manual,First Owner
Hyundai Santro Xing XL eRLX Euro III,2007,75000,114000,Petrol,Individual,Manual,Second Owner
Mahindra Quanto C8,2012,195000,140000,Diesel,Individual,Manual,Second Owner
Hyundai EON Magna Plus,2012,170000,60000,Petrol,Individual,Manual,First Owner
Chevrolet Spark 1.0 LS,2011,99000,100000,Petrol,Individual,Manual,Third Owner
Tata Indigo CR4,2011,150000,155500,Diesel,Individual,Manual,First Owner
Maruti Alto LXi,2012,175000,80000,Petrol,Individual,Manual,Third Owner
Chevrolet Beat LT,2011,120000,90000,Petrol,Individual,Manual,Second Owner
Hyundai Santro Xing XG,2006,70000,110000,Petrol,Individual,Manual,Third Owner
Maruti 800 AC,2007,95000,100000,Petrol,Individual,Manual,Second Owner
Maruti 800 Std BSII,2004,80000,60000,Petrol,Individual,Manual,Second Owner
Tata Nano LX SE,2013,72000,25000,Petrol,Individual,Manual,First Owner
Maruti Alto LX,2009,150000,60000,Petrol,Individual,Manual,Second Owner
Maruti Zen D,2003,75000,100000,Diesel,Individual,Manual,Second Owner
Honda City 1.5 EXI,2005,100000,120000,Petrol,Individual,Manual,Second Owner
Maruti SX4 Zxi with Leather BSIII,2007,175000,78380,Petrol,Individual,Manual,First Owner
Ford Figo Diesel Titanium,2010,170000,90000,Diesel,Individual,Manual,Third Owner
Ford Figo Diesel Titanium,2011,190000,90000,Diesel,Individual,Manual,Third Owner
Maruti Esteem Vxi - BSIII,2006,140000,70000,Petrol,Individual,Manual,Third Owner
Chevrolet Beat Diesel LT,2012,150000,60000,Diesel,Individual,Manual,First Owner
Maruti Alto LX,2006,52000,120000,Petrol,Individual,Manual,Third Owner
Maruti Omni LPG CARGO BSIII W IMMOBILISER,2009,80000,90000,LPG,Individual,Manual,Second Owner
Maruti Alto LX,2012,140000,70000,Petrol,Individual,Manual,Second Owner
Hyundai Verna i (Petrol),2008,120000,90000,Petrol,Individual,Manual,Second Owner
Mahindra Renault Logan 1.5 DLS,2008,89999,213000,Diesel,Individual,Manual,First Owner
Chevrolet Optra Magnum 2.0 LS BSIII,2012,180000,120000,Diesel,Individual,Manual,First Owner
Maruti Alto LXi BSIII,2008,125000,80000,Petrol,Individual,Manual,First Owner
Hyundai i10 Era,2011,175000,139000,Petrol,Individual,Manual,Second Owner
Tata Indica V2 2001-2011 DLS BSIII,2009,90000,120000,Diesel,Dealer,Manual,First Owner
Tata Indica Vista TDI LS,2011,120000,120000,Diesel,Individual,Manual,Second Owner
Skoda Fabia 1.2L Diesel Ambiente,2010,180000,87000,Diesel,Dealer,Manual,Second Owner
Maruti 800 Std,2013,170000,70000,Petrol,Individual,Manual,First Owner
Chevrolet Beat Diesel LT,2011,130000,80000,Diesel,Individual,Manual,Second Owner
Ford Fiesta Classic 1.4 SXI Duratorq,2006,110000,120000,Diesel,Individual,Manual,Third Owner
Tata Sumo GX TC 7 Str BSIII,2006,115999,100000,Diesel,Individual,Manual,Second Owner
Maruti 800 AC,2002,65000,100000,Petrol,Individual,Manual,Second Owner
Tata Sumo SE Plus BSIII,2002,100000,120000,Diesel,Individual,Manual,First Owner
Mahindra Xylo E4,2010,160000,130000,Diesel,Individual,Manual,First Owner
Hyundai i20 1.4 Magna ABS,2009,180000,60000,Diesel,Individual,Manual,Second Owner
Maruti Alto LXi,2007,100000,195000,Petrol,Individual,Manual,First Owner
Maruti Alto LXi,2010,120000,90000,Petrol,Individual,Manual,Second Owner
Hyundai Getz GL,2006,130000,80000,Petrol,Individual,Manual,Third Owner
Maruti Wagon R LX BS IV,2011,160000,155000,Petrol,Individual,Manual,First Owner
Maruti Wagon R LXI Minor,2010,100000,80000,Petrol,Individual,Manual,Second Owner
Maruti Alto 800 LXI,2013,110000,50000,Petrol,Individual,Manual,First Owner
Chevrolet Spark 1.0 LT,2012,125000,28000,Petrol,Individual,Manual,First Owner
Hyundai EON 1.0 Kappa Magna Plus,2015,160000,70000,Petrol,Individual,Manual,First Owner
Maruti Wagon R LXI,2005,80000,40000,Petrol,Individual,Manual,Second Owner
Chevrolet Beat Diesel LS,2011,106000,50000,Diesel,Individual,Manual,First Owner
Maruti A-Star Vxi,2009,180000,46730,Petrol,Individual,Manual,First Owner
Maruti Zen LXi BSII,2002,60000,80000,Petrol,Individual,Manual,Second Owner
Chevrolet Tavera Neo 3 10 Seats BSIV,2007,160000,120000,Diesel,Individual,Manual,Third Owner
Maruti Baleno Vxi,2006,80000,120000,Petrol,Individual,Manual,Third Owner
Tata Indica DLX,2003,50000,120000,Diesel,Individual,Manual,Second Owner
Tata Indica LSI,2002,125000,40000,Petrol,Individual,Manual,First Owner
Tata Nano STD,2013,55000,25000,Petrol,Individual,Manual,Fourth & Above Owner
Chevrolet Beat Diesel PS,2012,159000,68000,Diesel,Dealer,Manual,First Owner
Tata Indigo CS Emax CNG GLX,2014,185000,72000,CNG,Dealer,Manual,First Owner
Maruti Alto LX,2011,145000,25000,Petrol,Individual,Manual,First Owner
Maruti SX4 Vxi BSIII,2007,100000,90000,Petrol,Individual,Manual,Second Owner
Hyundai Santro Xing GLS CNG,2010,130000,98000,CNG,Individual,Manual,Second Owner
Ford Figo Diesel Celebration Edition,2013,150000,80000,Diesel,Individual,Manual,Second Owner
Chevrolet Spark 1.0,2009,125000,70000,Petrol,Individual,Manual,First Owner
Maruti 800 AC,2000,60000,40000,Petrol,Individual,Manual,Third Owner
Ford Fiesta 1.6 ZXi Duratec,2007,190000,60000,Petrol,Individual,Manual,Third Owner
Maruti Zen Estilo VXI BSIV,2010,175000,52047,Petrol,Individual,Manual,First Owner
Maruti Alto 800 LXI,2016,130000,40000,Petrol,Individual,Manual,First Owner
Maruti Wagon R LXI,2006,90000,62009,Petrol,Individual,Manual,Second Owner
Hyundai EON Era Plus,2014,190000,40000,Petrol,Individual,Manual,Second Owner
Hyundai Santro GLS I - Euro I,1999,50000,120000,Petrol,Individual,Manual,Second Owner
Maruti Wagon R LXI Minor,2007,95000,80000,Petrol,Individual,Manual,First Owner
Maruti Alto LX,2007,70000,180000,Petrol,Individual,Manual,Third Owner
Maruti 800 AC,2007,105000,60000,Petrol,Individual,Manual,Second Owner
Maruti Wagon R LXI,2004,80000,60000,Petrol,Individual,Manual,Third Owner
Chevrolet Spark 1.0 LS,2008,75000,35000,Petrol,Individual,Manual,Second Owner
Maruti Ritz VDi,2011,150000,40000,Diesel,Individual,Manual,Second Owner
Ford Figo Petrol Titanium,2011,120000,60000,Petrol,Individual,Manual,Third Owner
Maruti Wagon R VXI,2004,130000,46000,Petrol,Individual,Manual,First Owner
Mahindra Bolero SLX,2011,170000,70000,Diesel,Individual,Manual,Third Owner
Tata Nano Lx,2011,75000,15000,Petrol,Individual,Manual,First Owner
Tata Indica Vista Terra 1.4 TDI,2009,150000,164000,Diesel,Individual,Manual,Second Owner
Maruti Alto LX,2006,65000,124439,Petrol,Individual,Manual,Second Owner
Maruti Zen VXI,2006,120000,77000,Petrol,Individual,Manual,Second Owner
Chevrolet Beat LS,2012,180000,50000,Petrol,Individual,Manual,First Owner
Maruti 800 AC BSII,2001,43000,100000,Petrol,Individual,Manual,Second Owner
Hyundai Verna CRDi,2008,195000,90000,Diesel,Individual,Manual,Second Owner
Tata Indica Vista Quadrajet LX,2011,133000,80000,Diesel,Individual,Manual,First Owner
Hyundai i10 Era 1.1,2009,120000,120000,Petrol,Individual,Manual,Second Owner
Maruti Swift 1.3 VXi,2005,110000,80000,Petrol,Individual,Manual,First Owner
Maruti Alto LX,2009,140000,120000,Petrol,Individual,Manual,Second Owner
Ford Figo Diesel ZXI,2011,175000,149000,Diesel,Individual,Manual,Second Owner
Maruti Wagon R LXI BSIII,2005,90000,65000,Petrol,Individual,Manual,Second Owner
Chevrolet Beat LT,2010,130000,80000,Petrol,Individual,Manual,Second Owner
Hyundai EON LPG Magna Plus,2012,180000,90000,LPG,Individual,Manual,First Owner
Maruti Alto LX,2012,150000,90000,Petrol,Individual,Manual,First Owner
Ford Ikon 1.3L Rocam Flair,2006,180000,91086,Petrol,Dealer,Manual,Second Owner
Maruti Alto LX,2011,135000,50000,Petrol,Individual,Manual,First Owner
Maruti Wagon R LXI Minor,2007,140000,49000,Petrol,Dealer,Manual,First Owner
Hyundai Santro GS,2005,80000,56580,Petrol,Dealer,Manual,First Owner
Hyundai Santro GS,2005,80000,56580,Petrol,Dealer,Manual,First Owner
Hyundai Santro GS,2005,80000,56580,Petrol,Dealer,Manual,First Owner
Hyundai Santro GS,2005,80000,56580,Petrol,Dealer,Manual,First Owner
Maruti Alto 800 LXI,2014,114999,30000,Petrol,Individual,Manual,First Owner
Maruti Gypsy E MG410W ST,1995,95000,100000,Petrol,Individual,Manual,Second Owner
Mahindra Verito 1.5 D4 BSIV,2012,150000,172000,Diesel,Individual,Manual,Second Owner
Chevrolet Tavera LS B3 7 Seats BSII,2005,150000,150000,Diesel,Individual,Manual,First Owner
Chevrolet Optra Magnum 2.0 LS,2009,150000,66000,Diesel,Individual,Manual,First Owner
Maruti Swift 1.3 VXi,2006,80000,66508,Petrol,Individual,Manual,Second Owner
Tata Nano Lx BSIV,2012,75000,29900,Petrol,Individual,Manual,First Owner
Tata Indica Vista Quadrajet VX,2012,185000,85000,Diesel,Individual,Manual,First Owner
Tata Indica Vista Aqua 1.4 TDI,2010,100000,120000,Diesel,Individual,Manual,Second Owner
Maruti Zen Estilo LXI BSIII,2008,140000,90000,Petrol,Individual,Manual,Third Owner
Maruti Alto LXi,2009,110000,20000,Petrol,Individual,Manual,First Owner
Mahindra Renault Logan 1.4 GLX Petrol,2008,145000,25000,Petrol,Individual,Manual,First Owner
Tata Venture EX,2012,110000,80000,Diesel,Individual,Manual,First Owner
Ford Fiesta Classic 1.4 Duratorq CLXI,2011,150000,186000,Diesel,Individual,Manual,Second Owner
Chevrolet Aveo U-VA 1.2 LS,2010,140000,60000,Petrol,Individual,Manual,First Owner
Hyundai Santro Xing GL PLUS CNG,2007,90000,80000,CNG,Individual,Manual,Third Owner
Hyundai Santro GLS I - Euro I,2001,55000,60000,Petrol,Individual,Manual,Third Owner
Hyundai Verna CRDi,2007,155000,100000,Diesel,Individual,Manual,Fourth & Above Owner
Maruti Alto K10 2010-2014 VXI,2011,135000,90000,Petrol,Individual,Manual,First Owner
Maruti 800 AC,2012,180000,120000,Petrol,Individual,Manual,First Owner
Maruti Alto K10 LXI,2015,138000,120000,Petrol,Individual,Manual,Fourth & Above Owner
Maruti Alto 800 VXI,2015,190000,70000,Petrol,Individual,Manual,First Owner
Maruti Alto 800 VXI,2018,195000,5000,Petrol,Individual,Manual,First Owner
Tata Nano LX,2013,58000,27974,Petrol,Individual,Manual,First Owner
Maruti Alto 800 VXI,2018,183000,40000,Petrol,Individual,Manual,First Owner
Maruti Zen Estilo 1.1 VXI BSIII,2007,95000,80000,Petrol,Individual,Manual,First Owner
Skoda Octavia Classic 1.9 TDI MT,2004,120000,120000,Diesel,Individual,Manual,Second Owner
Chevrolet Beat LS,2011,160000,60000,Petrol,Individual,Manual,First Owner
Maruti Alto LX,2011,114999,60000,Petrol,Individual,Manual,Third Owner
Maruti Wagon R LXI Minor,2009,150000,53000,Petrol,Individual,Manual,First Owner
Hyundai Accent Executive,2012,180000,100000,Petrol,Individual,Manual,Third Owner
Tata Indigo LS,2007,55000,195000,Diesel,Individual,Manual,Third Owner
Maruti Alto LXi,2010,140000,30000,Petrol,Individual,Manual,First Owner
Maruti Alto LXi,2008,110000,90000,Petrol,Individual,Manual,Second Owner
Maruti Alto 800 LXI,2006,165000,132000,Petrol,Individual,Manual,First Owner
Maruti 800 Std,2003,98000,54000,Petrol,Individual,Manual,First Owner
Tata Indica GLS BS IV,2009,68000,120000,Petrol,Individual,Manual,Second Owner
Hyundai i10 Sportz 1.2,2008,150000,30000,Petrol,Individual,Manual,First Owner
Maruti Alto 800 LXI,2014,180000,56207,Petrol,Dealer,Manual,Second Owner
Maruti Zen LXI,2006,80000,70000,Petrol,Individual,Manual,First Owner
Fiat Grande Punto 1.3 Dynamic (Diesel),2012,185000,100000,Diesel,Individual,Manual,Second Owner
Maruti Wagon R LXI,2009,180000,30375,Petrol,Dealer,Manual,First Owner
Maruti Alto 800 VXI,2017,150000,50000,Petrol,Individual,Manual,First Owner
Chevrolet Spark 1.0,2008,120000,100000,Petrol,Individual,Manual,Third Owner
Fiat Palio D 1.9 EL PS,2003,55000,35000,Diesel,Individual,Manual,Second Owner
Hyundai EON Magna Plus,2013,125000,205000,Petrol,Individual,Manual,First Owner
Maruti Alto 800 CNG LXI,2012,170000,97000,CNG,Individual,Manual,Second Owner
Tata Indigo CR4,2013,170000,60000,Diesel,Individual,Manual,First Owner
Tata Nano Lx,2011,120000,20000,Petrol,Individual,Manual,First Owner
Tata Nano Lx,2011,120000,20000,Petrol,Individual,Manual,First Owner
Maruti Zen LXI,1999,85000,70000,Petrol,Individual,Manual,Second Owner
Hyundai Santro LP zipPlus,2001,52000,50000,Petrol,Individual,Manual,Third Owner
Tata Nano LX,2013,60000,40000,Petrol,Individual,Manual,First Owner
Hyundai Getz 1.3 GVS,2010,110000,110000,Petrol,Individual,Manual,First Owner
Hyundai Santro Xing GL Plus,2013,175000,80000,Petrol,Individual,Manual,First Owner
Hyundai Accent GLE CNG,2009,160000,70000,CNG,Individual,Manual,Third Owner
Maruti Zen Estilo LXI BSIII,2007,100000,80000,Petrol,Individual,Manual,Third Owner
Hyundai i10 Magna 1.1,2008,150000,90000,Petrol,Individual,Manual,Third Owner
Hyundai Santro Xing GLS,2009,110000,120000,Petrol,Individual,Manual,First Owner
Hyundai Santro Xing GLS,2009,140000,120000,Petrol,Individual,Manual,First Owner
Tata Indigo CR4,2011,130000,90000,Diesel,Individual,Manual,First Owner
Maruti Alto 800 LXI,2017,160000,50000,Petrol,Individual,Manual,First Owner
Maruti Alto 800 LXI,2016,150000,60000,Petrol,Individual,Manual,First Owner
Tata Nano Std,2011,40000,19000,Petrol,Individual,Manual,First Owner
Chevrolet Tavera LT L1 7 Seats BSIII,2006,140000,200000,Diesel,Individual,Manual,Third Owner
Maruti Alto LX,2012,155000,19077,Petrol,Individual,Manual,Second Owner
Maruti Alto LXi,2009,140000,80000,Petrol,Individual,Manual,Second Owner
Hyundai EON 1.0 Era Plus,2018,100000,21302,Petrol,Individual,Manual,First Owner
Hyundai Santro Xing XG eRLX Euro III,2006,90000,120000,Petrol,Individual,Manual,Second Owner
Hyundai Santro GS,2005,80000,56580,Petrol,Dealer,Manual,First Owner
Hyundai Santro GS,2005,80000,56580,Petrol,Dealer,Manual,First Owner
Tata Nano Lx BSIV,2010,75000,58850,Petrol,Dealer,Manual,First Owner
Hyundai Getz GLE,2007,110000,60000,Petrol,Individual,Manual,Fourth & Above Owner
Mahindra Renault Logan 1.4 GLX Petrol,2008,80000,90000,Petrol,Individual,Manual,First Owner
Hyundai Accent CRDi,2005,100000,120000,Diesel,Individual,Manual,Second Owner
Hyundai Santro Xing XG,2005,95000,120000,Petrol,Individual,Manual,Second Owner
Hyundai i10 Era 1.1 iTech SE,2011,147000,110000,Petrol,Individual,Manual,Second Owner
Tata Indica LSI,2006,70000,60000,Petrol,Individual,Manual,Second Owner
Hyundai EON Era Plus,2012,160000,70000,Petrol,Individual,Manual,Third Owner
Hyundai Santro LE zipPlus,2001,68000,70000,Petrol,Individual,Manual,First Owner
Tata Indigo CR4,2013,170000,60000,Diesel,Individual,Manual,First Owner
Maruti Alto LX,2007,100000,52000,Petrol,Individual,Manual,Second Owner
Tata Nano Lx,2011,120000,20000,Petrol,Individual,Manual,First Owner
Tata Indigo LX,2011,140000,60000,Diesel,Individual,Manual,Second Owner
Tata Nano Lx,2011,120000,20000,Petrol,Individual,Manual,First Owner
Maruti Alto LX,2009,150000,60000,Petrol,Individual,Manual,Second Owner
Ford Fiesta 1.5 TDCi Titanium,2011,195000,133564,Diesel,Dealer,Manual,First Owner
Chevrolet Beat Diesel LS,2011,95000,70000,Diesel,Individual,Manual,First Owner
Tata Indica GLS BS IV,2008,80000,200000,Petrol,Individual,Manual,First Owner
Tata Indica DLS,2006,55000,100000,Diesel,Individual,Manual,First Owner
Mahindra Jeep MM 540,2007,95000,100000,Diesel,Individual,Manual,Second Owner
Chevrolet Beat Diesel LS,2012,160000,50000,Diesel,Individual,Manual,First Owner
Maruti Swift LXI,2011,175000,70000,Petrol,Individual,Manual,First Owner
Maruti Zen Estilo Sports,2008,140000,120000,Petrol,Individual,Manual,First Owner
Hyundai Santro Xing XL eRLX Euro III,2005,114999,90000,Petrol,Dealer,Manual,Second Owner
Tata Indica DLE,2005,100000,100000,Diesel,Individual,Manual,First Owner
Tata Indica DLS,2006,85000,300000,Diesel,Individual,Manual,Second Owner
Tata Indigo LX,2009,130000,110000,Diesel,Individual,Manual,Third Owner
Maruti Omni MPI STD BSIV,2016,120000,120000,Petrol,Individual,Manual,First Owner
Maruti Alto LXi,2006,75000,80000,Petrol,Individual,Manual,Third Owner
Tata Indica GLS BS IV,2010,99000,70000,Petrol,Individual,Manual,First Owner
Hyundai i10 Magna 1.2 iTech SE,2009,150000,60000,Petrol,Individual,Manual,Third Owner
Hyundai Santro Xing XS,2009,150000,68000,Petrol,Individual,Manual,Second Owner
Maruti Esteem VX,1999,60000,35000,Petrol,Individual,Manual,Second Owner
Maruti Swift Vdi BSIII,2010,180000,100000,Diesel,Individual,Manual,Second Owner
Maruti Alto LXi BSIII,2008,91200,60000,Petrol,Individual,Manual,Second Owner
Hyundai Santro Xing XG AT,2006,160000,90000,Petrol,Individual,Automatic,Second Owner
Volkswagen Polo Diesel Trendline 1.2L,2010,130000,144000,Diesel,Individual,Manual,Fourth & Above Owner
Hyundai Verna SX,2007,155000,65000,Petrol,Dealer,Manual,First Owner
Maruti Alto LX,2011,180000,36000,Petrol,Dealer,Manual,First Owner
Maruti Alto LX,2004,110000,60000,Petrol,Individual,Manual,First Owner
Maruti Wagon R VXI BSIII,2006,150000,60000,Petrol,Individual,Manual,Second Owner
Maruti Wagon R VXI BSIII,2004,155000,80000,Petrol,Individual,Manual,Second Owner
Maruti Zen LXI,2005,90000,90000,Petrol,Individual,Manual,Second Owner
Maruti Wagon R LXI Minor,2007,80000,120000,Petrol,Individual,Manual,Second Owner
Maruti Alto LXi,2009,150000,90246,Petrol,Individual,Manual,Third Owner
Maruti Alto LX BSIII,2008,110000,90000,Petrol,Individual,Manual,Second Owner
Maruti Alto LXi BSIII,2010,150000,40000,Petrol,Individual,Manual,Second Owner
Maruti Gypsy King Hard Top,2000,165000,60000,Petrol,Individual,Manual,Fourth & Above Owner
Tata Manza Club Class Quadrajet90 VX,2013,170000,60400,Diesel,Individual,Manual,First Owner
Hyundai Verna CRDi,2008,150000,70950,Diesel,Individual,Manual,Second Owner
Hyundai Santro Xing GL Plus,2012,170000,50000,Petrol,Individual,Manual,Second Owner
Hyundai i10 Magna 1.2 iTech SE,2011,195000,80000,Petrol,Individual,Manual,Second Owner
Maruti Zen Estilo 1.1 VXI BSIII,2008,120000,70000,Petrol,Individual,Manual,Second Owner
Maruti A-Star Vxi,2009,180000,70000,Petrol,Individual,Manual,Third Owner
Tata Nano Cx BSIV,2012,75000,35000,Petrol,Individual,Manual,Second Owner
Tata Nano Lx,2011,60000,40000,Petrol,Individual,Manual,First Owner
Hyundai i10 Magna 1.2 iTech SE,2012,190000,60000,Petrol,Individual,Manual,Second Owner
Chevrolet Spark 1.0 LT,2011,165000,60000,Petrol,Individual,Manual,First Owner
Maruti Alto LX,2011,151000,40000,Petrol,Individual,Manual,First Owner
Tata Indica Vista Quadrajet LX,2012,175000,80000,Diesel,Individual,Manual,Third Owner
Tata Indica Vista TDI LS,2010,170000,107500,Diesel,Dealer,Manual,First Owner
Maruti Alto LXi,2007,90000,43826,Petrol,Dealer,Manual,Second Owner
Maruti Swift VDI BSIV,2007,195000,112880,Diesel,Dealer,Manual,First Owner
Tata Indica Vista Terra Quadrajet 1.3L,2011,140000,90000,Diesel,Individual,Manual,Third Owner
Chevrolet Aveo 1.4 LS,2008,170000,81324,Petrol,Dealer,Manual,First Owner
Maruti Omni BSIII 8-STR W/ IMMOBILISER,2008,150000,50000,Petrol,Individual,Manual,Second Owner
Maruti Esteem Vxi - BSIII,2006,85000,60000,Petrol,Individual,Manual,Second Owner
Hyundai Elantra CRDi (Leather Option),2006,125000,120000,Diesel,Individual,Manual,Third Owner
Tata Indica Vista Aqua 1.3 Quadrajet,2010,110000,110000,Diesel,Individual,Manual,Second Owner
Hyundai Verna XXi (Petrol),2007,150000,84000,Petrol,Individual,Manual,Second Owner
Maruti Wagon R LX,2006,75000,96000,Petrol,Individual,Manual,Second Owner
Tata Indigo LS,2009,100000,20000,Diesel,Individual,Manual,First Owner
Hyundai Santro Xing XK (Non-AC),2007,100000,50000,Petrol,Individual,Manual,First Owner
Chevrolet Beat Diesel LS,2013,190000,70000,Diesel,Individual,Manual,First Owner
Ford Figo Diesel LXI,2012,190000,130000,Diesel,Individual,Manual,Second Owner
Maruti 800 Std MPFi,2006,78000,64700,Petrol,Individual,Manual,First Owner
Maruti 800 AC,2002,65000,100000,Petrol,Individual,Manual,Second Owner
Tata Nano CX SE,2013,75000,25000,Petrol,Individual,Manual,Third Owner
Tata Manza Aura Quadrajet,2009,185000,60000,Diesel,Individual,Manual,Third Owner
Maruti Omni E 8 Str STD,2007,110000,90000,Petrol,Individual,Manual,Fourth & Above Owner
Honda City 1.5 EXI,2004,180000,200000,Petrol,Individual,Manual,Second Owner
Chevrolet Optra 1.6 LS,2005,60000,126000,Petrol,Individual,Manual,Second Owner
Maruti Zen Estilo LX BSIII,2007,135000,74183,Petrol,Individual,Manual,Second Owner
Maruti Alto 800 VXI,2014,160000,90000,Petrol,Individual,Manual,First Owner
Tata Indica LXI,2004,80000,46000,Petrol,Individual,Manual,Second Owner
Maruti Ritz VDi,2012,110000,80000,Diesel,Individual,Manual,Second Owner
Maruti Alto LX BSIII,2008,75000,120000,Petrol,Individual,Manual,First Owner
Tata Indica GLS BS IV,2007,85000,50000,Petrol,Individual,Manual,Second Owner
Tata Indica Vista Aqua TDI BSIII,2009,90000,120000,Diesel,Individual,Manual,First Owner
Maruti Wagon R LXI Minor,2007,85000,80000,Petrol,Individual,Manual,Second Owner
Tata Indica DL,2006,55000,100000,Diesel,Individual,Manual,Second Owner
Ford Fiesta 1.6 ZXi Leather,2006,95000,83411,Petrol,Individual,Manual,First Owner
Ford Fiesta 1.6 ZXi Leather,2006,81000,83411,Petrol,Individual,Manual,First Owner
Hyundai Santro Xing XL AT eRLX Euro III,2006,85000,100000,Petrol,Individual,Automatic,Third Owner
Ford Fiesta 1.4 Duratec ZXI,2008,120000,100000,Petrol,Individual,Manual,Third Owner
Maruti Alto LX,2010,110000,88000,Petrol,Individual,Manual,Second Owner
Maruti A-Star Vxi,2009,120000,76000,Petrol,Individual,Manual,Second Owner
Maruti 800 EX,2001,40000,30000,Petrol,Individual,Manual,First Owner
Nissan Micra Diesel XV Premium,2011,138000,90000,Diesel,Individual,Manual,Second Owner
Maruti Zen LXi - BS III,2005,125000,34000,Petrol,Dealer,Manual,First Owner
Maruti Alto LXi BSIII,2008,125000,102000,Petrol,Dealer,Manual,First Owner
Maruti Alto K10 2010-2014 VXI,2011,170000,90000,Petrol,Individual,Manual,Second Owner
Maruti Wagon R VXI BSIII,2003,70000,90000,Petrol,Individual,Manual,Second Owner
Maruti Alto LXi,2007,100000,70000,Petrol,Individual,Manual,Second Owner
Maruti Zen Estilo 1.1 LXI BSIII,2007,100000,143000,Petrol,Individual,Manual,Third Owner
Tata Manza ELAN Quadrajet BS IV,2011,165000,100000,Diesel,Individual,Manual,Second Owner
Maruti Esteem Lxi,2005,70000,60000,Petrol,Individual,Manual,Second Owner
Tata Indica Vista Aura 1.2 Safire,2010,100000,120000,Petrol,Individual,Manual,Second Owner
Maruti Omni MPI STD BSIV,2015,130000,70000,Petrol,Individual,Manual,First Owner
Mahindra Jeep MM 775 XDB,2000,155000,50000,Diesel,Individual,Manual,Second Owner
Maruti 800 AC BSIII,2007,75000,90000,Petrol,Individual,Manual,Second Owner
Maruti Zen Estilo LX BSIV,2010,90000,50000,Petrol,Individual,Manual,Third Owner
Maruti 800 DX,2000,50000,60000,Petrol,Individual,Manual,First Owner
Honda City 1.5 GXI,2004,125000,120000,Petrol,Individual,Manual,Second Owner
Mahindra Scorpio 2.6 SLX Turbo 7 Seater,2004,170000,120000,Diesel,Individual,Manual,First Owner
Maruti Zen Estilo VXI BSIII,2007,140000,100000,Petrol,Individual,Manual,Second Owner
Chevrolet Beat LT,2012,155000,12000,Petrol,Individual,Manual,First Owner
Hyundai Accent Executive,2010,120000,67000,Petrol,Individual,Manual,Third Owner
Toyota Corolla AE,2006,160000,140000,Petrol,Individual,Manual,Second Owner
Tata Indica DLS,2006,50000,120000,Diesel,Individual,Manual,Fourth & Above Owner
Tata Manza Aqua Quadrajet BS IV,2012,190000,120000,Diesel,Individual,Manual,First Owner
Hyundai i10 Era 1.1,2008,160000,110000,Petrol,Individual,Manual,Third Owner
Chevrolet Spark 1.0 LS,2011,125000,60000,Petrol,Individual,Manual,Third Owner
Hyundai i10 Magna 1.1,2008,155000,60000,Petrol,Individual,Manual,Fourth & Above Owner
Maruti Wagon R LX BSIII,2009,130000,70000,Petrol,Individual,Manual,Fourth & Above Owner
Maruti 800 AC,2002,80000,70000,Petrol,Individual,Manual,Second Owner
Daewoo Matiz SD,2002,60000,50000,Petrol,Individual,Manual,First Owner
Maruti A-Star Lxi,2008,120000,40000,Petrol,Individual,Manual,First Owner
Tata New Safari DICOR 2.2 EX 4x2,2010,180000,120000,Diesel,Individual,Manual,Second Owner
Chevrolet Beat LT,2013,165000,50000,Petrol,Individual,Manual,First Owner
Mahindra Renault Logan 1.5 DLS,2008,89999,213000,Diesel,Individual,Manual,First Owner
Tata Nano Cx BSIII,2014,45000,7000,Petrol,Individual,Manual,Second Owner
Maruti Alto LXi,2009,110000,20000,Petrol,Individual,Manual,First Owner
Skoda Laura Ambiente 1.9 PD,2007,175000,181000,Diesel,Individual,Manual,Fourth & Above Owner
Maruti 800 AC BSIII,2005,120000,20000,Petrol,Individual,Manual,Second Owner
Chevrolet Spark 1.0 LS,2010,175000,45000,Petrol,Individual,Manual,Second Owner
Chevrolet Spark 1.0 LS,2009,170000,44800,Petrol,Individual,Manual,Second Owner
Hyundai Santro Xing XL eRLX Euro III,2006,100000,40000,Petrol,Individual,Manual,Second Owner
Maruti Omni MPI STD BSIV,2014,150000,120000,Petrol,Individual,Manual,Third Owner
Tata Indica Vista Quadrajet LX,2011,149000,10000,Diesel,Individual,Manual,Second Owner
Tata Indica Vista Aqua 1.3 Quadrajet,2011,160000,80000,Diesel,Individual,Manual,Second Owner
Maruti Baleno Vxi,2007,163000,100000,Petrol,Individual,Manual,Second Owner
Tata Indica GLS BS IV,2006,75000,100000,Petrol,Individual,Manual,Second Owner
Maruti Alto LXi,2012,180000,60000,Petrol,Individual,Manual,Second Owner
Tata Indigo GLX,2006,100000,110000,Petrol,Individual,Manual,Second Owner
Tata Manza Aura (ABS) Safire BS IV,2010,150000,50000,Petrol,Individual,Manual,Second Owner
Maruti Alto LXi BSIII,2008,180000,70000,Petrol,Individual,Manual,Third Owner
Tata Indigo LS BSII,2012,160000,110000,Diesel,Individual,Manual,First Owner
Hyundai Verna CRDi SX ABS,2009,175000,136000,Diesel,Individual,Manual,Second Owner
Maruti Alto LXi,2009,110000,50000,Petrol,Individual,Manual,Second Owner
Tata Indica Vista Aura 1.3 Quadrajet,2009,135000,90000,Diesel,Individual,Manual,Fourth & Above Owner
Maruti Ritz VDi,2011,180000,90000,Diesel,Individual,Manual,Second Owner
Hyundai Santro Xing GLS,2010,170000,50000,Petrol,Individual,Manual,Second Owner
Maruti A-Star Vxi,2011,150000,70000,Petrol,Individual,Manual,Second Owner
Tata Indica Vista Aura 1.3 Quadrajet,2009,135000,90000,Diesel,Individual,Manual,Fourth & Above Owner
Maruti Alto 800 LXI,2014,110000,25000,Petrol,Individual,Manual,First Owner
Hyundai Santro LE zipPlus,2003,70000,80000,Petrol,Individual,Manual,Third Owner
Maruti Alto 800 LX,2017,180000,60000,Petrol,Individual,Manual,First Owner
Mahindra Jeep Classic,1999,170000,2020,Diesel,Individual,Manual,Second Owner
Maruti Alto LX,2006,105000,100000,Petrol,Individual,Manual,Third Owner
Ford Figo Petrol LXI,2010,130000,110000,Petrol,Individual,Manual,First Owner
Maruti Alto LXi,2008,69000,100000,Petrol,Individual,Manual,First Owner
Maruti Zen Estilo VXI BSIII,2007,90000,90000,Petrol,Individual,Manual,First Owner
Hyundai Accent GLE CNG,2010,145000,90000,CNG,Individual,Manual,Second Owner
Tata Indica DLS,2005,70000,120000,Diesel,Individual,Manual,First Owner
Maruti Wagon R VX,2000,50000,88500,Petrol,Individual,Manual,Fourth & Above Owner
Tata Indica Vista Aqua 1.2 Safire BSIV,2010,97000,128000,Petrol,Individual,Manual,First Owner
Tata Indigo CR4,2012,130000,120000,Diesel,Individual,Manual,First Owner
Maruti Swift 1.3 VXi,2009,199000,52536,Petrol,Individual,Manual,First Owner
Honda Civic 1.8 S AT,2006,125000,70000,Petrol,Individual,Automatic,First Owner
Hyundai Santro Xing GLS,2008,125000,85000,Petrol,Individual,Manual,First Owner
Maruti Wagon R LXI BS IV,2010,110000,50000,Petrol,Individual,Manual,First Owner
Maruti Swift 1.3 VXi,2005,85000,118400,Petrol,Individual,Manual,First Owner
Maruti Esteem Lxi - BSIII,2007,75000,54000,Petrol,Individual,Manual,First Owner
Maruti SX4 ZXI AT,2009,130000,120000,Petrol,Individual,Automatic,Second Owner
Ford Fusion 1.6 Duratec Petrol,2005,120000,100000,Petrol,Individual,Manual,Third Owner
Maruti Esteem Vxi,2005,100000,20000,Petrol,Individual,Manual,Second Owner
Maruti Wagon R VXI BSIII,2005,80000,40000,Petrol,Individual,Manual,Second Owner
Hyundai EON D Lite Plus,2012,160000,70000,Petrol,Individual,Manual,Second Owner
Tata Sumo Victa EX 7/9 Str BSII,2009,130000,120000,Diesel,Individual,Manual,First Owner
Hyundai EON Era Plus,2013,160000,80000,Petrol,Individual,Manual,First Owner
Chevrolet Optra Magnum 2.0 LS,2011,195000,120000,Diesel,Individual,Manual,First Owner
Maruti Zen Estilo 1.1 LXI BSIII,2007,120000,81366,Petrol,Individual,Manual,First Owner
Maruti Esteem Vxi - BSIII,2006,95000,110000,Petrol,Individual,Manual,First Owner
Mahindra Jeep CL 500 MDI,1997,150000,120000,Diesel,Individual,Manual,Third Owner
Maruti Wagon R LXI DUO BS IV,2012,180000,60000,LPG,Individual,Manual,First Owner
Maruti Esteem Lxi - BSIII,2007,75000,54000,Petrol,Individual,Manual,First Owner
Maruti Swift 1.3 VXi,2005,160000,67000,Petrol,Individual,Manual,First Owner
Hyundai Santro Xing GLS,2008,130000,100000,Petrol,Individual,Manual,First Owner
Maruti Wagon R LXI,2005,70000,80000,Petrol,Individual,Manual,First Owner
Ford Figo Diesel EXI,2011,140000,90000,Diesel,Individual,Manual,Third Owner
Maruti Alto LXi,2008,70000,90000,Petrol,Individual,Manual,Second Owner
Maruti Eeco 5 STR With AC Plus HTR CNG,2012,160000,70000,CNG,Individual,Manual,Second Owner
Maruti Alto LXi,2010,160000,36000,Petrol,Individual,Manual,First Owner
Maruti Omni 5 Str STD LPG,1998,50000,35000,LPG,Individual,Manual,Second Owner
Maruti 800 DUO AC LPG,2009,85000,50000,LPG,Individual,Manual,Second Owner
Hyundai Accent GLX,2008,145000,60000,Petrol,Individual,Manual,First Owner
Hyundai Santro Xing XK eRLX EuroIII,2007,130000,135000,Petrol,Individual,Manual,Second Owner
Maruti 800 AC BSII,2001,45000,72539,Petrol,Individual,Manual,Second Owner
Tata Indica Vista Quadrajet LX,2013,180000,200000,Diesel,Individual,Manual,First Owner
Maruti 800 AC,2009,125000,50000,Petrol,Individual,Manual,Fourth & Above Owner
Hyundai Accent GLS,2004,120000,110000,Petrol,Individual,Manual,Second Owner
Tata Indica Vista TDI LS,2013,150000,180000,Diesel,Individual,Manual,Third Owner
Hyundai Santro Xing GL Plus,2008,120000,41723,Petrol,Individual,Manual,Second Owner
Maruti Alto K10 LXI,2012,175000,20000,Petrol,Individual,Manual,Second Owner
Hyundai Santro Xing GLS,2009,195000,27005,Petrol,Dealer,Manual,First Owner
Hyundai Santro Xing XG,2004,90000,100005,Petrol,Dealer,Manual,Second Owner
Maruti Alto LXI,2004,70000,50000,Petrol,Individual,Manual,Second Owner
Honda Civic 1.8 S MT,2007,170000,70000,Petrol,Individual,Manual,Third Owner
Tata Indica DLE,2006,45000,120000,Diesel,Individual,Manual,Second Owner
Tata Indigo LX,2011,140000,60000,Diesel,Individual,Manual,Second Owner
Maruti Swift VDI,2012,190000,80000,Diesel,Individual,Manual,Third Owner
Hyundai Accent GLX,2006,120000,110000,Petrol,Individual,Manual,Second Owner
Tata Indigo CS LE (TDI) BS-III,2011,95000,115000,Diesel,Individual,Manual,Fourth & Above Owner
Tata New Safari 4X4,2007,199000,78771,Diesel,Dealer,Manual,Second Owner
Maruti Alto LX BSIII,2007,135000,70000,Petrol,Individual,Manual,Second Owner
Maruti Wagon R LXI DUO BSIII,2009,155000,60000,LPG,Individual,Manual,Second Owner
Ford Ikon 1.8 D,2005,114999,92645,Diesel,Dealer,Manual,Fourth & Above Owner
Mahindra Bolero DI,2004,110000,120000,Diesel,Individual,Manual,Fourth & Above Owner
Tata Manza Aura (ABS) Quadrajet BS IV,2012,180000,155836,Diesel,Individual,Manual,Second Owner
Chevrolet Spark 1.0 LT,2009,70000,60000,Petrol,Individual,Manual,First Owner
Volkswagen Polo Diesel Trendline 1.2L,2011,175000,90000,Diesel,Individual,Manual,Third Owner
Tata Nano LX SE,2012,35000,35000,Petrol,Individual,Manual,Third Owner
Hyundai Santro GS,2005,80000,56580,Petrol,Dealer,Manual,First Owner
Maruti Alto LXi,2009,150000,120000,Petrol,Individual,Manual,First Owner
Tata Indigo LS,2008,105000,90000,Diesel,Individual,Manual,First Owner
Tata Indica Vista TDI LX,2013,185000,65000,Diesel,Individual,Manual,First Owner
Maruti Alto LX BSIII,2006,160000,63230,Petrol,Individual,Manual,Second Owner
Maruti Wagon R VXI,2005,100000,100000,Petrol,Individual,Manual,Third Owner
Maruti Alto 800 LXI,2017,178000,35000,Petrol,Individual,Manual,First Owner
Tata Indigo LS,2008,105000,90000,Diesel,Individual,Manual,First Owner
Tata Indica Vista TDI LX,2013,185000,65000,Diesel,Individual,Manual,First Owner
Tata Indica Vista Quadrajet LS,2012,150000,80000,Diesel,Individual,Manual,Second Owner
Maruti 800 Std,2013,170000,70000,Petrol,Individual,Manual,First Owner
Maruti Alto LX BSIII,2006,160000,63230,Petrol,Individual,Manual,Second Owner
Maruti 800 Std BSII,2006,90000,40000,Petrol,Individual,Manual,Second Owner
Maruti Wagon R VXI,2005,100000,100000,Petrol,Individual,Manual,Third Owner
Tata Indica GLS BS IV,2008,65000,110000,Petrol,Individual,Manual,Third Owner
Hyundai Santro Xing XL eRLX Euro III,2005,150000,47000,Petrol,Individual,Manual,First Owner
Maruti Swift Ldi BSIII,2008,111000,120000,Diesel,Individual,Manual,First Owner
Maruti Alto LXi,2007,100000,100000,Petrol,Individual,Manual,Second Owner
Tata Indica Vista Aqua TDI BSIII,2009,150000,30000,Diesel,Individual,Manual,First Owner
Maruti Ritz VDi,2010,148000,100000,Diesel,Individual,Manual,Second Owner
Maruti Alto LX,2006,95000,90000,Petrol,Individual,Manual,Second Owner
Mahindra Bolero SLE BSIII,2007,185000,230000,Diesel,Individual,Manual,Second Owner
Tata Indica Vista Quadrajet VX,2012,185000,40000,Diesel,Individual,Manual,First Owner
Maruti Zen LX,2000,60000,50000,Petrol,Individual,Manual,First Owner
Fiat Punto 1.2 Active,2010,80000,50000,Petrol,Individual,Manual,Second Owner
Maruti Wagon R LXI BSIII,2005,125000,50000,Petrol,Individual,Manual,Second Owner
Maruti Alto LXi BSII,2002,100000,80000,Petrol,Individual,Manual,Fourth & Above Owner
Maruti A-Star Vxi,2010,130000,70000,Petrol,Individual,Manual,Second Owner
Tata Indica DLS,2006,57000,80000,Diesel,Individual,Manual,Second Owner
Hyundai Santro GLS I - Euro I,2005,75000,60000,Petrol,Individual,Manual,First Owner
Maruti 800 DX,2003,60000,35000,Petrol,Individual,Manual,First Owner
Maruti Alto LXi BSIII,2008,125000,70000,Petrol,Individual,Manual,First Owner
Honda City 1.5 EXI S,2004,105000,100000,Petrol,Individual,Manual,Third Owner
Maruti Wagon R LXI DUO BSIII,2008,125000,152000,LPG,Individual,Manual,Second Owner
Maruti Zen LXI,1998,69000,70000,Petrol,Individual,Manual,Second Owner
Tata Indigo LX,2012,130000,90000,Diesel,Individual,Manual,Second Owner
Hyundai Santro Xing XG eRLX Euro III,2006,60000,120000,Petrol,Individual,Manual,Third Owner
Ford Fiesta Titanium 1.5 TDCi,2012,165000,120000,Diesel,Individual,Manual,First Owner
Chevrolet Beat LS,2016,170000,125000,Petrol,Individual,Manual,First Owner
Tata Indica Vista Quadrajet LX,2012,120000,80000,Diesel,Individual,Manual,Third Owner
Ford Figo Diesel LXI,2011,180000,70000,Diesel,Individual,Manual,Second Owner
Chevrolet Aveo 1.6 LT,2006,150000,34600,Petrol,Individual,Manual,Third Owner
Ford Figo Petrol ZXI,2011,185000,50000,Petrol,Individual,Manual,Third Owner
Hyundai Santro LP zipPlus,2001,52000,50000,Petrol,Individual,Manual,Third Owner
Tata Indica Vista Aqua TDI BSIII,2009,150000,30000,Diesel,Individual,Manual,First Owner
Chevrolet Spark 1.0 LS,2010,175000,45000,Petrol,Individual,Manual,Second Owner
Chevrolet Spark 1.0 LS,2009,170000,44800,Petrol,Individual,Manual,Second Owner
Maruti Ritz VDi,2010,148000,100000,Diesel,Individual,Manual,Second Owner
Maruti Wagon R VXI Minor,2007,80000,60000,Petrol,Individual,Manual,Third Owner
Chevrolet Beat PS,2014,170000,77000,Petrol,Individual,Manual,First Owner
Hyundai Accent Executive,2011,150000,60000,Petrol,Individual,Manual,First Owner
Tata Manza Aura (ABS) Safire BS IV,2010,110000,77073,Petrol,Individual,Manual,Second Owner
Maruti Alto LX BSIII,2007,125000,100000,Petrol,Individual,Manual,Second Owner
Chevrolet Beat LT,2010,135000,80000,Petrol,Individual,Manual,Second Owner
Maruti Alto LXi,2008,95000,70000,Petrol,Individual,Manual,First Owner
Ford Figo Diesel Celebration Edition,2013,190000,120000,Diesel,Individual,Manual,First Owner
Maruti Wagon R LXI Minor,2009,150000,70000,Petrol,Individual,Manual,First Owner
Hyundai Accent GLE,2009,114999,106000,Petrol,Individual,Manual,Third Owner
Chevrolet Aveo 1.6 LT with ABS,2010,140000,120000,Petrol,Individual,Manual,Second Owner
Hyundai i10 Magna 1.2,2010,150000,90000,Petrol,Individual,Manual,Second Owner
Chevrolet Spark 1.0 LS,2008,50000,70000,Petrol,Individual,Manual,First Owner
Mahindra Bolero SLX,2008,155000,100000,Diesel,Individual,Manual,First Owner
Mahindra Bolero SLX,2008,155000,100000,Diesel,Individual,Manual,First Owner
Hyundai Santro LS zipPlus,2002,60000,120000,Petrol,Individual,Manual,Third Owner
Skoda Laura L n K 1.9 PD,2008,180000,144000,Diesel,Individual,Manual,Third Owner
Tata Nano CX SE,2015,110000,45000,Petrol,Dealer,Manual,First Owner
Hyundai Verna CRDi ABS,2007,175000,80000,Diesel,Individual,Manual,Second Owner
Maruti Alto 800 LXI,2013,92800,25000,Petrol,Individual,Manual,Second Owner
Maruti Alto 800 LXI,2013,92800,25000,Petrol,Individual,Manual,Second Owner
Maruti Omni 8 Seater BSIV,2013,170000,35000,Petrol,Individual,Manual,First Owner
Ford Fiesta 1.4 ZXi TDCi ABS,2009,150000,110000,Diesel,Individual,Manual,Second Owner
Maruti Alto LXI,2003,60000,5000,Petrol,Individual,Manual,Second Owner
Maruti Alto LX,2006,52000,120000,Petrol,Individual,Manual,Third Owner
Maruti Omni LPG CARGO BSIII W IMMOBILISER,2009,80000,90000,LPG,Individual,Manual,Second Owner
Maruti Alto LX,2012,140000,70000,Petrol,Individual,Manual,Second Owner
Hyundai Verna i (Petrol),2008,120000,90000,Petrol,Individual,Manual,Second Owner
Ford Fiesta Classic 1.4 SXI Duratorq,2006,110000,120000,Diesel,Individual,Manual,Third Owner
Tata Nano Twist XT,2015,73000,57000,Petrol,Individual,Manual,First Owner
Mahindra Scorpio SLX 2.6 Turbo 8 Str,2007,190000,160000,Diesel,Individual,Manual,Second Owner
Hyundai Accent GLE 1,1999,60000,90000,Petrol,Individual,Manual,Fourth & Above Owner
Hyundai Getz GLX,2005,70000,90000,Petrol,Individual,Manual,Third Owner
Chevrolet Optra Magnum 2.0 LS,2011,195000,120000,Diesel,Individual,Manual,First Owner
Maruti A-Star Vxi,2010,180000,40000,Petrol,Individual,Manual,First Owner
Hyundai Santro Xing XG eRLX Euro III,2006,90000,120000,Petrol,Individual,Manual,Second Owner
Tata Nano Cx BSIV,2011,75000,9528,Petrol,Dealer,Manual,First Owner
Hyundai Accent GLS,2007,125000,76000,Petrol,Dealer,Manual,Third Owner
Maruti Ritz VDi,2009,175000,80000,Diesel,Individual,Manual,Third Owner
Chevrolet Beat Diesel PS,2012,130000,58000,Diesel,Dealer,Manual,First Owner
Tata Indigo CS eLX BS IV,2013,175000,50300,Diesel,Individual,Manual,First Owner
Tata Indigo CR4,2011,150000,70000,Diesel,Individual,Manual,Second Owner
Tata Indica Vista TDI LS,2011,195000,60000,Diesel,Individual,Manual,Third Owner
Maruti Alto 800 Base,2014,175000,40000,Petrol,Individual,Manual,First Owner
Hyundai Santro AT CNG,2005,130000,110000,CNG,Individual,Manual,Second Owner
Chevrolet Beat LT,2010,114999,70000,Petrol,Individual,Manual,Second Owner
Hyundai Tucson CRDi,2006,170000,170000,Diesel,Individual,Manual,First Owner
Tata Indigo TDI,2008,80000,150000,Diesel,Individual,Manual,Third Owner
Hyundai Santro Xing XG eRLX Euro III,2005,70000,170000,Petrol,Individual,Manual,Third Owner
Hyundai Santro Xing GLS,2010,120000,90000,Petrol,Individual,Manual,Third Owner
Tata Sumo LX,2009,100000,66778,Diesel,Individual,Manual,First Owner
Hyundai EON Era Plus,2014,190000,50000,Petrol,Individual,Manual,First Owner
Maruti Omni E 8 Str STD,2001,85000,70000,Petrol,Individual,Manual,Third Owner
OpelCorsa 1.6Gls,2004,142000,73000,Petrol,Individual,Manual,Fourth & Above Owner
Hyundai EON D Lite,2014,180000,76000,Petrol,Individual,Manual,Second Owner
Hyundai Santro Xing XG,2003,85000,110000,Petrol,Individual,Manual,Second Owner
Hyundai i10 Era,2009,140000,80000,Petrol,Individual,Manual,Third Owner
Hyundai Santro Xing GL,2011,150000,157000,Petrol,Individual,Manual,First Owner
Tata Indica Vista Quadrajet LS,2012,150000,80000,Diesel,Individual,Manual,Second Owner
Maruti 800 Std BSII,2006,90000,40000,Petrol,Individual,Manual,Second Owner
Chevrolet Aveo U-VA 1.2 LT WO ABS Airbag,2009,110000,38500,Petrol,Individual,Manual,Second Owner
Hyundai i10 Magna,2008,140000,103921,Petrol,Individual,Manual,Second Owner
Ford Figo Diesel Titanium,2010,160000,102307,Diesel,Dealer,Manual,First Owner
Maruti Zen LX,2004,105000,79000,Petrol,Individual,Manual,Second Owner
Maruti Wagon R LXI,2004,70000,90000,Petrol,Individual,Manual,Fourth & Above Owner
Chevrolet Beat Diesel,2012,160000,110000,Diesel,Individual,Manual,First Owner
Chevrolet Beat Diesel LS,2012,160000,50000,Diesel,Individual,Manual,First Owner
Honda City 1.3 EXI,2002,145000,100000,Petrol,Individual,Manual,First Owner
Hyundai Getz 1.5 CRDi GVS,2008,110000,154000,Diesel,Individual,Manual,Third Owner
Maruti Swift LXI,2011,175000,70000,Petrol,Individual,Manual,First Owner
Maruti Alto LX BSIII,2008,85000,120000,Petrol,Individual,Manual,Second Owner
Hyundai Santro GS,2005,80000,56580,Petrol,Dealer,Manual,First Owner
Hyundai Santro GS,2005,80000,56580,Petrol,Dealer,Manual,First Owner
Chevrolet Spark 1.0 LS,2011,140000,60000,Petrol,Individual,Manual,Second Owner
Maruti Alto LXi,2011,150000,70000,Petrol,Individual,Manual,First Owner
Hyundai Accent CRDi,2006,170000,245244,Diesel,Individual,Manual,Fourth & Above Owner
Hyundai Accent CRDi,2002,85000,100000,Diesel,Individual,Manual,Third Owner
Hyundai Santro GS,2005,80000,56580,Petrol,Dealer,Manual,First Owner
Hyundai Santro Xing XG,2005,70000,68500,Petrol,Dealer,Manual,First Owner
Nissan Micra Active XV S,2013,164000,30000,Petrol,Individual,Manual,First Owner
Honda City 1.5 V AT,2008,140000,70000,Petrol,Individual,Automatic,First Owner
Maruti Alto LXI,2005,56000,23000,Petrol,Individual,Manual,Second Owner
Hyundai Verna 1.6 VTVT,2010,190000,38000,Petrol,Dealer,Manual,First Owner
Chevrolet Spark 1.0 LS,2009,135000,90000,Petrol,Individual,Manual,First Owner
Tata Indica Vista Terra 1.4 TDI,2010,100000,80000,Diesel,Individual,Manual,First Owner
Tata Indica Vista Aqua 1.4 TDI,2011,90000,54000,Diesel,Individual,Manual,First Owner
Chevrolet Beat Diesel LS,2012,160000,50000,Diesel,Individual,Manual,First Owner
Maruti Swift LXI,2011,175000,70000,Petrol,Individual,Manual,First Owner
Maruti Zen Estilo Sports,2008,140000,120000,Petrol,Individual,Manual,First Owner
Hyundai Verna CRDi ABS,2007,175000,80000,Diesel,Individual,Manual,Second Owner
Maruti Alto 800 LXI,2013,92800,25000,Petrol,Individual,Manual,Second Owner
Maruti Alto 800 LXI,2013,92800,25000,Petrol,Individual,Manual,Second Owner
Maruti Omni 5 Str STD,1998,65000,60000,Petrol,Dealer,Manual,Third Owner
Maruti Wagon R LXI,2005,75000,70000,Petrol,Individual,Manual,Second Owner
Maruti Alto K10 LXI,2010,175000,64000,Petrol,Dealer,Manual,First Owner
Toyota Corolla H3,2003,95000,120000,Petrol,Individual,Automatic,Second Owner
Chevrolet Beat Diesel LT Option,2009,195000,57000,Diesel,Dealer,Manual,Second Owner
Hyundai Santro GLS I - Euro II,2007,135000,85000,Petrol,Dealer,Manual,First Owner
Chevrolet Spark 1.0 PS,2010,110000,73000,Petrol,Individual,Manual,First Owner
Maruti Alto LXi,2007,90000,100000,Petrol,Individual,Manual,Second Owner
Mahindra Scorpio 2.6 CRDe,2005,175000,250000,Diesel,Individual,Manual,Second Owner
Maruti Swift VXI BSIII,2006,160000,95149,Petrol,Dealer,Manual,Second Owner
Maruti Alto LXi,2009,140000,80000,Petrol,Individual,Manual,Second Owner
Hyundai EON 1.0 Era Plus,2018,100000,21302,Petrol,Individual,Manual,First Owner
Hyundai Getz 1.3 GLS,2010,150000,105546,Petrol,Individual,Manual,First Owner
Maruti Alto LXi BSIII,2009,130000,80000,Petrol,Individual,Manual,Second Owner
Maruti Swift Dzire VDi,2009,150000,120000,Diesel,Individual,Manual,Second Owner
Maruti Swift Dzire LXi,2011,150000,100000,Petrol,Individual,Manual,Second Owner
Honda City 1.3 EXI,2003,120000,132343,Petrol,Individual,Manual,Second Owner
Maruti Wagon R VXI BS IV,2007,100000,60000,Petrol,Individual,Manual,Second Owner
Maruti 800 EX,2004,30000,60000,Petrol,Individual,Manual,Third Owner
Maruti Wagon R LXI,2009,180000,30375,Petrol,Dealer,Manual,First Owner
Chevrolet Beat Diesel LS,2013,195000,47253,Diesel,Dealer,Manual,First Owner
Tata Indica GLS BS IV,2010,75000,110000,Petrol,Individual,Manual,Second Owner
Tata Indica Vista Terra 1.4 TDI,2009,93000,70000,Diesel,Individual,Manual,Second Owner
Maruti Alto Green LXi (CNG),2010,88000,80251,CNG,Dealer,Manual,Second Owner
Ford Ikon 1.4 ZXi,2000,22000,42743,Petrol,Dealer,Manual,Third Owner
Chevrolet Beat Diesel LS,2013,130000,93900,Diesel,Individual,Manual,Second Owner
Maruti Zen VXi - BS III,2004,79000,80000,Petrol,Individual,Manual,First Owner
Chevrolet Beat Diesel LS,2012,120000,110000,Diesel,Individual,Manual,First Owner
Maruti A-Star Lxi,2009,145000,25000,Petrol,Individual,Manual,First Owner
Hyundai Accent GLX,2010,145000,110000,Petrol,Individual,Manual,Second Owner
Tata Indica Vista Aqua 1.3 Quadrajet ABS BSIV,2012,198000,70000,Diesel,Individual,Manual,Second Owner
Ford Endeavour 4x2 XLT,2004,195000,120000,Diesel,Individual,Manual,First Owner
Hyundai EON Sportz,2012,150000,55766,Petrol,Individual,Manual,Second Owner
Maruti 800 Std,2001,65000,60000,Petrol,Individual,Manual,Third Owner
Maruti Alto 800 LXI,2006,165000,132000,Petrol,Individual,Manual,First Owner
Tata Indigo TDI,2013,182000,100000,Diesel,Individual,Manual,First Owner
Tata Indica Vista Terra 1.4 TDI,2010,100000,80000,Diesel,Individual,Manual,First Owner
Hyundai Santro Xing XL eRLX Euro III,2006,100000,40000,Petrol,Individual,Manual,Second Owner
Hyundai Santro Xing GLS,2009,195000,27005,Petrol,Dealer,Manual,First Owner
Maruti Zen VX,2001,85000,86000,Petrol,Individual,Manual,Second Owner
Maruti Omni LPG STD BSIV,2006,60000,135000,LPG,Individual,Manual,Fourth & Above Owner
Maruti Zen D PS,2003,110000,120000,Diesel,Individual,Manual,Third Owner
Hyundai Santro Xing GLS,2008,190000,70000,Petrol,Individual,Manual,Third Owner
Maruti Alto 800 LXI,2015,114999,35000,Petrol,Individual,Manual,First Owner
Chevrolet Aveo U-VA 1.2 LT,2008,114999,70000,Petrol,Individual,Manual,Third Owner
Maruti Wagon R VXI,2000,105000,80000,Petrol,Individual,Manual,First Owner
Hyundai Santro Xing XO,2007,80000,58000,Petrol,Dealer,Manual,Second Owner
Chevrolet Beat Diesel,2012,160000,110000,Diesel,Individual,Manual,First Owner
Maruti Swift 1.3 VXI ABS,2006,95000,110000,Petrol,Individual,Manual,Third Owner
Maruti Alto LX,2008,65000,140000,Petrol,Individual,Manual,First Owner
Hyundai Getz 1.5 CRDi GVS,2008,110000,154000,Diesel,Individual,Manual,Third Owner
Hyundai EON Sportz,2012,150000,80000,Petrol,Individual,Manual,First Owner
Maruti Zen D PS,2003,75000,110000,Diesel,Individual,Manual,Second Owner
Chevrolet Beat LS,2010,99000,60000,Petrol,Individual,Manual,Second Owner
Tata Indigo GLX,2006,75000,40000,Petrol,Individual,Manual,Second Owner
Fiat Grande Punto Active (Diesel),2009,125000,95000,Diesel,Individual,Manual,Second Owner
Chevrolet Aveo U-VA 1.2 LS,2009,130000,87293,Petrol,Dealer,Manual,First Owner
Hyundai EON 1.0 Kappa Magna Plus,2015,170000,80000,Petrol,Individual,Manual,Second Owner
Chevrolet Spark 1.0 LT,2011,130000,68519,Petrol,Dealer,Manual,First Owner
Chevrolet Beat Diesel LS,2012,180000,55130,Diesel,Dealer,Manual,First Owner
Maruti Zen VXI,2000,100000,120000,Petrol,Individual,Manual,First Owner
Maruti Wagon R LXI Minor,2007,160000,80000,Petrol,Individual,Manual,Second Owner
Tata Indigo TDI,2013,182000,100000,Diesel,Individual,Manual,First Owner
Mahindra Jeep MM 550 XDB,2002,150000,50000,Diesel,Individual,Manual,Third Owner
Maruti Alto STD,2008,80000,100000,Petrol,Individual,Manual,Second Owner
Maruti Esteem Lxi,2005,60000,60000,Petrol,Individual,Manual,Third Owner
Maruti Alto LX,2007,70000,120000,Petrol,Individual,Manual,Third Owner
Maruti Alto LXi BSIII,2006,135000,90000,Petrol,Individual,Manual,Third Owner
Maruti Alto LXi,2006,150000,75118,Petrol,Individual,Manual,Second Owner
Chevrolet Optra 1.6,2006,120000,79000,Petrol,Dealer,Manual,Fourth & Above Owner
Ford Ikon 1.6 ZXI NXt,2005,20000,25000,Petrol,Individual,Manual,Second Owner
Hyundai Santro Xing GL Plus,2008,120000,41723,Petrol,Individual,Manual,Second Owner
Ford Ikon 1.3 Flair,2005,61000,4637,Petrol,Individual,Manual,Second Owner
Tata Indica Vista Aqua 1.3 Quadrajet,2009,85000,120000,Diesel,Individual,Manual,Second Owner
Maruti Swift Vdi BSIII,2009,180000,220000,Diesel,Individual,Manual,First Owner
Fiat Grande Punto Active (Diesel),2009,125000,95000,Diesel,Individual,Manual,Second Owner
Fiat Punto 1.3 Active,2010,99000,80000,Diesel,Individual,Manual,Second Owner
Hyundai i10 Sportz 1.2,2010,125000,60000,Petrol,Individual,Manual,Third Owner
Maruti 800 Std BSIII,2003,60000,50000,Petrol,Individual,Manual,First Owner
Maruti Alto LX,2004,80000,120000,Petrol,Individual,Manual,First Owner
Maruti Alto LXi,2008,114999,30000,Petrol,Individual,Manual,First Owner
Maruti Alto LXi BSIII,2008,105000,30000,Petrol,Individual,Manual,Second Owner
Maruti Alto LXi,2011,135000,78000,Petrol,Individual,Manual,First Owner
Maruti Wagon R VXI BS IV,2011,170000,40000,Petrol,Individual,Manual,Second Owner
Hyundai Getz 1.3 GLS,2008,110000,110000,Petrol,Individual,Manual,Second Owner
Tata Indigo LX Dicor,2009,130000,50000,Diesel,Individual,Manual,First Owner
Tata Nano Lx,2010,40000,90000,Petrol,Individual,Manual,First Owner
Maruti Eeco 5 STR With AC Plus HTR CNG,2010,170000,80000,CNG,Individual,Manual,Fourth & Above Owner
Hyundai Santro GS,2005,80000,56580,Petrol,Dealer,Manual,First Owner
Tata Indica GLS BS IV,2008,80000,90000,Petrol,Individual,Manual,Second Owner
Hyundai EON Sportz,2012,150000,55766,Petrol,Individual,Manual,Second Owner
Maruti Alto LXi,2006,100000,80000,Petrol,Individual,Manual,First Owner
Maruti Wagon R LXI,2001,70000,117000,Petrol,Individual,Manual,Second Owner
Maruti Alto LX,2004,100000,70000,Petrol,Individual,Manual,First Owner
Maruti Wagon R LXI Minor,2009,165000,76000,Petrol,Individual,Manual,Second Owner
Chevrolet Beat Diesel LT,2013,195000,46000,Diesel,Individual,Manual,First Owner
Maruti Zen LX,1999,75000,70000,Petrol,Individual,Manual,First Owner
Hyundai Accent CRDi,2005,100000,120000,Diesel,Individual,Manual,Second Owner
Maruti Esteem Lxi - BSIII,2006,90000,90000,Petrol,Individual,Manual,First Owner
Maruti Zen LX,2001,62000,70000,Petrol,Individual,Manual,First Owner
Fiat Linea Emotion,2010,170000,100000,Petrol,Individual,Manual,First Owner
Ford Figo Diesel Titanium,2011,190000,110000,Diesel,Individual,Manual,Second Owner
Ford Figo Diesel Titanium,2011,150000,100000,Diesel,Individual,Manual,Second Owner
Maruti Zen Estilo LXI BS IV,2009,125000,65000,Petrol,Individual,Manual,First Owner
Maruti Wagon R LXI DUO BSIII,2007,100000,70000,LPG,Individual,Manual,Third Owner
Tata Indica Vista Quadrajet VX,2012,130000,185000,Diesel,Individual,Manual,Second Owner
Mahindra Scorpio 1.99 S10,2015,150000,55000,Diesel,Individual,Manual,Second Owner
Maruti Alto LXi,2007,75000,40000,Petrol,Individual,Manual,Second Owner
Tata Indigo TDI,2013,125000,125000,Diesel,Individual,Manual,First Owner
Tata Indigo GLS,2011,80000,62000,Petrol,Individual,Manual,Second Owner
Nissan Micra Diesel XV,2011,199000,120000,Diesel,Individual,Manual,Second Owner
Hyundai Getz GLS ABS,2005,71000,22000,Petrol,Individual,Manual,First Owner
Maruti Alto LXi BSIII,2008,130000,40000,Petrol,Individual,Manual,Second Owner
Tata Nano Std BSII,2009,35000,50000,Petrol,Individual,Manual,Third Owner
Tata Indica Vista TDI LX,2011,125000,120000,Diesel,Individual,Manual,Second Owner
Maruti Omni BSIII 8-STR W/ IMMOBILISER,2008,150000,50000,Petrol,Individual,Manual,Second Owner
Maruti Esteem Vxi - BSIII,2006,85000,60000,Petrol,Individual,Manual,Second Owner
Hyundai Santro Xing XG,2005,140000,80000,Petrol,Individual,Manual,Third Owner
Ambassador Classic 2000 Dsz,2002,50000,120000,Diesel,Individual,Manual,Fourth & Above Owner
Chevrolet Spark 1.0 LT Option Pack w/ Airbag,2013,165000,53000,Petrol,Dealer,Manual,First Owner
Maruti Zen Estilo LXI BSIII,2008,105000,40000,Petrol,Individual,Manual,First Owner
Maruti Wagon R VXI Optional,2015,190000,120000,Petrol,Individual,Manual,First Owner
Maruti Alto LXi,2012,150000,50000,Petrol,Individual,Manual,First Owner
Maruti Zen LX,1999,70000,70000,Petrol,Individual,Manual,Fourth & Above Owner
Maruti 800 Std,1998,55000,80000,Petrol,Individual,Manual,Fourth & Above Owner
Chevrolet Optra Magnum 2.0 LT,2011,170000,150000,Diesel,Individual,Manual,Second Owner
Hyundai Santro Xing GLS,2010,155000,90000,Petrol,Individual,Manual,Fourth & Above Owner
Tata Indigo GLX,2008,150000,50000,Petrol,Individual,Manual,Third Owner
Hyundai Santro LP zipPlus,2002,80000,70000,Petrol,Individual,Manual,Second Owner
Maruti SX4 ZXI AT,2009,130000,120000,Petrol,Individual,Automatic,Second Owner
Tata Nano Lx BSIV,2010,75000,58850,Petrol,Dealer,Manual,First Owner
Tata Indica Vista Quadrajet LX,2012,150000,110000,Diesel,Individual,Manual,First Owner
Hyundai Santro GS,2006,100000,120000,Petrol,Individual,Manual,Second Owner
Maruti Swift VXi BSIV,2008,150000,100000,Petrol,Individual,Manual,Second Owner
Maruti Alto LX,2006,90000,60000,Petrol,Individual,Manual,Second Owner
Maruti Zen Estilo Sports,2009,180000,41090,Petrol,Individual,Manual,First Owner
Maruti Zen Estilo LXI Green (CNG),2010,145000,68000,CNG,Individual,Manual,Second Owner
Maruti Swift 1.3 VXi,2008,150000,60000,Petrol,Individual,Manual,Second Owner
Hyundai Santro Xing XG,2004,80000,58000,Petrol,Individual,Manual,First Owner
Tata Indica GLS BS IV,2009,68000,120000,Petrol,Individual,Manual,Second Owner
Tata Manza ELAN Quadrajet BS IV,2011,180000,80000,Diesel,Individual,Manual,Third Owner
Hyundai i10 Sportz 1.2,2008,150000,30000,Petrol,Individual,Manual,First Owner
Ford Fiesta 1.4 ZXi TDCi ABS,2009,110000,100000,Diesel,Individual,Manual,Fourth & Above Owner
Maruti Alto 800 LXI,2014,180000,56207,Petrol,Dealer,Manual,Second Owner
Maruti Zen LXI,2006,80000,70000,Petrol,Individual,Manual,First Owner
Maruti Zen Estilo VXI BSIV,2010,130000,50000,Petrol,Individual,Manual,Second Owner
Tata New Safari DICOR 2.2 EX 4x2,2009,150000,120000,Diesel,Individual,Manual,Third Owner
Maruti Omni CNG,2007,45000,100000,CNG,Individual,Manual,Fourth & Above Owner
Chevrolet Spark 1.0 LS,2012,134000,90000,Petrol,Individual,Manual,Second Owner
Maruti Zen Estilo 1.1 LXI BSIII,2008,130000,80000,Petrol,Individual,Manual,Fourth & Above Owner
Tata Indica Vista Terra TDI BSIII,2009,145000,89255,Diesel,Individual,Manual,First Owner
Chevrolet Beat Diesel,2012,160000,90000,Diesel,Individual,Manual,Second Owner
Fiat Grande Punto 1.3 Dynamic (Diesel),2010,150000,63000,Diesel,Individual,Manual,Third Owner
Tata Indica Vista Aqua 1.4 TDI,2008,110000,90000,Diesel,Individual,Manual,Third Owner
Maruti Wagon R LXI Minor,2008,110000,70000,Petrol,Individual,Manual,Third Owner
Maruti Alto K10 VXI,2014,180000,100000,Petrol,Individual,Manual,Second Owner
Tata Indigo TDI,2010,150000,100000,Diesel,Individual,Manual,First Owner
Maruti 800 AC BSII,2004,55000,35000,Petrol,Individual,Manual,Third Owner
Maruti Alto STD,2009,72000,70000,Petrol,Individual,Manual,First Owner
Maruti Alto LXi,2012,180000,40000,Petrol,Individual,Manual,Second Owner
Mahindra Renault Logan 1.5 DLE Diesel,2007,125000,110000,Diesel,Individual,Manual,Second Owner
Ford Ikon 1.4 TDCi DuraTorq,2009,130000,100000,Diesel,Individual,Manual,Third Owner
Ford Fiesta 1.4 ZXi Leather,2007,100000,170000,Petrol,Individual,Manual,First Owner
Tata Nano Lx BSIV,2012,45000,35000,Petrol,Individual,Manual,Second Owner
Maruti Wagon R VXI BSII,2006,75000,80000,Petrol,Individual,Manual,Second Owner
Maruti Wagon R LXI Minor,2009,106000,70000,Petrol,Individual,Manual,First Owner
Hyundai Accent GLS 1.6 ABS,2006,90000,75000,Petrol,Individual,Manual,Third Owner
Ford Fiesta 1.4 ZXi TDCi ABS,2009,110000,100000,Diesel,Individual,Manual,Fourth & Above Owner
Hyundai Getz GLS,2007,95000,120000,Petrol,Individual,Manual,Fourth & Above Owner
Maruti A-Star Vxi,2009,110000,110000,Petrol,Individual,Manual,Fourth & Above Owner
Maruti Alto LXi,2008,100000,130000,Petrol,Individual,Manual,Fourth & Above Owner
Maruti Alto 800 LX,2016,150000,25000,Petrol,Individual,Manual,Second Owner
Ford Ikon 1.3 Flair,2005,50000,80000,Petrol,Individual,Manual,Third Owner
Chevrolet Aveo 1.4,2007,85000,70000,Petrol,Individual,Manual,Second Owner
Maruti Wagon R LXI,2005,70000,70000,Petrol,Individual,Manual,Second Owner
Skoda Laura Ambiente,2008,190000,120000,Diesel,Individual,Manual,Third Owner
Maruti Alto 800 LXI,2012,120000,50000,Petrol,Individual,Manual,First Owner
Maruti Alto LXi BSIII,2009,114999,90000,Petrol,Individual,Manual,Second Owner
Maruti Wagon R LXI,2005,90000,70000,Petrol,Individual,Manual,Second Owner
Maruti Alto LX,2006,150000,140300,Petrol,Individual,Manual,First Owner
Maruti Alto K10 2010-2014 VXI,2010,115999,70000,Petrol,Individual,Manual,First Owner
Maruti Wagon R LXI,2009,180000,30375,Petrol,Dealer,Manual,First Owner
Mahindra Scorpio 2.6 SLX Turbo 7 Seater,2005,120000,120000,Diesel,Individual,Manual,Third Owner
Ford Fiesta 1.6 Duratec EXI Ltd,2008,120000,80000,Petrol,Individual,Manual,Second Owner
Hyundai Santro Xing XK,2007,70000,55000,Petrol,Individual,Manual,Second Owner
Hyundai i10 Magna,2008,195000,56000,Petrol,Individual,Manual,Second Owner
Ford Fiesta Classic 1.4 SXI Duratorq,2007,130000,98000,Diesel,Individual,Manual,Second Owner
Maruti Alto VXi,2002,120000,60000,Petrol,Individual,Manual,Third Owner
Tata Indigo LS,2010,160000,102000,Diesel,Individual,Manual,Second Owner
Maruti 800 AC,2013,100000,80000,Petrol,Individual,Manual,First Owner
Maruti Wagon R LXI,2008,175000,54551,Petrol,Dealer,Manual,First Owner
Tata Nano LX SE,2012,95000,20778,Petrol,Dealer,Manual,First Owner
Tata Nano Twist XE,2014,140000,44416,Petrol,Dealer,Manual,First Owner
OpelCorsa 1.4 GL,2002,35000,100000,Petrol,Individual,Manual,Third Owner
Maruti 800 AC,2004,40000,69111,Petrol,Individual,Manual,Third Owner
Maruti 800 AC,2007,80000,120000,Petrol,Individual,Manual,First Owner
Tata Nano CX,2014,55000,40000,Petrol,Individual,Manual,First Owner
Mahindra Bolero DI DX 7 Seater,2001,80000,100000,Diesel,Individual,Manual,Third Owner
Tata Indica Vista Aqua TDI BSIII,2008,80000,90000,Diesel,Individual,Manual,First Owner
Tata Indica Vista Aqua 1.4 TDI,2010,125000,81000,Diesel,Individual,Manual,Second Owner
Maruti 800 Std,1998,40000,40000,Petrol,Individual,Manual,Fourth & Above Owner
Chevrolet Spark 1.0 LS,2012,130000,80000,Petrol,Individual,Manual,First Owner
Tata Indica Vista Aqua TDI BSIII,2011,120000,70000,Diesel,Individual,Manual,First Owner
Hyundai Santro LP zipPlus,2003,75000,57000,Petrol,Individual,Manual,First Owner
Maruti 800 AC BSIII,2005,100000,30000,Petrol,Individual,Manual,First Owner
Ford Ikon 1.3 Flair,2005,61000,4637,Petrol,Individual,Manual,Second Owner
Chevrolet Beat Diesel LT,2012,150000,60000,Diesel,Individual,Manual,First Owner
Tata Indica Vista Quadrajet LX,2011,133000,80000,Diesel,Individual,Manual,First Owner
Chevrolet Beat Diesel LS,2013,130000,93900,Diesel,Individual,Manual,Second Owner
Maruti 800 AC,2007,60000,70000,Petrol,Individual,Manual,First Owner
Mahindra Scorpio 2.6 SLX Turbo 7 Seater,2005,120000,120000,Diesel,Individual,Manual,Third Owner
Hyundai Accent CRDi,2005,100000,120000,Diesel,Individual,Manual,Second Owner
Maruti Zen VXi - BS III,2004,79000,80000,Petrol,Individual,Manual,First Owner
Chevrolet Beat Diesel LS,2012,120000,110000,Diesel,Individual,Manual,First Owner
Maruti Zen LXi - BS III,2005,125000,34000,Petrol,Dealer,Manual,First Owner
Maruti Wagon R LXI,2001,70000,117000,Petrol,Individual,Manual,Second Owner
Tata Indica GLS BS IV,2008,70000,60000,Petrol,Individual,Manual,First Owner
Maruti Wagon R VXI Minor,2010,170000,70000,Petrol,Individual,Manual,First Owner
Tata Nano Twist XT,2015,82000,19000,Petrol,Individual,Manual,First Owner
Maruti Alto 800 LXI,2014,190000,90000,Petrol,Individual,Manual,Second Owner
Maruti 800 AC,2008,90000,70000,Petrol,Individual,Manual,Third Owner
Hyundai Santro LE zipPlus,2001,68000,70000,Petrol,Individual,Manual,First Owner
Maruti Alto LX,2007,100000,52000,Petrol,Individual,Manual,Second Owner
Tata Indigo LX Dicor,2008,70000,100000,Diesel,Individual,Manual,Third Owner
Tata Indigo LS,2012,150000,90000,Diesel,Individual,Manual,First Owner
Hyundai i10 Magna 1.1,2008,120000,90000,Petrol,Individual,Manual,First Owner
Tata Xenon XT EX 4X4,2010,150000,70000,Diesel,Individual,Manual,Second Owner
Maruti 800 AC BSII,1992,50000,100000,Petrol,Individual,Manual,Fourth & Above Owner
Maruti Wagon R VXI Minor,2007,80000,60000,Petrol,Individual,Manual,Third Owner
Tata Indigo GLE BSIII,2008,110000,42000,Petrol,Dealer,Manual,First Owner
Maruti Swift 1.3 LXI,2007,73000,80000,Petrol,Individual,Manual,Second Owner
Chevrolet Beat PS,2014,170000,77000,Petrol,Individual,Manual,First Owner
Tata Indigo GLS,2008,130000,120000,Petrol,Individual,Manual,First Owner
Maruti Swift 1.3 LXI,2007,73000,80000,Petrol,Individual,Manual,Second Owner
Hyundai Santro Xing GLS,2007,85000,85000,Petrol,Individual,Manual,Second Owner
Honda City 1.3 EXI,1998,85000,120000,Petrol,Individual,Manual,Second Owner
Chevrolet Spark 1.0,2010,78692,80000,Petrol,Individual,Manual,Second Owner
Tata Indica GLS BS IV,2008,95000,120000,Petrol,Individual,Manual,Third Owner
Hyundai EON LPG Magna Plus,2012,170000,170000,LPG,Individual,Manual,Third Owner
Maruti 800 Std,1999,45000,50000,Petrol,Individual,Manual,Third Owner
Hyundai Santro LE zipPlus,2003,48000,50000,Petrol,Individual,Manual,Fourth & Above Owner
Tata Nano Twist XE,2015,100000,23800,Petrol,Individual,Manual,Second Owner
Maruti Wagon R Duo Lxi,2010,120000,90000,LPG,Individual,Manual,Second Owner
Hyundai i10 Era,2008,125000,102000,Petrol,Individual,Manual,Second Owner
Hyundai EON Era Plus,2013,160000,80000,Petrol,Individual,Manual,First Owner
Maruti Alto 800 LXI,2019,190000,5000,Petrol,Individual,Manual,First Owner
Ford Figo Diesel Titanium,2010,105000,90000,Diesel,Individual,Manual,Third Owner
Maruti Alto LXi,2009,150000,40000,Petrol,Individual,Manual,First Owner
Hyundai i10 Era 1.1,2008,125000,60000,Petrol,Individual,Manual,First Owner
Maruti Wagon R LX Minor,2007,100000,100000,Petrol,Individual,Manual,First Owner
Maruti Wagon R LX BSIII,2007,100000,110000,Petrol,Individual,Manual,First Owner
Maruti Zen VXi - BS III,2004,121000,110000,Petrol,Individual,Manual,Second Owner
Maruti Wagon R LX,2003,60000,100000,Petrol,Individual,Manual,Second Owner
Maruti Zen Estilo VXI BSIV,2010,130000,50000,Petrol,Individual,Manual,Second Owner
Maruti SX4 ZXI MT BSIV,2011,150000,160000,Petrol,Individual,Manual,Second Owner
Chevrolet Beat Diesel LT,2013,173000,70000,Diesel,Individual,Manual,First Owner
Maruti 800 AC BSIII,2008,58000,70000,Petrol,Individual,Manual,Second Owner
Maruti Swift LXi BSIV,2009,120000,83000,Petrol,Individual,Manual,Second Owner
Hyundai Verna i (Petrol),2007,123000,50000,Petrol,Individual,Manual,Second Owner
Maruti Wagon R LXI Minor,2007,130000,60000,Petrol,Individual,Manual,Third Owner
Tata Indica Vista Aqua 1.4 TDI,2010,110000,90000,Diesel,Individual,Manual,Second Owner
Maruti Wagon R LXI CNG,2011,160000,60000,CNG,Individual,Manual,Second Owner
Chevrolet Beat LT,2010,130000,80000,Petrol,Individual,Manual,Second Owner
Tata Indigo CR4,2010,150000,80000,Diesel,Individual,Manual,Second Owner
Hyundai Santro Xing XG,2004,80000,58000,Petrol,Individual,Manual,First Owner
Hyundai Santro Xing GLS,2012,193000,45000,Petrol,Individual,Manual,Second Owner
Maruti Wagon R LXI Minor,2008,150000,50000,Petrol,Individual,Manual,First Owner
Maruti 800 AC,2002,80000,40000,Petrol,Individual,Manual,Fourth & Above Owner
Ford Figo Diesel EXI,2010,130000,100000,Diesel,Individual,Manual,Third Owner
Maruti Zen Estilo VXI BSIII,2008,80000,120000,Petrol,Individual,Manual,First Owner
Tata Nano Cx BSIII,2010,70000,10000,Petrol,Individual,Manual,First Owner
Hyundai Santro Xing XO,2006,80000,110000,Petrol,Individual,Manual,First Owner
Maruti Zen Estilo LXI BS IV,2009,140000,120000,Petrol,Individual,Manual,First Owner
Hyundai Santro Xing XL eRLX Euro III,2006,100000,60000,Petrol,Dealer,Manual,Second Owner
Maruti Alto LX,2008,140000,54000,Petrol,Dealer,Manual,First Owner
Maruti Zen LXI,1998,80000,120000,Petrol,Individual,Manual,Second Owner
Mahindra Verito 1.5 D2 BSIII,2011,175000,175000,Diesel,Individual,Manual,First Owner
Mahindra Scorpio 2.6 CRDe,2006,180000,222435,Diesel,Individual,Manual,Second Owner
Ford Fiesta 1.4 ZXi Duratec,2010,150000,110000,Petrol,Individual,Manual,First Owner
Maruti Esteem AX,1997,79000,70000,Petrol,Individual,Automatic,First Owner
Ford Fiesta Classic 1.4 SXI Duratorq,2006,110000,101100,Diesel,Individual,Manual,Third Owner
Tata Indica Vista Aqua 1.3 Quadrajet BSIV,2011,180000,66000,Diesel,Individual,Manual,First Owner
Tata Manza ELAN Quadrajet BS IV,2011,180000,80000,Diesel,Individual,Manual,Third Owner
Hyundai i10 Sportz AT,2011,180000,134444,Petrol,Individual,Automatic,Second Owner
Maruti Alto LXi,2009,78000,120000,Petrol,Individual,Manual,Second Owner
Nissan Micra Diesel XV Premium,2011,160000,120000,Diesel,Individual,Manual,First Owner
Maruti Wagon R LXI Minor,2008,110000,100000,Petrol,Individual,Manual,Second Owner
Honda City 1.3 DX,2003,120000,165000,Petrol,Individual,Manual,Second Owner
Tata Nano Lx BSIII,2011,65000,60000,Petrol,Individual,Manual,Second Owner
Maruti 800 AC Uniq,2009,110000,30000,Petrol,Individual,Manual,Second Owner
Maruti Zen LX,1998,42000,70000,Petrol,Individual,Manual,Third Owner
Maruti Zen LX,1998,42000,70000,Petrol,Individual,Manual,Third Owner
Fiat Linea Active (Diesel),2011,190000,80000,Diesel,Individual,Manual,Third Owner
Fiat Punto 1.4 Emotion,2010,165000,100000,Petrol,Individual,Manual,Fourth & Above Owner
Maruti 800 AC,2006,100000,54000,Petrol,Individual,Manual,First Owner
Hyundai Verna CRDi,2009,160000,90000,Diesel,Individual,Manual,First Owner
Maruti 800 AC BSIII,2007,60000,52000,Petrol,Individual,Manual,First Owner
Tata Indigo LS,2012,100000,200000,Diesel,Individual,Manual,Third Owner
Tata Indigo LX Dicor,2009,130000,50000,Diesel,Individual,Manual,First Owner
Maruti Zen Estilo 1.1 LXI BSIII,2007,120000,81366,Petrol,Individual,Manual,First Owner
Maruti Esteem Vxi - BSIII,2006,95000,110000,Petrol,Individual,Manual,First Owner
Ford Fiesta 1.4 SXi TDCi,2009,80000,180000,Diesel,Individual,Manual,Second Owner
Maruti 800 AC,2008,80000,50000,Petrol,Individual,Manual,Second Owner
Maruti Esteem Vxi,2007,100000,90000,Petrol,Individual,Manual,Second Owner
Maruti 800 Std,1997,50000,80000,Petrol,Individual,Manual,Second Owner
Tata Indica Vista Aura 1.2 Safire,2009,120000,80000,Petrol,Individual,Manual,Second Owner
Tata Indica Vista Terra Quadrajet 1.3L BS IV,2010,85000,87000,Diesel,Individual,Manual,First Owner
Tata Indica Vista Terra 1.4 TDI,2011,90000,80000,Diesel,Individual,Manual,First Owner
Maruti Swift Dzire VDI,2014,185000,40000,Diesel,Individual,Manual,Third Owner
Hyundai i10 Magna 1.1,2008,100000,60000,Petrol,Individual,Manual,Second Owner
Tata Indigo CR4,2012,135000,158000,Diesel,Individual,Manual,Third Owner
Maruti Omni MPI STD BSIV,2015,130000,70000,Petrol,Individual,Manual,First Owner
Chevrolet Spark 1.0 LT,2010,180000,15000,Petrol,Individual,Manual,First Owner
Chevrolet Beat LS,2011,150000,60000,Petrol,Individual,Manual,Third Owner
Chevrolet Aveo U-VA 1.2,2007,80000,110000,Petrol,Individual,Manual,Second Owner
Maruti Wagon R LXI CNG,2010,195000,80000,CNG,Individual,Manual,Second Owner
Maruti Alto 800 LXI,2014,180000,61000,Petrol,Individual,Manual,First Owner
Maruti Wagon R VXI Minor,2009,145000,50000,Petrol,Individual,Manual,Second Owner
Maruti Alto LXi,2007,95000,85000,Petrol,Individual,Manual,Second Owner
Maruti 800 AC,2006,55000,70000,Petrol,Individual,Manual,Second Owner
Ford Figo Diesel Titanium,2011,150000,120000,Diesel,Individual,Manual,Second Owner
Hyundai EON 1.0 Kappa Magna Plus,2015,160000,70000,Petrol,Individual,Manual,First Owner
Maruti A-Star AT VXI,2012,150000,70000,Petrol,Individual,Automatic,First Owner
Tata Indica GLS BS IV,2007,60000,130000,Petrol,Individual,Manual,Second Owner
Maruti Alto LXi,2006,60000,100000,Petrol,Individual,Manual,Second Owner
Hyundai Accent Executive CNG,2012,185000,67000,CNG,Dealer,Manual,Second Owner
Maruti Alto K10 VXI,2015,155000,60000,Petrol,Individual,Manual,First Owner
Maruti Wagon R LXI DUO BSIII,2007,70000,162000,LPG,Individual,Manual,First Owner
Maruti Alto LX,2010,120000,90000,Petrol,Individual,Manual,First Owner
Chevrolet Beat Diesel LT,2011,130000,80000,Diesel,Individual,Manual,Second Owner
Maruti Swift Dzire LXI Option,2014,150000,60000,Petrol,Individual,Manual,Second Owner
Maruti Swift Vdi BSIII,2008,120000,175000,Diesel,Individual,Manual,Second Owner
Maruti Alto LXi,2007,100000,70000,Petrol,Individual,Manual,First Owner
Ford Fiesta 1.5 TDCi Titanium,2012,199000,92000,Diesel,Dealer,Manual,Third Owner
Honda City 1.5 EXI,2004,125000,110000,Petrol,Individual,Manual,Third Owner
Chevrolet Spark 1.0 LS,2009,70000,60000,Petrol,Individual,Manual,Third Owner
Hyundai Santro Xing GLS,2009,120000,70000,Petrol,Individual,Manual,Fourth & Above Owner
Chevrolet Beat Diesel LT,2012,126000,98900,Diesel,Individual,Manual,Third Owner
Chevrolet Beat Diesel LT,2012,120000,125000,Diesel,Individual,Manual,First Owner
Maruti Zen Estilo LXI Green (CNG),2010,110000,80000,CNG,Individual,Manual,Fourth & Above Owner
Maruti Zen LX,1999,70000,70000,Petrol,Individual,Manual,Fourth & Above Owner
Hyundai Santro Xing XL eRLX Euro III,2005,114999,90000,Petrol,Dealer,Manual,Second Owner
Maruti 800 AC,1999,50000,100000,Petrol,Individual,Manual,Second Owner
Chevrolet Aveo U-VA 1.2 LS,2008,160000,80000,Petrol,Individual,Manual,First Owner
Maruti Zen Estilo 1.1 LXI BSIII,2007,160000,90000,Petrol,Individual,Manual,Second Owner
Chevrolet Spark 1.0 LT,2012,125000,28000,Petrol,Individual,Manual,First Owner
Maruti Alto LX,2000,61000,90000,Petrol,Individual,Manual,Second Owner
Hyundai Santro Xing XS,2009,150000,100000,Petrol,Individual,Manual,Second Owner
Hyundai Getz GLX,2007,110000,90000,Petrol,Individual,Manual,First Owner
Tata Indica GLS BS IV,2010,90000,300000,Petrol,Individual,Manual,Third Owner
Hyundai Santro LS zipPlus,2003,100000,60000,Petrol,Individual,Manual,First Owner
Maruti Wagon R LXI,2004,70000,90000,Petrol,Individual,Manual,Fourth & Above Owner
Honda City 1.3 EXI,2002,145000,100000,Petrol,Individual,Manual,First Owner
Maruti Alto LX BSIII,2008,85000,120000,Petrol,Individual,Manual,Second Owner
Maruti Alto LXi,2011,150000,40000,Petrol,Individual,Manual,Second Owner
Ambassador CLASSIC 1500 DSL AC,2005,120000,50000,Diesel,Individual,Manual,Second Owner
Maruti 800 AC Uniq,2005,65000,70000,Petrol,Individual,Manual,Second Owner
Mahindra Renault Logan 1.5 DLX Diesel,2007,150000,90000,Diesel,Individual,Manual,Third Owner
Maruti Alto LXi,2011,175000,60000,Petrol,Individual,Manual,Third Owner
Maruti 800 Std,2003,50000,78098,Petrol,Individual,Manual,First Owner
Hyundai Santro Xing GL,2008,145000,67000,Petrol,Individual,Manual,First Owner
Tata Indigo CS eLS BS IV,2011,180000,120000,Diesel,Individual,Manual,First Owner
Hyundai Accent CRDi,2004,120000,120000,Diesel,Individual,Manual,Second Owner
Maruti Alto LXi BSIII,2010,190000,73350,Petrol,Dealer,Manual,First Owner
Ford Figo Diesel Titanium,2012,175000,180000,Diesel,Individual,Manual,First Owner
Fiat Palio 1.2 Sport,2007,125000,50000,Petrol,Individual,Manual,Second Owner
Tata Manza Aqua Quadrajet BS IV,2010,165000,80000,Diesel,Individual,Manual,First Owner
Mahindra Verito 1.5 D2 BSIII,2011,150000,280000,Diesel,Individual,Manual,First Owner
Maruti Zen LX,2000,85000,80000,Petrol,Individual,Manual,Second Owner
Maruti Alto LXi BSIII,2010,190000,52000,Petrol,Individual,Manual,Second Owner
Maruti Zen LX,2001,93000,97000,Petrol,Individual,Manual,Fourth & Above Owner
Tata Indica GLS BS IV,2010,75000,300000,Petrol,Individual,Manual,Third Owner
Maruti Wagon R LXI,2004,70000,90000,Petrol,Individual,Manual,Fourth & Above Owner
Honda City 1.3 EXI,2002,145000,100000,Petrol,Individual,Manual,First Owner
Maruti Alto LX BSIII,2008,85000,120000,Petrol,Individual,Manual,Second Owner
Maruti Alto LXi,2011,150000,40000,Petrol,Individual,Manual,Second Owner
Ambassador CLASSIC 1500 DSL AC,2005,120000,50000,Diesel,Individual,Manual,Second Owner
Maruti 800 AC Uniq,2005,65000,70000,Petrol,Individual,Manual,Second Owner
Toyota Corolla H2,2005,175000,100000,Petrol,Individual,Manual,Fourth & Above Owner
Maruti Zen LX - BS III,2006,70000,105700,Petrol,Individual,Manual,First Owner
Chevrolet Spark 1.0,2010,80000,70000,Petrol,Individual,Manual,First Owner
Maruti Esteem Lxi - BSIII,2005,80000,24000,Petrol,Individual,Manual,First Owner
Tata Indigo TDI,2009,100000,120000,Diesel,Individual,Manual,Third Owner
Maruti Wagon R LXI Minor,2008,120000,110000,Petrol,Individual,Manual,Third Owner
Tata Indica Vista Quadrajet LS,2012,120000,140000,Diesel,Individual,Manual,First Owner
Ford Figo Petrol ZXI,2012,130000,30000,Petrol,Individual,Manual,Third Owner
Chevrolet Sail 1.2 Base,2014,170000,100000,Petrol,Individual,Manual,Second Owner
Hyundai Santro Xing GLS,2009,140000,100000,Petrol,Individual,Manual,Third Owner
Maruti Esteem Lxi,2004,45000,60000,Petrol,Individual,Manual,First Owner
Maruti 800 AC,2009,120000,250000,Petrol,Individual,Manual,Second Owner
Maruti Alto LXi,2008,69000,100000,Petrol,Individual,Manual,First Owner
Tata Indica Vista Quadrajet LS,2012,120000,140000,Diesel,Individual,Manual,First Owner
Hyundai Verna SX,2007,155000,65000,Petrol,Dealer,Manual,First Owner
Hyundai Verna i (Petrol),2007,123000,50000,Petrol,Individual,Manual,Second Owner
Hyundai Santro Xing XO,2006,80000,110000,Petrol,Individual,Manual,First Owner
Tata Indica Vista Aqua 1.2 Safire BSIV,2010,97000,128000,Petrol,Individual,Manual,First Owner
Tata Indigo CR4,2012,130000,120000,Diesel,Individual,Manual,First Owner
Maruti Swift 1.3 VXi,2009,199000,52536,Petrol,Individual,Manual,First Owner
Maruti Ritz VXI,2009,150000,80000,Petrol,Individual,Manual,First Owner
Maruti Zen LXI,2003,70000,60000,Petrol,Individual,Manual,Fourth & Above Owner
Mahindra Scorpio 2.6 CRDe,2006,125000,50000,Diesel,Individual,Manual,Second Owner
Hyundai Santro Xing XS,2008,150000,90000,Petrol,Individual,Manual,Second Owner
Tata Indica LSI,2005,51111,140000,Petrol,Individual,Manual,Third Owner
Hyundai Accent Executive CNG,2010,140000,110000,CNG,Individual,Manual,First Owner
Skoda Octavia Ambiente 1.9 TDI MT,2002,90000,116000,Diesel,Individual,Manual,Second Owner
Maruti Wagon R LXI Minor,2009,180000,30000,Petrol,Individual,Manual,First Owner
Tata Nano Cx BSIII,2014,45000,7000,Petrol,Individual,Manual,Second Owner
Tata Indigo LX,2012,125000,120000,Diesel,Individual,Manual,First Owner
Maruti Alto LX,2011,135000,50000,Petrol,Individual,Manual,First Owner
Maruti Wagon R LXI Minor,2007,140000,49000,Petrol,Dealer,Manual,First Owner
Maruti SX4 Zxi BSIII,2007,160000,80000,Petrol,Individual,Manual,Third Owner
Hyundai EON Era Plus,2013,170000,80000,Petrol,Individual,Manual,Third Owner
Toyota Qualis FS B3,2001,150000,256000,Diesel,Dealer,Manual,First Owner
Hyundai Santro Xing XG AT,2004,125000,70000,Petrol,Individual,Automatic,Second Owner
Tata Indica V2 DLS BSII,2010,75000,100000,Diesel,Individual,Manual,Third Owner
Tata Sumo GX TC 7 Str BSIII,2006,115999,100000,Diesel,Individual,Manual,Second Owner
Honda City 1.5 GXI,2007,190000,115000,Petrol,Dealer,Manual,Second Owner
Tata Sumo GX TC 7 Str BSIII,2006,115999,100000,Diesel,Individual,Manual,Second Owner
Honda City 1.5 GXI,2007,190000,115000,Petrol,Dealer,Manual,Second Owner
Hyundai Santro Xing XS eRLX Euro III,2006,145000,52000,Petrol,Individual,Manual,Second Owner
Maruti Alto LXI,2005,100000,124000,Petrol,Individual,Manual,Second Owner
Fiat Punto 1.3 Emotion,2010,130000,210000,Diesel,Individual,Manual,Second Owner
Hyundai Santro AT,2006,145000,66000,Petrol,Individual,Automatic,Second Owner
Maruti Alto LX BSIII,2008,110000,120000,Petrol,Individual,Manual,Third Owner
Maruti 800 Std,2004,37500,90000,Petrol,Individual,Manual,Second Owner
Hyundai Santro GS,2005,80000,56580,Petrol,Dealer,Manual,First Owner
Hyundai Santro Xing XG,2005,70000,68500,Petrol,Dealer,Manual,First Owner
Nissan Micra Active XV S,2013,164000,30000,Petrol,Individual,Manual,First Owner
Honda City 1.5 V AT,2008,140000,70000,Petrol,Individual,Automatic,First Owner
Maruti Alto LXI,2005,56000,23000,Petrol,Individual,Manual,Second Owner
Hyundai Verna 1.6 VTVT,2010,190000,38000,Petrol,Dealer,Manual,First Owner
Maruti Ritz VDi,2011,150000,40000,Diesel,Individual,Manual,Second Owner
Chevrolet Spark 1.0 LT BS3,2013,150000,60000,Petrol,Individual,Manual,Second Owner
Maruti Alto STD,2005,95000,50000,Petrol,Individual,Manual,Second Owner
Maruti Alto LX,2008,114999,66782,Petrol,Individual,Manual,Second Owner
Maruti Alto LX,2006,75000,130000,Petrol,Individual,Manual,First Owner
Maruti 800 AC,2014,195000,75000,Petrol,Individual,Manual,Second Owner
Maruti Alto 800 Base,2015,155000,40000,Petrol,Individual,Manual,First Owner
Maruti Alto LXi,2000,65000,90000,Petrol,Individual,Manual,Second Owner
Honda City 1.5 GXI,2005,65000,150000,Petrol,Individual,Manual,Third Owner
Tata Nano XM,2015,190000,60000,Petrol,Individual,Manual,Second Owner
Tata Manza Aura Safire BS IV,2010,160000,60000,Petrol,Individual,Manual,Second Owner
Tata Indica Vista Aqua 1.4 TDI,2010,150000,130000,Diesel,Individual,Manual,Second Owner
Maruti 800 AC BSIII,2009,110000,83000,Petrol,Individual,Manual,Second Owner
